{"level":"info","message":"Server running on port 3000 in development mode","service":"inventory-api","timestamp":"2026-06-25T16:02:53.468Z"}
{"level":"info","message":"API Docs: http://localhost:3000/api-docs","service":"inventory-api","timestamp":"2026-06-25T16:02:53.478Z"}
{"level":"info","message":"POST /api/auth/login - ::1","service":"inventory-api","timestamp":"2026-06-25T16:12:13.563Z"}
{"level":"info","message":"POST /api/auth/logout - ::1","service":"inventory-api","timestamp":"2026-06-25T16:12:13.688Z"}
{"level":"info","message":"POST /api/auth/logout - ::1","service":"inventory-api","timestamp":"2026-06-25T16:12:13.695Z"}
{"level":"info","message":"POST /api/auth/logout - ::1","service":"inventory-api","timestamp":"2026-06-25T16:12:13.704Z"}
{"level":"info","message":"POST /api/auth/logout - ::1","service":"inventory-api","timestamp":"2026-06-25T16:12:13.709Z"}
{"level":"info","message":"POST /api/auth/logout - ::1","service":"inventory-api","timestamp":"2026-06-25T16:12:13.715Z"}
{"level":"info","message":"POST /api/auth/logout - ::1","service":"inventory-api","timestamp":"2026-06-25T16:12:13.722Z"}
{"level":"info","message":"POST /api/auth/logout - ::1","service":"inventory-api","timestamp":"2026-06-25T16:12:13.729Z"}
{"level":"info","message":"POST /api/auth/logout - ::1","service":"inventory-api","timestamp":"2026-06-25T16:12:13.735Z"}
{"level":"info","message":"POST /api/auth/logout - ::1","service":"inventory-api","timestamp":"2026-06-25T16:12:13.742Z"}
{"level":"info","message":"POST /api/auth/logout - ::1","service":"inventory-api","timestamp":"2026-06-25T16:12:13.747Z"}
{"level":"info","message":"POST /api/auth/logout - ::1","service":"inventory-api","timestamp":"2026-06-25T16:12:13.751Z"}
{"level":"info","message":"POST /api/auth/logout - ::1","service":"inventory-api","timestamp":"2026-06-25T16:12:13.756Z"}
{"level":"info","message":"POST /api/auth/logout - ::1","service":"inventory-api","timestamp":"2026-06-25T16:12:13.760Z"}
{"level":"info","message":"POST /api/auth/logout - ::1","service":"inventory-api","timestamp":"2026-06-25T16:12:13.765Z"}
{"level":"info","message":"POST /api/auth/logout - ::1","service":"inventory-api","timestamp":"2026-06-25T16:12:13.769Z"}
{"level":"info","message":"POST /api/auth/logout - ::1","service":"inventory-api","timestamp":"2026-06-25T16:12:13.773Z"}
{"level":"info","message":"POST /api/auth/logout - ::1","service":"inventory-api","timestamp":"2026-06-25T16:12:13.779Z"}
{"level":"info","message":"POST /api/auth/logout - ::1","service":"inventory-api","timestamp":"2026-06-25T16:12:13.785Z"}
{"level":"info","message":"POST /api/auth/logout - ::1","service":"inventory-api","timestamp":"2026-06-25T16:12:13.790Z"}
{"level":"info","message":"POST /api/auth/logout - ::1","service":"inventory-api","timestamp":"2026-06-25T16:12:13.795Z"}
{"level":"info","message":"POST /api/auth/logout - ::1","service":"inventory-api","timestamp":"2026-06-25T16:12:13.802Z"}
{"level":"info","message":"POST /api/auth/logout - ::1","service":"inventory-api","timestamp":"2026-06-25T16:12:13.807Z"}
{"level":"info","message":"POST /api/auth/logout - ::1","service":"inventory-api","timestamp":"2026-06-25T16:12:13.812Z"}
{"level":"info","message":"POST /api/auth/logout - ::1","service":"inventory-api","timestamp":"2026-06-25T16:12:13.819Z"}
{"level":"info","message":"POST /api/auth/logout - ::1","service":"inventory-api","timestamp":"2026-06-25T16:12:13.825Z"}
{"level":"info","message":"POST /api/auth/logout - ::1","service":"inventory-api","timestamp":"2026-06-25T16:12:13.831Z"}
{"level":"info","message":"POST /api/auth/logout - ::1","service":"inventory-api","timestamp":"2026-06-25T16:12:13.836Z"}
{"level":"info","message":"POST /api/auth/logout - ::1","service":"inventory-api","timestamp":"2026-06-25T16:12:13.842Z"}
{"level":"info","message":"POST /api/auth/logout - ::1","service":"inventory-api","timestamp":"2026-06-25T16:12:13.848Z"}
{"level":"info","message":"POST /api/auth/logout - ::1","service":"inventory-api","timestamp":"2026-06-25T16:12:13.854Z"}
{"level":"info","message":"POST /api/auth/logout - ::1","service":"inventory-api","timestamp":"2026-06-25T16:12:13.860Z"}
{"level":"info","message":"POST /api/auth/logout - ::1","service":"inventory-api","timestamp":"2026-06-25T16:12:13.866Z"}
{"level":"info","message":"POST /api/auth/logout - ::1","service":"inventory-api","timestamp":"2026-06-25T16:12:13.872Z"}
{"level":"info","message":"POST /api/auth/logout - ::1","service":"inventory-api","timestamp":"2026-06-25T16:12:13.877Z"}
{"level":"info","message":"POST /api/auth/logout - ::1","service":"inventory-api","timestamp":"2026-06-25T16:12:13.883Z"}
{"level":"info","message":"POST /api/auth/logout - ::1","service":"inventory-api","timestamp":"2026-06-25T16:12:13.889Z"}
{"level":"info","message":"POST /api/auth/logout - ::1","service":"inventory-api","timestamp":"2026-06-25T16:12:13.895Z"}
{"level":"info","message":"POST /api/auth/logout - ::1","service":"inventory-api","timestamp":"2026-06-25T16:12:13.901Z"}
{"level":"info","message":"POST /api/auth/logout - ::1","service":"inventory-api","timestamp":"2026-06-25T16:12:13.907Z"}
{"level":"info","message":"POST /api/auth/logout - ::1","service":"inventory-api","timestamp":"2026-06-25T16:12:13.912Z"}
{"level":"info","message":"POST /api/auth/logout - ::1","service":"inventory-api","timestamp":"2026-06-25T16:12:13.919Z"}
{"level":"info","message":"POST /api/auth/logout - ::1","service":"inventory-api","timestamp":"2026-06-25T16:12:13.924Z"}
{"level":"info","message":"POST /api/auth/logout - ::1","service":"inventory-api","timestamp":"2026-06-25T16:12:13.930Z"}
{"level":"info","message":"POST /api/auth/logout - ::1","service":"inventory-api","timestamp":"2026-06-25T16:12:13.936Z"}
{"level":"info","message":"POST /api/auth/logout - ::1","service":"inventory-api","timestamp":"2026-06-25T16:12:13.942Z"}
{"level":"info","message":"POST /api/auth/logout - ::1","service":"inventory-api","timestamp":"2026-06-25T16:12:13.947Z"}
{"level":"info","message":"POST /api/auth/logout - ::1","service":"inventory-api","timestamp":"2026-06-25T16:12:13.953Z"}
{"level":"info","message":"POST /api/auth/logout - ::1","service":"inventory-api","timestamp":"2026-06-25T16:12:13.959Z"}
{"level":"info","message":"POST /api/auth/logout - ::1","service":"inventory-api","timestamp":"2026-06-25T16:12:13.964Z"}
{"level":"info","message":"POST /api/auth/logout - ::1","service":"inventory-api","timestamp":"2026-06-25T16:12:13.970Z"}
{"level":"info","message":"POST /api/auth/logout - ::1","service":"inventory-api","timestamp":"2026-06-25T16:12:13.975Z"}
{"level":"info","message":"POST /api/auth/logout - ::1","service":"inventory-api","timestamp":"2026-06-25T16:12:13.981Z"}
{"level":"info","message":"POST /api/auth/logout - ::1","service":"inventory-api","timestamp":"2026-06-25T16:12:13.987Z"}
{"level":"info","message":"POST /api/auth/logout - ::1","service":"inventory-api","timestamp":"2026-06-25T16:12:13.992Z"}
{"level":"info","message":"POST /api/auth/logout - ::1","service":"inventory-api","timestamp":"2026-06-25T16:12:13.998Z"}
{"level":"info","message":"POST /api/auth/logout - ::1","service":"inventory-api","timestamp":"2026-06-25T16:12:14.004Z"}
{"level":"info","message":"POST /api/auth/logout - ::1","service":"inventory-api","timestamp":"2026-06-25T16:12:14.009Z"}
{"level":"info","message":"POST /api/auth/logout - ::1","service":"inventory-api","timestamp":"2026-06-25T16:12:14.015Z"}
{"level":"info","message":"POST /api/auth/logout - ::1","service":"inventory-api","timestamp":"2026-06-25T16:12:14.021Z"}
{"level":"info","message":"POST /api/auth/logout - ::1","service":"inventory-api","timestamp":"2026-06-25T16:12:14.026Z"}
{"level":"info","message":"POST /api/auth/logout - ::1","service":"inventory-api","timestamp":"2026-06-25T16:12:14.031Z"}
{"level":"info","message":"POST /api/auth/logout - ::1","service":"inventory-api","timestamp":"2026-06-25T16:12:14.037Z"}
{"level":"info","message":"POST /api/auth/logout - ::1","service":"inventory-api","timestamp":"2026-06-25T16:12:14.042Z"}
{"level":"info","message":"POST /api/auth/logout - ::1","service":"inventory-api","timestamp":"2026-06-25T16:12:14.048Z"}
{"level":"info","message":"POST /api/auth/logout - ::1","service":"inventory-api","timestamp":"2026-06-25T16:12:14.054Z"}
{"level":"info","message":"POST /api/auth/logout - ::1","service":"inventory-api","timestamp":"2026-06-25T16:12:14.059Z"}
{"level":"info","message":"POST /api/auth/logout - ::1","service":"inventory-api","timestamp":"2026-06-25T16:12:14.065Z"}
{"level":"info","message":"POST /api/auth/logout - ::1","service":"inventory-api","timestamp":"2026-06-25T16:12:14.071Z"}
{"level":"info","message":"POST /api/auth/logout - ::1","service":"inventory-api","timestamp":"2026-06-25T16:12:14.077Z"}
{"level":"info","message":"POST /api/auth/logout - ::1","service":"inventory-api","timestamp":"2026-06-25T16:12:14.083Z"}
{"level":"info","message":"POST /api/auth/logout - ::1","service":"inventory-api","timestamp":"2026-06-25T16:12:14.089Z"}
{"level":"info","message":"POST /api/auth/logout - ::1","service":"inventory-api","timestamp":"2026-06-25T16:12:14.094Z"}
{"level":"info","message":"POST /api/auth/logout - ::1","service":"inventory-api","timestamp":"2026-06-25T16:12:14.101Z"}
{"level":"info","message":"POST /api/auth/logout - ::1","service":"inventory-api","timestamp":"2026-06-25T16:12:14.107Z"}
{"level":"info","message":"POST /api/auth/logout - ::1","service":"inventory-api","timestamp":"2026-06-25T16:12:14.112Z"}
{"level":"info","message":"POST /api/auth/logout - ::1","service":"inventory-api","timestamp":"2026-06-25T16:12:14.118Z"}
{"level":"info","message":"POST /api/auth/logout - ::1","service":"inventory-api","timestamp":"2026-06-25T16:12:14.124Z"}
{"level":"info","message":"POST /api/auth/logout - ::1","service":"inventory-api","timestamp":"2026-06-25T16:12:14.134Z"}
{"level":"info","message":"POST /api/auth/logout - ::1","service":"inventory-api","timestamp":"2026-06-25T16:12:14.145Z"}
{"level":"info","message":"POST /api/auth/logout - ::1","service":"inventory-api","timestamp":"2026-06-25T16:12:14.160Z"}
{"level":"info","message":"POST /api/auth/logout - ::1","service":"inventory-api","timestamp":"2026-06-25T16:12:14.175Z"}
{"level":"info","message":"POST /api/auth/logout - ::1","service":"inventory-api","timestamp":"2026-06-25T16:12:14.189Z"}
{"level":"info","message":"POST /api/auth/logout - ::1","service":"inventory-api","timestamp":"2026-06-25T16:12:14.199Z"}
{"level":"info","message":"POST /api/auth/logout - ::1","service":"inventory-api","timestamp":"2026-06-25T16:12:14.209Z"}
{"level":"info","message":"POST /api/auth/logout - ::1","service":"inventory-api","timestamp":"2026-06-25T16:12:14.216Z"}
{"level":"info","message":"POST /api/auth/logout - ::1","service":"inventory-api","timestamp":"2026-06-25T16:12:14.223Z"}
{"level":"info","message":"POST /api/auth/logout - ::1","service":"inventory-api","timestamp":"2026-06-25T16:12:14.228Z"}
{"level":"info","message":"POST /api/auth/logout - ::1","service":"inventory-api","timestamp":"2026-06-25T16:12:14.232Z"}
{"level":"info","message":"POST /api/auth/logout - ::1","service":"inventory-api","timestamp":"2026-06-25T16:12:14.238Z"}
{"level":"info","message":"POST /api/auth/logout - ::1","service":"inventory-api","timestamp":"2026-06-25T16:12:14.245Z"}
{"level":"info","message":"POST /api/auth/logout - ::1","service":"inventory-api","timestamp":"2026-06-25T16:12:14.253Z"}
{"level":"info","message":"POST /api/auth/logout - ::1","service":"inventory-api","timestamp":"2026-06-25T16:12:14.258Z"}
{"level":"info","message":"POST /api/auth/logout - ::1","service":"inventory-api","timestamp":"2026-06-25T16:12:14.261Z"}
{"level":"info","message":"POST /api/auth/logout - ::1","service":"inventory-api","timestamp":"2026-06-25T16:12:14.266Z"}
{"level":"info","message":"POST /api/auth/logout - ::1","service":"inventory-api","timestamp":"2026-06-25T16:12:14.270Z"}
{"level":"info","message":"POST /api/auth/logout - ::1","service":"inventory-api","timestamp":"2026-06-25T16:12:14.274Z"}
{"level":"info","message":"POST /api/auth/logout - ::1","service":"inventory-api","timestamp":"2026-06-25T16:12:14.278Z"}
{"level":"info","message":"POST /api/auth/logout - ::1","service":"inventory-api","timestamp":"2026-06-25T16:12:14.283Z"}
{"level":"info","message":"POST /api/auth/logout - ::1","service":"inventory-api","timestamp":"2026-06-25T16:12:14.288Z"}
{"level":"info","message":"POST /api/auth/logout - ::1","service":"inventory-api","timestamp":"2026-06-25T16:12:14.291Z"}
{"level":"info","message":"POST /api/auth/logout - ::1","service":"inventory-api","timestamp":"2026-06-25T16:12:14.295Z"}
{"level":"info","message":"POST /api/auth/logout - ::1","service":"inventory-api","timestamp":"2026-06-25T16:12:14.300Z"}
{"level":"info","message":"POST /api/auth/logout - ::1","service":"inventory-api","timestamp":"2026-06-25T16:12:14.304Z"}
{"level":"info","message":"POST /api/auth/logout - ::1","service":"inventory-api","timestamp":"2026-06-25T16:12:14.309Z"}
{"level":"info","message":"POST /api/auth/logout - ::1","service":"inventory-api","timestamp":"2026-06-25T16:12:14.313Z"}
{"level":"info","message":"POST /api/auth/logout - ::1","service":"inventory-api","timestamp":"2026-06-25T16:12:14.318Z"}
{"level":"info","message":"POST /api/auth/logout - ::1","service":"inventory-api","timestamp":"2026-06-25T16:12:14.321Z"}
{"level":"info","message":"POST /api/auth/logout - ::1","service":"inventory-api","timestamp":"2026-06-25T16:12:14.326Z"}
{"level":"info","message":"POST /api/auth/logout - ::1","service":"inventory-api","timestamp":"2026-06-25T16:12:14.330Z"}
{"level":"info","message":"POST /api/auth/logout - ::1","service":"inventory-api","timestamp":"2026-06-25T16:12:14.334Z"}
{"level":"info","message":"POST /api/auth/logout - ::1","service":"inventory-api","timestamp":"2026-06-25T16:12:14.338Z"}
{"level":"info","message":"POST /api/auth/logout - ::1","service":"inventory-api","timestamp":"2026-06-25T16:12:14.342Z"}
{"level":"info","message":"POST /api/auth/logout - ::1","service":"inventory-api","timestamp":"2026-06-25T16:12:14.346Z"}
{"level":"info","message":"POST /api/auth/logout - ::1","service":"inventory-api","timestamp":"2026-06-25T16:12:14.350Z"}
{"level":"info","message":"POST /api/auth/logout - ::1","service":"inventory-api","timestamp":"2026-06-25T16:12:14.355Z"}
{"level":"info","message":"POST /api/auth/logout - ::1","service":"inventory-api","timestamp":"2026-06-25T16:12:14.358Z"}
{"level":"info","message":"POST /api/auth/logout - ::1","service":"inventory-api","timestamp":"2026-06-25T16:12:14.363Z"}
{"level":"info","message":"POST /api/auth/logout - ::1","service":"inventory-api","timestamp":"2026-06-25T16:12:14.367Z"}
{"level":"info","message":"POST /api/auth/logout - ::1","service":"inventory-api","timestamp":"2026-06-25T16:12:14.372Z"}
{"level":"info","message":"POST /api/auth/logout - ::1","service":"inventory-api","timestamp":"2026-06-25T16:12:14.377Z"}
{"level":"info","message":"POST /api/auth/logout - ::1","service":"inventory-api","timestamp":"2026-06-25T16:12:14.382Z"}
{"level":"info","message":"POST /api/auth/logout - ::1","service":"inventory-api","timestamp":"2026-06-25T16:12:14.387Z"}
{"level":"info","message":"POST /api/auth/logout - ::1","service":"inventory-api","timestamp":"2026-06-25T16:12:14.390Z"}
{"level":"info","message":"POST /api/auth/logout - ::1","service":"inventory-api","timestamp":"2026-06-25T16:12:14.394Z"}
{"level":"info","message":"POST /api/auth/logout - ::1","service":"inventory-api","timestamp":"2026-06-25T16:12:14.399Z"}
{"level":"info","message":"POST /api/auth/logout - ::1","service":"inventory-api","timestamp":"2026-06-25T16:12:14.404Z"}
{"level":"info","message":"POST /api/auth/logout - ::1","service":"inventory-api","timestamp":"2026-06-25T16:12:14.407Z"}
{"level":"info","message":"POST /api/auth/logout - ::1","service":"inventory-api","timestamp":"2026-06-25T16:12:14.411Z"}
{"level":"info","message":"POST /api/auth/logout - ::1","service":"inventory-api","timestamp":"2026-06-25T16:12:14.416Z"}
{"level":"info","message":"POST /api/auth/logout - ::1","service":"inventory-api","timestamp":"2026-06-25T16:12:14.421Z"}
{"level":"info","message":"POST /api/auth/logout - ::1","service":"inventory-api","timestamp":"2026-06-25T16:12:14.425Z"}
{"level":"info","message":"POST /api/auth/logout - ::1","service":"inventory-api","timestamp":"2026-06-25T16:12:14.429Z"}
{"level":"info","message":"POST /api/auth/logout - ::1","service":"inventory-api","timestamp":"2026-06-25T16:12:14.433Z"}
{"level":"info","message":"POST /api/auth/logout - ::1","service":"inventory-api","timestamp":"2026-06-25T16:12:14.437Z"}
{"level":"info","message":"POST /api/auth/logout - ::1","service":"inventory-api","timestamp":"2026-06-25T16:12:14.441Z"}
{"level":"info","message":"POST /api/auth/logout - ::1","service":"inventory-api","timestamp":"2026-06-25T16:12:14.445Z"}
{"level":"info","message":"POST /api/auth/logout - ::1","service":"inventory-api","timestamp":"2026-06-25T16:12:14.450Z"}
{"level":"info","message":"POST /api/auth/logout - ::1","service":"inventory-api","timestamp":"2026-06-25T16:12:14.454Z"}
{"level":"info","message":"POST /api/auth/logout - ::1","service":"inventory-api","timestamp":"2026-06-25T16:12:14.458Z"}
{"level":"info","message":"POST /api/auth/logout - ::1","service":"inventory-api","timestamp":"2026-06-25T16:12:14.462Z"}
{"level":"info","message":"POST /api/auth/logout - ::1","service":"inventory-api","timestamp":"2026-06-25T16:12:14.466Z"}
{"level":"info","message":"POST /api/auth/logout - ::1","service":"inventory-api","timestamp":"2026-06-25T16:12:14.470Z"}
{"level":"info","message":"POST /api/auth/logout - ::1","service":"inventory-api","timestamp":"2026-06-25T16:12:14.474Z"}
{"level":"info","message":"POST /api/auth/logout - ::1","service":"inventory-api","timestamp":"2026-06-25T16:12:14.478Z"}
{"level":"info","message":"POST /api/auth/logout - ::1","service":"inventory-api","timestamp":"2026-06-25T16:12:14.483Z"}
{"level":"info","message":"POST /api/auth/logout - ::1","service":"inventory-api","timestamp":"2026-06-25T16:12:14.488Z"}
{"level":"info","message":"POST /api/auth/logout - ::1","service":"inventory-api","timestamp":"2026-06-25T16:12:14.493Z"}
{"level":"info","message":"POST /api/auth/logout - ::1","service":"inventory-api","timestamp":"2026-06-25T16:12:14.499Z"}
{"level":"info","message":"POST /api/auth/logout - ::1","service":"inventory-api","timestamp":"2026-06-25T16:12:14.504Z"}
{"level":"info","message":"POST /api/auth/logout - ::1","service":"inventory-api","timestamp":"2026-06-25T16:12:14.509Z"}
{"level":"info","message":"POST /api/auth/logout - ::1","service":"inventory-api","timestamp":"2026-06-25T16:12:14.515Z"}
{"level":"info","message":"POST /api/auth/logout - ::1","service":"inventory-api","timestamp":"2026-06-25T16:12:14.522Z"}
{"level":"info","message":"POST /api/auth/logout - ::1","service":"inventory-api","timestamp":"2026-06-25T16:12:14.528Z"}
{"level":"info","message":"POST /api/auth/logout - ::1","service":"inventory-api","timestamp":"2026-06-25T16:12:14.536Z"}
{"level":"info","message":"POST /api/auth/logout - ::1","service":"inventory-api","timestamp":"2026-06-25T16:12:14.543Z"}
{"level":"info","message":"POST /api/auth/logout - ::1","service":"inventory-api","timestamp":"2026-06-25T16:12:14.549Z"}
{"level":"info","message":"POST /api/auth/logout - ::1","service":"inventory-api","timestamp":"2026-06-25T16:12:14.555Z"}
{"level":"info","message":"POST /api/auth/logout - ::1","service":"inventory-api","timestamp":"2026-06-25T16:12:14.560Z"}
{"level":"info","message":"POST /api/auth/logout - ::1","service":"inventory-api","timestamp":"2026-06-25T16:12:14.566Z"}
{"level":"info","message":"POST /api/auth/logout - ::1","service":"inventory-api","timestamp":"2026-06-25T16:12:14.571Z"}
{"level":"info","message":"POST /api/auth/logout - ::1","service":"inventory-api","timestamp":"2026-06-25T16:12:14.577Z"}
{"level":"info","message":"POST /api/auth/logout - ::1","service":"inventory-api","timestamp":"2026-06-25T16:12:14.584Z"}
{"level":"info","message":"POST /api/auth/logout - ::1","service":"inventory-api","timestamp":"2026-06-25T16:12:14.589Z"}
{"level":"info","message":"POST /api/auth/logout - ::1","service":"inventory-api","timestamp":"2026-06-25T16:12:14.594Z"}
{"level":"info","message":"POST /api/auth/logout - ::1","service":"inventory-api","timestamp":"2026-06-25T16:12:14.600Z"}
{"level":"info","message":"POST /api/auth/logout - ::1","service":"inventory-api","timestamp":"2026-06-25T16:12:14.606Z"}
{"level":"info","message":"POST /api/auth/logout - ::1","service":"inventory-api","timestamp":"2026-06-25T16:12:14.611Z"}
{"level":"info","message":"POST /api/auth/logout - ::1","service":"inventory-api","timestamp":"2026-06-25T16:12:14.616Z"}
{"level":"info","message":"POST /api/auth/logout - ::1","service":"inventory-api","timestamp":"2026-06-25T16:12:14.622Z"}
{"level":"info","message":"POST /api/auth/logout - ::1","service":"inventory-api","timestamp":"2026-06-25T16:12:14.627Z"}
{"level":"info","message":"POST /api/auth/logout - ::1","service":"inventory-api","timestamp":"2026-06-25T16:12:14.633Z"}
{"level":"info","message":"POST /api/auth/logout - ::1","service":"inventory-api","timestamp":"2026-06-25T16:12:14.638Z"}
{"level":"info","message":"POST /api/auth/logout - ::1","service":"inventory-api","timestamp":"2026-06-25T16:12:14.643Z"}
{"level":"info","message":"POST /api/auth/logout - ::1","service":"inventory-api","timestamp":"2026-06-25T16:12:14.649Z"}
{"level":"info","message":"POST /api/auth/logout - ::1","service":"inventory-api","timestamp":"2026-06-25T16:12:14.654Z"}
{"level":"info","message":"POST /api/auth/logout - ::1","service":"inventory-api","timestamp":"2026-06-25T16:12:14.659Z"}
{"level":"info","message":"POST /api/auth/logout - ::1","service":"inventory-api","timestamp":"2026-06-25T16:12:14.665Z"}
{"level":"info","message":"POST /api/auth/logout - ::1","service":"inventory-api","timestamp":"2026-06-25T16:12:14.670Z"}
{"level":"info","message":"POST /api/auth/logout - ::1","service":"inventory-api","timestamp":"2026-06-25T16:12:14.676Z"}
{"level":"info","message":"POST /api/auth/logout - ::1","service":"inventory-api","timestamp":"2026-06-25T16:12:14.682Z"}
{"level":"info","message":"POST /api/auth/logout - ::1","service":"inventory-api","timestamp":"2026-06-25T16:12:14.687Z"}
{"level":"info","message":"POST /api/auth/logout - ::1","service":"inventory-api","timestamp":"2026-06-25T16:12:14.692Z"}
{"level":"info","message":"POST /api/auth/logout - ::1","service":"inventory-api","timestamp":"2026-06-25T16:12:14.698Z"}
{"level":"info","message":"POST /api/auth/logout - ::1","service":"inventory-api","timestamp":"2026-06-25T16:12:14.704Z"}
{"level":"info","message":"POST /api/auth/logout - ::1","service":"inventory-api","timestamp":"2026-06-25T16:12:14.709Z"}
{"level":"info","message":"POST /api/auth/logout - ::1","service":"inventory-api","timestamp":"2026-06-25T16:12:14.716Z"}
{"level":"info","message":"POST /api/auth/logout - ::1","service":"inventory-api","timestamp":"2026-06-25T16:12:14.722Z"}
{"level":"info","message":"POST /api/auth/logout - ::1","service":"inventory-api","timestamp":"2026-06-25T16:12:14.727Z"}
{"level":"info","message":"POST /api/auth/logout - ::1","service":"inventory-api","timestamp":"2026-06-25T16:12:14.734Z"}
{"level":"info","message":"POST /api/auth/logout - ::1","service":"inventory-api","timestamp":"2026-06-25T16:12:14.739Z"}
{"level":"info","message":"POST /api/auth/logout - ::1","service":"inventory-api","timestamp":"2026-06-25T16:12:14.745Z"}
{"level":"info","message":"POST /api/auth/logout - ::1","service":"inventory-api","timestamp":"2026-06-25T16:12:14.752Z"}
{"level":"info","message":"POST /api/auth/logout - ::1","service":"inventory-api","timestamp":"2026-06-25T16:12:14.758Z"}
{"level":"info","message":"POST /api/auth/logout - ::1","service":"inventory-api","timestamp":"2026-06-25T16:12:14.763Z"}
{"level":"info","message":"POST /api/auth/logout - ::1","service":"inventory-api","timestamp":"2026-06-25T16:12:14.769Z"}
{"level":"info","message":"POST /api/auth/logout - ::1","service":"inventory-api","timestamp":"2026-06-25T16:12:14.774Z"}
{"level":"info","message":"POST /api/auth/logout - ::1","service":"inventory-api","timestamp":"2026-06-25T16:12:14.780Z"}
{"level":"info","message":"POST /api/auth/logout - ::1","service":"inventory-api","timestamp":"2026-06-25T16:12:14.785Z"}
{"level":"info","message":"POST /api/auth/logout - ::1","service":"inventory-api","timestamp":"2026-06-25T16:12:14.791Z"}
{"level":"info","message":"POST /api/auth/logout - ::1","service":"inventory-api","timestamp":"2026-06-25T16:12:14.795Z"}
{"level":"info","message":"POST /api/auth/logout - ::1","service":"inventory-api","timestamp":"2026-06-25T16:12:14.801Z"}
{"level":"info","message":"POST /api/auth/logout - ::1","service":"inventory-api","timestamp":"2026-06-25T16:12:14.806Z"}
{"level":"info","message":"POST /api/auth/logout - ::1","service":"inventory-api","timestamp":"2026-06-25T16:12:14.811Z"}
{"level":"info","message":"POST /api/auth/logout - ::1","service":"inventory-api","timestamp":"2026-06-25T16:12:14.817Z"}
{"level":"info","message":"POST /api/auth/logout - ::1","service":"inventory-api","timestamp":"2026-06-25T16:12:14.822Z"}
{"level":"info","message":"POST /api/auth/logout - ::1","service":"inventory-api","timestamp":"2026-06-25T16:12:14.827Z"}
{"level":"info","message":"POST /api/auth/logout - ::1","service":"inventory-api","timestamp":"2026-06-25T16:12:14.834Z"}
{"level":"info","message":"POST /api/auth/logout - ::1","service":"inventory-api","timestamp":"2026-06-25T16:12:14.840Z"}
{"level":"info","message":"POST /api/auth/logout - ::1","service":"inventory-api","timestamp":"2026-06-25T16:12:14.846Z"}
{"level":"info","message":"POST /api/auth/logout - ::1","service":"inventory-api","timestamp":"2026-06-25T16:12:14.853Z"}
{"level":"info","message":"POST /api/auth/logout - ::1","service":"inventory-api","timestamp":"2026-06-25T16:12:14.859Z"}
{"level":"info","message":"POST /api/auth/logout - ::1","service":"inventory-api","timestamp":"2026-06-25T16:12:14.865Z"}
{"level":"info","message":"POST /api/auth/logout - ::1","service":"inventory-api","timestamp":"2026-06-25T16:12:14.873Z"}
{"level":"info","message":"POST /api/auth/logout - ::1","service":"inventory-api","timestamp":"2026-06-25T16:12:14.878Z"}
{"level":"info","message":"POST /api/auth/logout - ::1","service":"inventory-api","timestamp":"2026-06-25T16:12:14.885Z"}
{"level":"info","message":"POST /api/auth/logout - ::1","service":"inventory-api","timestamp":"2026-06-25T16:12:14.890Z"}
{"level":"info","message":"POST /api/auth/logout - ::1","service":"inventory-api","timestamp":"2026-06-25T16:12:14.895Z"}
{"level":"info","message":"POST /api/auth/logout - ::1","service":"inventory-api","timestamp":"2026-06-25T16:12:14.902Z"}
{"level":"info","message":"POST /api/auth/logout - ::1","service":"inventory-api","timestamp":"2026-06-25T16:12:14.908Z"}
{"level":"info","message":"POST /api/auth/logout - ::1","service":"inventory-api","timestamp":"2026-06-25T16:12:14.914Z"}
{"level":"info","message":"POST /api/auth/logout - ::1","service":"inventory-api","timestamp":"2026-06-25T16:12:14.920Z"}
{"level":"info","message":"POST /api/auth/logout - ::1","service":"inventory-api","timestamp":"2026-06-25T16:12:14.926Z"}
{"level":"info","message":"POST /api/auth/logout - ::1","service":"inventory-api","timestamp":"2026-06-25T16:12:14.932Z"}
{"level":"info","message":"POST /api/auth/logout - ::1","service":"inventory-api","timestamp":"2026-06-25T16:12:14.939Z"}
{"level":"info","message":"POST /api/auth/logout - ::1","service":"inventory-api","timestamp":"2026-06-25T16:12:14.945Z"}
{"level":"info","message":"POST /api/auth/logout - ::1","service":"inventory-api","timestamp":"2026-06-25T16:12:14.951Z"}
{"level":"info","message":"POST /api/auth/logout - ::1","service":"inventory-api","timestamp":"2026-06-25T16:12:14.958Z"}
{"level":"info","message":"POST /api/auth/logout - ::1","service":"inventory-api","timestamp":"2026-06-25T16:12:14.964Z"}
{"level":"info","message":"POST /api/auth/logout - ::1","service":"inventory-api","timestamp":"2026-06-25T16:12:14.971Z"}
{"level":"info","message":"POST /api/auth/logout - ::1","service":"inventory-api","timestamp":"2026-06-25T16:12:14.976Z"}
{"level":"info","message":"POST /api/auth/logout - ::1","service":"inventory-api","timestamp":"2026-06-25T16:12:14.983Z"}
{"level":"info","message":"POST /api/auth/logout - ::1","service":"inventory-api","timestamp":"2026-06-25T16:12:14.988Z"}
{"level":"info","message":"POST /api/auth/logout - ::1","service":"inventory-api","timestamp":"2026-06-25T16:12:14.994Z"}
{"level":"info","message":"POST /api/auth/logout - ::1","service":"inventory-api","timestamp":"2026-06-25T16:12:15.001Z"}
{"level":"info","message":"POST /api/auth/logout - ::1","service":"inventory-api","timestamp":"2026-06-25T16:12:15.007Z"}
{"level":"info","message":"POST /api/auth/logout - ::1","service":"inventory-api","timestamp":"2026-06-25T16:12:15.012Z"}
{"level":"info","message":"POST /api/auth/logout - ::1","service":"inventory-api","timestamp":"2026-06-25T16:12:15.018Z"}
{"level":"info","message":"POST /api/auth/logout - ::1","service":"inventory-api","timestamp":"2026-06-25T16:12:15.024Z"}
{"level":"info","message":"POST /api/auth/logout - ::1","service":"inventory-api","timestamp":"2026-06-25T16:12:15.029Z"}
{"level":"info","message":"POST /api/auth/logout - ::1","service":"inventory-api","timestamp":"2026-06-25T16:12:15.036Z"}
{"level":"info","message":"POST /api/auth/logout - ::1","service":"inventory-api","timestamp":"2026-06-25T16:12:15.041Z"}
{"level":"info","message":"POST /api/auth/logout - ::1","service":"inventory-api","timestamp":"2026-06-25T16:12:15.047Z"}
{"level":"info","message":"POST /api/auth/logout - ::1","service":"inventory-api","timestamp":"2026-06-25T16:12:15.053Z"}
{"level":"info","message":"POST /api/auth/logout - ::1","service":"inventory-api","timestamp":"2026-06-25T16:12:15.059Z"}
{"level":"info","message":"POST /api/auth/logout - ::1","service":"inventory-api","timestamp":"2026-06-25T16:12:15.066Z"}
{"level":"info","message":"POST /api/auth/logout - ::1","service":"inventory-api","timestamp":"2026-06-25T16:12:15.072Z"}
{"level":"info","message":"POST /api/auth/logout - ::1","service":"inventory-api","timestamp":"2026-06-25T16:12:15.077Z"}
{"level":"info","message":"POST /api/auth/logout - ::1","service":"inventory-api","timestamp":"2026-06-25T16:12:15.084Z"}
{"level":"info","message":"POST /api/auth/logout - ::1","service":"inventory-api","timestamp":"2026-06-25T16:12:15.090Z"}
{"level":"info","message":"POST /api/auth/logout - ::1","service":"inventory-api","timestamp":"2026-06-25T16:12:15.096Z"}
{"level":"info","message":"POST /api/auth/logout - ::1","service":"inventory-api","timestamp":"2026-06-25T16:12:15.102Z"}
{"level":"info","message":"POST /api/auth/logout - ::1","service":"inventory-api","timestamp":"2026-06-25T16:12:15.108Z"}
{"level":"info","message":"POST /api/auth/logout - ::1","service":"inventory-api","timestamp":"2026-06-25T16:12:15.113Z"}
{"level":"info","message":"POST /api/auth/logout - ::1","service":"inventory-api","timestamp":"2026-06-25T16:12:15.119Z"}
{"level":"info","message":"POST /api/auth/logout - ::1","service":"inventory-api","timestamp":"2026-06-25T16:12:15.125Z"}
{"level":"info","message":"POST /api/auth/logout - ::1","service":"inventory-api","timestamp":"2026-06-25T16:12:15.131Z"}
{"level":"info","message":"POST /api/auth/logout - ::1","service":"inventory-api","timestamp":"2026-06-25T16:12:15.150Z"}
{"level":"info","message":"POST /api/auth/logout - ::1","service":"inventory-api","timestamp":"2026-06-25T16:12:15.155Z"}
{"level":"info","message":"POST /api/auth/logout - ::1","service":"inventory-api","timestamp":"2026-06-25T16:12:15.160Z"}
{"level":"info","message":"POST /api/auth/logout - ::1","service":"inventory-api","timestamp":"2026-06-25T16:12:15.165Z"}
{"level":"info","message":"POST /api/auth/logout - ::1","service":"inventory-api","timestamp":"2026-06-25T16:12:15.170Z"}
{"level":"info","message":"POST /api/auth/logout - ::1","service":"inventory-api","timestamp":"2026-06-25T16:12:15.174Z"}
{"level":"info","message":"POST /api/auth/logout - ::1","service":"inventory-api","timestamp":"2026-06-25T16:12:15.179Z"}
{"level":"info","message":"POST /api/auth/logout - ::1","service":"inventory-api","timestamp":"2026-06-25T16:12:15.184Z"}
{"level":"info","message":"POST /api/auth/logout - ::1","service":"inventory-api","timestamp":"2026-06-25T16:12:15.188Z"}
{"level":"info","message":"POST /api/auth/logout - ::1","service":"inventory-api","timestamp":"2026-06-25T16:12:15.193Z"}
{"level":"info","message":"POST /api/auth/logout - ::1","service":"inventory-api","timestamp":"2026-06-25T16:12:15.197Z"}
{"level":"info","message":"POST /api/auth/logout - ::1","service":"inventory-api","timestamp":"2026-06-25T16:12:15.202Z"}
{"level":"info","message":"POST /api/auth/logout - ::1","service":"inventory-api","timestamp":"2026-06-25T16:12:15.208Z"}
{"level":"info","message":"POST /api/auth/logout - ::1","service":"inventory-api","timestamp":"2026-06-25T16:12:15.214Z"}
{"level":"info","message":"POST /api/auth/logout - ::1","service":"inventory-api","timestamp":"2026-06-25T16:12:15.220Z"}
{"level":"info","message":"POST /api/auth/logout - ::1","service":"inventory-api","timestamp":"2026-06-25T16:12:15.226Z"}
{"level":"info","message":"POST /api/auth/logout - ::1","service":"inventory-api","timestamp":"2026-06-25T16:12:15.231Z"}
{"level":"info","message":"POST /api/auth/logout - ::1","service":"inventory-api","timestamp":"2026-06-25T16:12:15.237Z"}
{"level":"info","message":"POST /api/auth/logout - ::1","service":"inventory-api","timestamp":"2026-06-25T16:12:15.241Z"}
{"level":"info","message":"POST /api/auth/logout - ::1","service":"inventory-api","timestamp":"2026-06-25T16:12:15.247Z"}
{"level":"info","message":"POST /api/auth/logout - ::1","service":"inventory-api","timestamp":"2026-06-25T16:12:15.252Z"}
{"level":"info","message":"POST /api/auth/logout - ::1","service":"inventory-api","timestamp":"2026-06-25T16:12:15.257Z"}
{"level":"info","message":"POST /api/auth/logout - ::1","service":"inventory-api","timestamp":"2026-06-25T16:12:15.261Z"}
{"level":"info","message":"POST /api/auth/logout - ::1","service":"inventory-api","timestamp":"2026-06-25T16:12:15.266Z"}
{"level":"info","message":"POST /api/auth/logout - ::1","service":"inventory-api","timestamp":"2026-06-25T16:12:15.271Z"}
{"level":"info","message":"POST /api/auth/logout - ::1","service":"inventory-api","timestamp":"2026-06-25T16:12:15.276Z"}
{"level":"info","message":"POST /api/auth/logout - ::1","service":"inventory-api","timestamp":"2026-06-25T16:12:15.281Z"}
{"level":"info","message":"POST /api/auth/logout - ::1","service":"inventory-api","timestamp":"2026-06-25T16:12:15.286Z"}
{"level":"info","message":"POST /api/auth/logout - ::1","service":"inventory-api","timestamp":"2026-06-25T16:12:15.291Z"}
{"level":"info","message":"POST /api/auth/logout - ::1","service":"inventory-api","timestamp":"2026-06-25T16:12:15.296Z"}
{"level":"info","message":"POST /api/auth/logout - ::1","service":"inventory-api","timestamp":"2026-06-25T16:12:15.301Z"}
{"level":"info","message":"POST /api/auth/logout - ::1","service":"inventory-api","timestamp":"2026-06-25T16:12:15.306Z"}
{"level":"info","message":"POST /api/auth/logout - ::1","service":"inventory-api","timestamp":"2026-06-25T16:12:15.311Z"}
{"level":"info","message":"POST /api/auth/logout - ::1","service":"inventory-api","timestamp":"2026-06-25T16:12:15.316Z"}
{"level":"info","message":"POST /api/auth/logout - ::1","service":"inventory-api","timestamp":"2026-06-25T16:12:15.321Z"}
{"level":"info","message":"POST /api/auth/logout - ::1","service":"inventory-api","timestamp":"2026-06-25T16:12:15.326Z"}
{"level":"info","message":"POST /api/auth/logout - ::1","service":"inventory-api","timestamp":"2026-06-25T16:12:15.330Z"}
{"level":"info","message":"POST /api/auth/logout - ::1","service":"inventory-api","timestamp":"2026-06-25T16:12:15.335Z"}
{"level":"info","message":"POST /api/auth/logout - ::1","service":"inventory-api","timestamp":"2026-06-25T16:12:15.339Z"}
{"level":"info","message":"POST /api/auth/logout - ::1","service":"inventory-api","timestamp":"2026-06-25T16:12:15.343Z"}
{"level":"info","message":"POST /api/auth/logout - ::1","service":"inventory-api","timestamp":"2026-06-25T16:12:15.348Z"}
{"level":"info","message":"POST /api/auth/logout - ::1","service":"inventory-api","timestamp":"2026-06-25T16:12:15.352Z"}
{"level":"info","message":"POST /api/auth/logout - ::1","service":"inventory-api","timestamp":"2026-06-25T16:12:15.357Z"}
{"level":"info","message":"POST /api/auth/logout - ::1","service":"inventory-api","timestamp":"2026-06-25T16:12:15.361Z"}
{"level":"info","message":"POST /api/auth/logout - ::1","service":"inventory-api","timestamp":"2026-06-25T16:12:15.367Z"}
{"level":"info","message":"POST /api/auth/logout - ::1","service":"inventory-api","timestamp":"2026-06-25T16:12:15.372Z"}
{"level":"info","message":"POST /api/auth/logout - ::1","service":"inventory-api","timestamp":"2026-06-25T16:12:15.376Z"}
{"level":"info","message":"POST /api/auth/logout - ::1","service":"inventory-api","timestamp":"2026-06-25T16:12:15.380Z"}
{"level":"info","message":"POST /api/auth/logout - ::1","service":"inventory-api","timestamp":"2026-06-25T16:12:15.385Z"}
{"level":"info","message":"POST /api/auth/logout - ::1","service":"inventory-api","timestamp":"2026-06-25T16:12:15.389Z"}
{"level":"info","message":"POST /api/auth/logout - ::1","service":"inventory-api","timestamp":"2026-06-25T16:12:15.393Z"}
{"level":"info","message":"POST /api/auth/logout - ::1","service":"inventory-api","timestamp":"2026-06-25T16:12:15.398Z"}
{"level":"info","message":"POST /api/auth/logout - ::1","service":"inventory-api","timestamp":"2026-06-25T16:12:15.403Z"}
{"level":"info","message":"POST /api/auth/logout - ::1","service":"inventory-api","timestamp":"2026-06-25T16:12:15.408Z"}
{"level":"info","message":"POST /api/auth/logout - ::1","service":"inventory-api","timestamp":"2026-06-25T16:12:15.412Z"}
{"level":"info","message":"POST /api/auth/logout - ::1","service":"inventory-api","timestamp":"2026-06-25T16:12:15.417Z"}
{"level":"info","message":"POST /api/auth/logout - ::1","service":"inventory-api","timestamp":"2026-06-25T16:12:15.421Z"}
{"level":"info","message":"POST /api/auth/logout - ::1","service":"inventory-api","timestamp":"2026-06-25T16:12:15.425Z"}
{"level":"info","message":"POST /api/auth/logout - ::1","service":"inventory-api","timestamp":"2026-06-25T16:12:15.430Z"}
{"level":"info","message":"POST /api/auth/logout - ::1","service":"inventory-api","timestamp":"2026-06-25T16:12:15.434Z"}
{"level":"info","message":"POST /api/auth/logout - ::1","service":"inventory-api","timestamp":"2026-06-25T16:12:15.438Z"}
{"level":"info","message":"POST /api/auth/logout - ::1","service":"inventory-api","timestamp":"2026-06-25T16:12:15.443Z"}
{"level":"info","message":"POST /api/auth/logout - ::1","service":"inventory-api","timestamp":"2026-06-25T16:12:15.447Z"}
{"level":"info","message":"POST /api/auth/logout - ::1","service":"inventory-api","timestamp":"2026-06-25T16:12:15.452Z"}
{"level":"info","message":"POST /api/auth/logout - ::1","service":"inventory-api","timestamp":"2026-06-25T16:12:15.456Z"}
{"level":"info","message":"POST /api/auth/logout - ::1","service":"inventory-api","timestamp":"2026-06-25T16:12:15.460Z"}
{"level":"info","message":"POST /api/auth/logout - ::1","service":"inventory-api","timestamp":"2026-06-25T16:12:15.466Z"}
{"level":"info","message":"POST /api/auth/logout - ::1","service":"inventory-api","timestamp":"2026-06-25T16:12:15.470Z"}
{"level":"info","message":"POST /api/auth/logout - ::1","service":"inventory-api","timestamp":"2026-06-25T16:12:15.475Z"}
{"level":"info","message":"POST /api/auth/logout - ::1","service":"inventory-api","timestamp":"2026-06-25T16:12:15.480Z"}
{"level":"info","message":"POST /api/auth/logout - ::1","service":"inventory-api","timestamp":"2026-06-25T16:12:15.485Z"}
{"level":"info","message":"POST /api/auth/logout - ::1","service":"inventory-api","timestamp":"2026-06-25T16:12:15.489Z"}
{"level":"info","message":"POST /api/auth/logout - ::1","service":"inventory-api","timestamp":"2026-06-25T16:12:15.494Z"}
{"level":"info","message":"POST /api/auth/logout - ::1","service":"inventory-api","timestamp":"2026-06-25T16:12:15.500Z"}
{"level":"info","message":"POST /api/auth/logout - ::1","service":"inventory-api","timestamp":"2026-06-25T16:12:15.505Z"}
{"level":"info","message":"POST /api/auth/logout - ::1","service":"inventory-api","timestamp":"2026-06-25T16:12:15.510Z"}
{"level":"info","message":"POST /api/auth/logout - ::1","service":"inventory-api","timestamp":"2026-06-25T16:12:15.516Z"}
{"level":"info","message":"POST /api/auth/logout - ::1","service":"inventory-api","timestamp":"2026-06-25T16:12:15.521Z"}
{"level":"info","message":"POST /api/auth/logout - ::1","service":"inventory-api","timestamp":"2026-06-25T16:12:15.527Z"}
{"level":"info","message":"POST /api/auth/logout - ::1","service":"inventory-api","timestamp":"2026-06-25T16:12:15.531Z"}
{"level":"info","message":"POST /api/auth/logout - ::1","service":"inventory-api","timestamp":"2026-06-25T16:12:15.536Z"}
{"level":"info","message":"POST /api/auth/logout - ::1","service":"inventory-api","timestamp":"2026-06-25T16:12:15.540Z"}
{"level":"info","message":"POST /api/auth/logout - ::1","service":"inventory-api","timestamp":"2026-06-25T16:12:15.544Z"}
{"level":"info","message":"POST /api/auth/logout - ::1","service":"inventory-api","timestamp":"2026-06-25T16:12:15.551Z"}
{"level":"info","message":"POST /api/auth/logout - ::1","service":"inventory-api","timestamp":"2026-06-25T16:12:15.556Z"}
{"level":"info","message":"POST /api/auth/logout - ::1","service":"inventory-api","timestamp":"2026-06-25T16:12:15.561Z"}
{"level":"info","message":"POST /api/auth/logout - ::1","service":"inventory-api","timestamp":"2026-06-25T16:12:15.567Z"}
{"level":"info","message":"POST /api/auth/logout - ::1","service":"inventory-api","timestamp":"2026-06-25T16:12:15.574Z"}
{"level":"info","message":"POST /api/auth/logout - ::1","service":"inventory-api","timestamp":"2026-06-25T16:12:15.580Z"}
{"level":"info","message":"POST /api/auth/logout - ::1","service":"inventory-api","timestamp":"2026-06-25T16:12:15.586Z"}
{"level":"info","message":"POST /api/auth/logout - ::1","service":"inventory-api","timestamp":"2026-06-25T16:12:15.591Z"}
{"level":"info","message":"POST /api/auth/logout - ::1","service":"inventory-api","timestamp":"2026-06-25T16:12:15.597Z"}
{"level":"info","message":"POST /api/auth/logout - ::1","service":"inventory-api","timestamp":"2026-06-25T16:12:15.603Z"}
{"level":"info","message":"POST /api/auth/logout - ::1","service":"inventory-api","timestamp":"2026-06-25T16:12:15.608Z"}
{"level":"info","message":"POST /api/auth/logout - ::1","service":"inventory-api","timestamp":"2026-06-25T16:12:15.614Z"}
{"level":"info","message":"POST /api/auth/logout - ::1","service":"inventory-api","timestamp":"2026-06-25T16:12:15.620Z"}
{"level":"info","message":"POST /api/auth/logout - ::1","service":"inventory-api","timestamp":"2026-06-25T16:12:15.625Z"}
{"level":"info","message":"POST /api/auth/logout - ::1","service":"inventory-api","timestamp":"2026-06-25T16:12:15.630Z"}
{"level":"info","message":"POST /api/auth/logout - ::1","service":"inventory-api","timestamp":"2026-06-25T16:12:15.636Z"}
{"level":"info","message":"POST /api/auth/logout - ::1","service":"inventory-api","timestamp":"2026-06-25T16:12:15.640Z"}
{"level":"info","message":"POST /api/auth/logout - ::1","service":"inventory-api","timestamp":"2026-06-25T16:12:15.645Z"}
{"level":"info","message":"POST /api/auth/logout - ::1","service":"inventory-api","timestamp":"2026-06-25T16:12:15.651Z"}
{"level":"info","message":"POST /api/auth/logout - ::1","service":"inventory-api","timestamp":"2026-06-25T16:12:15.656Z"}
{"level":"info","message":"POST /api/auth/logout - ::1","service":"inventory-api","timestamp":"2026-06-25T16:12:15.661Z"}
{"level":"info","message":"POST /api/auth/logout - ::1","service":"inventory-api","timestamp":"2026-06-25T16:12:15.667Z"}
{"level":"info","message":"POST /api/auth/logout - ::1","service":"inventory-api","timestamp":"2026-06-25T16:12:15.672Z"}
{"level":"info","message":"POST /api/auth/logout - ::1","service":"inventory-api","timestamp":"2026-06-25T16:12:15.677Z"}
{"level":"info","message":"POST /api/auth/logout - ::1","service":"inventory-api","timestamp":"2026-06-25T16:12:15.682Z"}
{"level":"info","message":"POST /api/auth/logout - ::1","service":"inventory-api","timestamp":"2026-06-25T16:12:15.687Z"}
{"level":"info","message":"POST /api/auth/logout - ::1","service":"inventory-api","timestamp":"2026-06-25T16:12:15.692Z"}
{"level":"info","message":"POST /api/auth/logout - ::1","service":"inventory-api","timestamp":"2026-06-25T16:12:15.698Z"}
{"level":"info","message":"POST /api/auth/logout - ::1","service":"inventory-api","timestamp":"2026-06-25T16:12:15.704Z"}
{"level":"info","message":"POST /api/auth/logout - ::1","service":"inventory-api","timestamp":"2026-06-25T16:12:15.710Z"}
{"level":"info","message":"POST /api/auth/logout - ::1","service":"inventory-api","timestamp":"2026-06-25T16:12:15.717Z"}
{"level":"info","message":"POST /api/auth/logout - ::1","service":"inventory-api","timestamp":"2026-06-25T16:12:15.723Z"}
{"level":"info","message":"POST /api/auth/logout - ::1","service":"inventory-api","timestamp":"2026-06-25T16:12:15.729Z"}
{"level":"info","message":"POST /api/auth/logout - ::1","service":"inventory-api","timestamp":"2026-06-25T16:12:15.734Z"}
{"level":"info","message":"POST /api/auth/logout - ::1","service":"inventory-api","timestamp":"2026-06-25T16:12:15.739Z"}
{"level":"info","message":"POST /api/auth/logout - ::1","service":"inventory-api","timestamp":"2026-06-25T16:12:15.744Z"}
{"level":"info","message":"POST /api/auth/logout - ::1","service":"inventory-api","timestamp":"2026-06-25T16:12:15.750Z"}
{"level":"info","message":"POST /api/auth/logout - ::1","service":"inventory-api","timestamp":"2026-06-25T16:12:15.755Z"}
{"level":"info","message":"POST /api/auth/logout - ::1","service":"inventory-api","timestamp":"2026-06-25T16:12:15.760Z"}
{"level":"info","message":"POST /api/auth/logout - ::1","service":"inventory-api","timestamp":"2026-06-25T16:12:15.765Z"}
{"level":"info","message":"POST /api/auth/logout - ::1","service":"inventory-api","timestamp":"2026-06-25T16:12:15.770Z"}
{"level":"info","message":"POST /api/auth/logout - ::1","service":"inventory-api","timestamp":"2026-06-25T16:12:15.775Z"}
{"level":"info","message":"POST /api/auth/logout - ::1","service":"inventory-api","timestamp":"2026-06-25T16:12:15.780Z"}
{"level":"info","message":"POST /api/auth/logout - ::1","service":"inventory-api","timestamp":"2026-06-25T16:12:15.786Z"}
{"level":"info","message":"POST /api/auth/logout - ::1","service":"inventory-api","timestamp":"2026-06-25T16:12:15.790Z"}
{"level":"info","message":"POST /api/auth/logout - ::1","service":"inventory-api","timestamp":"2026-06-25T16:12:15.795Z"}
{"level":"info","message":"POST /api/auth/logout - ::1","service":"inventory-api","timestamp":"2026-06-25T16:12:15.801Z"}
{"level":"info","message":"POST /api/auth/logout - ::1","service":"inventory-api","timestamp":"2026-06-25T16:12:15.806Z"}
{"level":"info","message":"POST /api/auth/logout - ::1","service":"inventory-api","timestamp":"2026-06-25T16:12:15.811Z"}
{"level":"info","message":"POST /api/auth/logout - ::1","service":"inventory-api","timestamp":"2026-06-25T16:12:15.816Z"}
{"level":"info","message":"POST /api/auth/logout - ::1","service":"inventory-api","timestamp":"2026-06-25T16:12:15.822Z"}
{"level":"info","message":"POST /api/auth/logout - ::1","service":"inventory-api","timestamp":"2026-06-25T16:12:15.826Z"}
{"level":"info","message":"POST /api/auth/logout - ::1","service":"inventory-api","timestamp":"2026-06-25T16:12:15.832Z"}
{"level":"info","message":"POST /api/auth/logout - ::1","service":"inventory-api","timestamp":"2026-06-25T16:12:15.837Z"}
{"level":"info","message":"POST /api/auth/logout - ::1","service":"inventory-api","timestamp":"2026-06-25T16:12:15.842Z"}
{"level":"info","message":"POST /api/auth/logout - ::1","service":"inventory-api","timestamp":"2026-06-25T16:12:15.848Z"}
{"level":"info","message":"POST /api/auth/logout - ::1","service":"inventory-api","timestamp":"2026-06-25T16:12:15.854Z"}
{"level":"info","message":"POST /api/auth/logout - ::1","service":"inventory-api","timestamp":"2026-06-25T16:12:15.859Z"}
{"level":"info","message":"POST /api/auth/logout - ::1","service":"inventory-api","timestamp":"2026-06-25T16:12:15.865Z"}
{"level":"info","message":"POST /api/auth/logout - ::1","service":"inventory-api","timestamp":"2026-06-25T16:12:15.872Z"}
{"level":"info","message":"POST /api/auth/logout - ::1","service":"inventory-api","timestamp":"2026-06-25T16:12:15.877Z"}
{"level":"info","message":"POST /api/auth/logout - ::1","service":"inventory-api","timestamp":"2026-06-25T16:12:15.882Z"}
{"level":"info","message":"POST /api/auth/logout - ::1","service":"inventory-api","timestamp":"2026-06-25T16:12:15.888Z"}
{"level":"info","message":"POST /api/auth/logout - ::1","service":"inventory-api","timestamp":"2026-06-25T16:12:15.893Z"}
{"level":"info","message":"POST /api/auth/logout - ::1","service":"inventory-api","timestamp":"2026-06-25T16:12:15.898Z"}
{"level":"info","message":"POST /api/auth/logout - ::1","service":"inventory-api","timestamp":"2026-06-25T16:12:15.904Z"}
{"level":"info","message":"POST /api/auth/logout - ::1","service":"inventory-api","timestamp":"2026-06-25T16:12:15.909Z"}
{"level":"info","message":"POST /api/auth/logout - ::1","service":"inventory-api","timestamp":"2026-06-25T16:12:15.915Z"}
{"level":"info","message":"POST /api/auth/logout - ::1","service":"inventory-api","timestamp":"2026-06-25T16:12:15.920Z"}
{"level":"info","message":"POST /api/auth/logout - ::1","service":"inventory-api","timestamp":"2026-06-25T16:12:15.926Z"}
{"level":"info","message":"POST /api/auth/logout - ::1","service":"inventory-api","timestamp":"2026-06-25T16:12:15.932Z"}
{"level":"info","message":"POST /api/auth/logout - ::1","service":"inventory-api","timestamp":"2026-06-25T16:12:15.938Z"}
{"level":"info","message":"POST /api/auth/logout - ::1","service":"inventory-api","timestamp":"2026-06-25T16:12:15.944Z"}
{"level":"info","message":"POST /api/auth/logout - ::1","service":"inventory-api","timestamp":"2026-06-25T16:12:15.950Z"}
{"level":"info","message":"POST /api/auth/logout - ::1","service":"inventory-api","timestamp":"2026-06-25T16:12:15.956Z"}
{"level":"info","message":"POST /api/auth/logout - ::1","service":"inventory-api","timestamp":"2026-06-25T16:12:15.961Z"}
{"level":"info","message":"POST /api/auth/logout - ::1","service":"inventory-api","timestamp":"2026-06-25T16:12:15.966Z"}
{"level":"info","message":"POST /api/auth/logout - ::1","service":"inventory-api","timestamp":"2026-06-25T16:12:15.972Z"}
{"level":"info","message":"POST /api/auth/logout - ::1","service":"inventory-api","timestamp":"2026-06-25T16:12:15.977Z"}
{"level":"info","message":"POST /api/auth/logout - ::1","service":"inventory-api","timestamp":"2026-06-25T16:12:15.982Z"}
{"level":"info","message":"POST /api/auth/logout - ::1","service":"inventory-api","timestamp":"2026-06-25T16:12:15.987Z"}
{"level":"info","message":"POST /api/auth/logout - ::1","service":"inventory-api","timestamp":"2026-06-25T16:12:15.992Z"}
{"level":"info","message":"POST /api/auth/logout - ::1","service":"inventory-api","timestamp":"2026-06-25T16:12:15.998Z"}
{"level":"info","message":"POST /api/auth/logout - ::1","service":"inventory-api","timestamp":"2026-06-25T16:12:16.003Z"}
{"level":"info","message":"POST /api/auth/logout - ::1","service":"inventory-api","timestamp":"2026-06-25T16:12:16.007Z"}
{"level":"info","message":"POST /api/auth/logout - ::1","service":"inventory-api","timestamp":"2026-06-25T16:12:16.012Z"}
{"level":"info","message":"POST /api/auth/logout - ::1","service":"inventory-api","timestamp":"2026-06-25T16:12:16.018Z"}
{"level":"info","message":"POST /api/auth/logout - ::1","service":"inventory-api","timestamp":"2026-06-25T16:12:16.023Z"}
{"level":"info","message":"POST /api/auth/logout - ::1","service":"inventory-api","timestamp":"2026-06-25T16:12:16.028Z"}
{"level":"info","message":"POST /api/auth/logout - ::1","service":"inventory-api","timestamp":"2026-06-25T16:12:16.034Z"}
{"level":"info","message":"POST /api/auth/logout - ::1","service":"inventory-api","timestamp":"2026-06-25T16:12:16.039Z"}
{"level":"info","message":"POST /api/auth/logout - ::1","service":"inventory-api","timestamp":"2026-06-25T16:12:16.044Z"}
{"level":"info","message":"POST /api/auth/logout - ::1","service":"inventory-api","timestamp":"2026-06-25T16:12:16.050Z"}
{"level":"info","message":"POST /api/auth/logout - ::1","service":"inventory-api","timestamp":"2026-06-25T16:12:16.055Z"}
{"level":"info","message":"POST /api/auth/logout - ::1","service":"inventory-api","timestamp":"2026-06-25T16:12:16.060Z"}
{"level":"info","message":"POST /api/auth/logout - ::1","service":"inventory-api","timestamp":"2026-06-25T16:12:16.066Z"}
{"level":"info","message":"POST /api/auth/logout - ::1","service":"inventory-api","timestamp":"2026-06-25T16:12:16.071Z"}
{"level":"info","message":"POST /api/auth/logout - ::1","service":"inventory-api","timestamp":"2026-06-25T16:12:16.076Z"}
{"level":"info","message":"POST /api/auth/logout - ::1","service":"inventory-api","timestamp":"2026-06-25T16:12:16.081Z"}
{"level":"info","message":"POST /api/auth/logout - ::1","service":"inventory-api","timestamp":"2026-06-25T16:12:16.087Z"}
{"level":"info","message":"POST /api/auth/logout - ::1","service":"inventory-api","timestamp":"2026-06-25T16:12:16.091Z"}
{"level":"info","message":"POST /api/auth/logout - ::1","service":"inventory-api","timestamp":"2026-06-25T16:12:16.096Z"}
{"level":"info","message":"POST /api/auth/logout - ::1","service":"inventory-api","timestamp":"2026-06-25T16:12:16.102Z"}
{"level":"info","message":"POST /api/auth/logout - ::1","service":"inventory-api","timestamp":"2026-06-25T16:12:16.107Z"}
{"level":"info","message":"POST /api/auth/logout - ::1","service":"inventory-api","timestamp":"2026-06-25T16:12:16.112Z"}
{"level":"info","message":"POST /api/auth/logout - ::1","service":"inventory-api","timestamp":"2026-06-25T16:12:16.118Z"}
{"level":"info","message":"POST /api/auth/logout - ::1","service":"inventory-api","timestamp":"2026-06-25T16:12:16.123Z"}
{"level":"info","message":"POST /api/auth/logout - ::1","service":"inventory-api","timestamp":"2026-06-25T16:12:16.128Z"}
{"level":"info","message":"POST /api/auth/logout - ::1","service":"inventory-api","timestamp":"2026-06-25T16:12:16.134Z"}
{"level":"info","message":"POST /api/auth/logout - ::1","service":"inventory-api","timestamp":"2026-06-25T16:12:16.138Z"}
{"level":"info","message":"POST /api/auth/logout - ::1","service":"inventory-api","timestamp":"2026-06-25T16:12:16.143Z"}
{"level":"info","message":"POST /api/auth/logout - ::1","service":"inventory-api","timestamp":"2026-06-25T16:12:16.150Z"}
{"level":"info","message":"POST /api/auth/logout - ::1","service":"inventory-api","timestamp":"2026-06-25T16:12:16.155Z"}
{"level":"info","message":"POST /api/auth/logout - ::1","service":"inventory-api","timestamp":"2026-06-25T16:12:16.160Z"}
{"level":"info","message":"POST /api/auth/logout - ::1","service":"inventory-api","timestamp":"2026-06-25T16:12:16.165Z"}
{"level":"info","message":"POST /api/auth/logout - ::1","service":"inventory-api","timestamp":"2026-06-25T16:12:16.171Z"}
{"level":"info","message":"POST /api/auth/logout - ::1","service":"inventory-api","timestamp":"2026-06-25T16:12:16.176Z"}
{"level":"info","message":"POST /api/auth/logout - ::1","service":"inventory-api","timestamp":"2026-06-25T16:12:16.181Z"}
{"level":"info","message":"POST /api/auth/logout - ::1","service":"inventory-api","timestamp":"2026-06-25T16:12:16.186Z"}
{"level":"info","message":"POST /api/auth/logout - ::1","service":"inventory-api","timestamp":"2026-06-25T16:12:16.191Z"}
{"level":"info","message":"POST /api/auth/logout - ::1","service":"inventory-api","timestamp":"2026-06-25T16:12:16.197Z"}
{"level":"info","message":"POST /api/auth/logout - ::1","service":"inventory-api","timestamp":"2026-06-25T16:12:16.203Z"}
{"level":"info","message":"POST /api/auth/logout - ::1","service":"inventory-api","timestamp":"2026-06-25T16:12:16.208Z"}
{"level":"info","message":"POST /api/auth/logout - ::1","service":"inventory-api","timestamp":"2026-06-25T16:12:16.213Z"}
{"level":"info","message":"POST /api/auth/logout - ::1","service":"inventory-api","timestamp":"2026-06-25T16:12:16.219Z"}
{"level":"info","message":"POST /api/auth/logout - ::1","service":"inventory-api","timestamp":"2026-06-25T16:12:16.223Z"}
{"level":"info","message":"POST /api/auth/logout - ::1","service":"inventory-api","timestamp":"2026-06-25T16:12:16.228Z"}
{"level":"info","message":"POST /api/auth/logout - ::1","service":"inventory-api","timestamp":"2026-06-25T16:12:16.234Z"}
{"level":"info","message":"POST /api/auth/logout - ::1","service":"inventory-api","timestamp":"2026-06-25T16:12:16.239Z"}
{"level":"info","message":"POST /api/auth/logout - ::1","service":"inventory-api","timestamp":"2026-06-25T16:12:16.244Z"}
{"level":"info","message":"POST /api/auth/logout - ::1","service":"inventory-api","timestamp":"2026-06-25T16:12:16.250Z"}
{"level":"info","message":"POST /api/auth/logout - ::1","service":"inventory-api","timestamp":"2026-06-25T16:12:16.255Z"}
{"level":"info","message":"POST /api/auth/logout - ::1","service":"inventory-api","timestamp":"2026-06-25T16:12:16.260Z"}
{"level":"info","message":"POST /api/auth/logout - ::1","service":"inventory-api","timestamp":"2026-06-25T16:12:16.265Z"}
{"level":"info","message":"POST /api/auth/logout - ::1","service":"inventory-api","timestamp":"2026-06-25T16:12:16.270Z"}
{"level":"info","message":"POST /api/auth/logout - ::1","service":"inventory-api","timestamp":"2026-06-25T16:12:16.275Z"}
{"level":"info","message":"POST /api/auth/logout - ::1","service":"inventory-api","timestamp":"2026-06-25T16:12:16.280Z"}
{"level":"info","message":"POST /api/auth/logout - ::1","service":"inventory-api","timestamp":"2026-06-25T16:12:16.286Z"}
{"level":"info","message":"POST /api/auth/logout - ::1","service":"inventory-api","timestamp":"2026-06-25T16:12:16.291Z"}
{"level":"info","message":"POST /api/auth/logout - ::1","service":"inventory-api","timestamp":"2026-06-25T16:12:16.295Z"}
{"level":"info","message":"POST /api/auth/logout - ::1","service":"inventory-api","timestamp":"2026-06-25T16:12:16.301Z"}
{"level":"info","message":"POST /api/auth/logout - ::1","service":"inventory-api","timestamp":"2026-06-25T16:12:16.306Z"}
{"level":"info","message":"POST /api/auth/logout - ::1","service":"inventory-api","timestamp":"2026-06-25T16:12:16.311Z"}
{"level":"info","message":"POST /api/auth/logout - ::1","service":"inventory-api","timestamp":"2026-06-25T16:12:16.316Z"}
{"level":"info","message":"POST /api/auth/logout - ::1","service":"inventory-api","timestamp":"2026-06-25T16:12:16.321Z"}
{"level":"info","message":"POST /api/auth/logout - ::1","service":"inventory-api","timestamp":"2026-06-25T16:12:16.326Z"}
{"level":"info","message":"POST /api/auth/logout - ::1","service":"inventory-api","timestamp":"2026-06-25T16:12:16.331Z"}
{"level":"info","message":"POST /api/auth/logout - ::1","service":"inventory-api","timestamp":"2026-06-25T16:12:16.337Z"}
{"level":"info","message":"POST /api/auth/logout - ::1","service":"inventory-api","timestamp":"2026-06-25T16:12:16.341Z"}
{"level":"info","message":"POST /api/auth/logout - ::1","service":"inventory-api","timestamp":"2026-06-25T16:12:16.346Z"}
{"level":"info","message":"POST /api/auth/logout - ::1","service":"inventory-api","timestamp":"2026-06-25T16:12:16.352Z"}
{"level":"info","message":"POST /api/auth/logout - ::1","service":"inventory-api","timestamp":"2026-06-25T16:12:16.356Z"}
{"level":"info","message":"POST /api/auth/logout - ::1","service":"inventory-api","timestamp":"2026-06-25T16:12:16.361Z"}
{"level":"info","message":"POST /api/auth/logout - ::1","service":"inventory-api","timestamp":"2026-06-25T16:12:16.366Z"}
{"level":"info","message":"POST /api/auth/logout - ::1","service":"inventory-api","timestamp":"2026-06-25T16:12:16.372Z"}
{"level":"info","message":"POST /api/auth/logout - ::1","service":"inventory-api","timestamp":"2026-06-25T16:12:16.376Z"}
{"level":"info","message":"POST /api/auth/logout - ::1","service":"inventory-api","timestamp":"2026-06-25T16:12:16.382Z"}
{"level":"info","message":"POST /api/auth/logout - ::1","service":"inventory-api","timestamp":"2026-06-25T16:12:16.387Z"}
{"level":"info","message":"POST /api/auth/logout - ::1","service":"inventory-api","timestamp":"2026-06-25T16:12:16.392Z"}
{"level":"info","message":"POST /api/auth/logout - ::1","service":"inventory-api","timestamp":"2026-06-25T16:12:16.398Z"}
{"level":"info","message":"Server running on port 3000 in development mode","service":"inventory-api","timestamp":"2026-06-25T16:15:09.997Z"}
{"level":"info","message":"API Docs: http://localhost:3000/api-docs","service":"inventory-api","timestamp":"2026-06-25T16:15:10.002Z"}
{"level":"info","message":"POST /api/auth/login - ::1","service":"inventory-api","timestamp":"2026-06-25T16:15:17.407Z"}
{"level":"info","message":"GET /api/dashboard - ::1","service":"inventory-api","timestamp":"2026-06-25T16:15:17.821Z"}
{"level":"info","message":"GET /api/products?page=1&limit=20 - ::1","service":"inventory-api","timestamp":"2026-06-25T16:16:15.214Z"}
{"level":"info","message":"GET /api/categories?page=1&limit=20 - ::1","service":"inventory-api","timestamp":"2026-06-25T16:16:27.912Z"}
{"level":"info","message":"GET /api/inventory?page=1&limit=20 - ::1","service":"inventory-api","timestamp":"2026-06-25T16:16:30.152Z"}
{"level":"info","message":"GET /api/warehouses?limit=100 - ::1","service":"inventory-api","timestamp":"2026-06-25T16:16:30.158Z"}
{"level":"info","message":"GET /api/products?limit=1000&is_active=true - ::1","service":"inventory-api","timestamp":"2026-06-25T16:16:30.166Z"}
{"level":"info","message":"GET /api/warehouses?page=1&limit=20 - ::1","service":"inventory-api","timestamp":"2026-06-25T16:16:38.679Z"}
{"level":"info","message":"GET /api/purchases?page=1&limit=20 - ::1","service":"inventory-api","timestamp":"2026-06-25T16:16:40.664Z"}
{"level":"info","message":"GET /api/sales?page=1&limit=20 - ::1","service":"inventory-api","timestamp":"2026-06-25T16:16:43.076Z"}
{"level":"info","message":"GET /api/customers?limit=1000 - ::1","service":"inventory-api","timestamp":"2026-06-25T16:16:52.497Z"}
{"level":"info","message":"GET /api/warehouses?limit=1000 - ::1","service":"inventory-api","timestamp":"2026-06-25T16:16:52.499Z"}
{"level":"info","message":"GET /api/products?limit=1000&is_active=true - ::1","service":"inventory-api","timestamp":"2026-06-25T16:16:52.502Z"}
{"level":"info","message":"GET /api/sales?page=1&limit=20 - ::1","service":"inventory-api","timestamp":"2026-06-25T16:16:57.901Z"}
{"level":"info","message":"GET /api/products?page=1&limit=20 - ::1","service":"inventory-api","timestamp":"2026-06-25T16:17:00.479Z"}
{"level":"info","message":"GET /api/categories?limit=1000 - ::1","service":"inventory-api","timestamp":"2026-06-25T16:17:02.149Z"}
{"level":"info","message":"GET /api/units - ::1","service":"inventory-api","timestamp":"2026-06-25T16:17:02.154Z"}
{"level":"error","message":"Unhandled Rejection: supabase.from is not a function","service":"inventory-api","stack":"TypeError: supabase.from is not a function\n    at D:\\Praveen Personal\\Projects\\ENM\\backend\\src\\routes\\units.js:8:42\n    at Layer.handle [as handle_request] (D:\\Praveen Personal\\Projects\\ENM\\backend\\node_modules\\express\\lib\\router\\layer.js:95:5)\n    at next (D:\\Praveen Personal\\Projects\\ENM\\backend\\node_modules\\express\\lib\\router\\route.js:149:13)\n    at Route.dispatch (D:\\Praveen Personal\\Projects\\ENM\\backend\\node_modules\\express\\lib\\router\\route.js:119:3)\n    at Layer.handle [as handle_request] (D:\\Praveen Personal\\Projects\\ENM\\backend\\node_modules\\express\\lib\\router\\layer.js:95:5)\n    at D:\\Praveen Personal\\Projects\\ENM\\backend\\node_modules\\express\\lib\\router\\index.js:284:15\n    at Function.process_params (D:\\Praveen Personal\\Projects\\ENM\\backend\\node_modules\\express\\lib\\router\\index.js:346:12)\n    at next (D:\\Praveen Personal\\Projects\\ENM\\backend\\node_modules\\express\\lib\\router\\index.js:280:10)\n    at authenticate (D:\\Praveen Personal\\Projects\\ENM\\backend\\src\\middleware\\auth.js:26:5)\n    at process.processTicksAndRejections (node:internal/process/task_queues:105:5)","timestamp":"2026-06-25T16:17:02.160Z"}
{"level":"info","message":"Server running on port 3000 in development mode","service":"inventory-api","timestamp":"2026-06-28T23:10:56.571Z"}
{"level":"info","message":"API Docs: http://localhost:3000/api-docs","service":"inventory-api","timestamp":"2026-06-28T23:10:56.590Z"}
{"level":"info","message":"POST /api/auth/login - ::1","service":"inventory-api","timestamp":"2026-06-28T23:11:23.937Z"}
{"level":"info","message":"GET /api/dashboard - ::1","service":"inventory-api","timestamp":"2026-06-28T23:11:24.349Z"}
{"level":"info","message":"GET /api/categories?page=1&limit=20 - ::1","service":"inventory-api","timestamp":"2026-06-28T23:11:37.625Z"}
{"level":"info","message":"GET /api/purchases?page=1&limit=20 - ::1","service":"inventory-api","timestamp":"2026-06-28T23:16:44.241Z"}
{"level":"info","message":"GET /api/sales?page=1&limit=20 - ::1","service":"inventory-api","timestamp":"2026-06-28T23:16:45.559Z"}
{"level":"info","message":"GET /api/products?page=1&limit=20 - ::1","service":"inventory-api","timestamp":"2026-06-28T23:16:47.472Z"}
{"level":"info","message":"POST /api/auth/login - ::1","service":"inventory-api","timestamp":"2026-06-28T23:44:33.542Z"}
{"level":"info","message":"GET /api/dashboard - ::1","service":"inventory-api","timestamp":"2026-06-28T23:44:34.033Z"}
{"level":"info","message":"GET /api/products?page=1&limit=20 - ::1","service":"inventory-api","timestamp":"2026-06-28T23:45:04.182Z"}
{"level":"info","message":"GET /api/categories?limit=1000 - ::1","service":"inventory-api","timestamp":"2026-06-28T23:45:10.304Z"}
{"level":"info","message":"GET /api/units - ::1","service":"inventory-api","timestamp":"2026-06-28T23:45:10.306Z"}
{"level":"error","message":"Unhandled Rejection: supabase.from is not a function","service":"inventory-api","stack":"TypeError: supabase.from is not a function\n    at D:\\Praveen Personal\\Projects\\ENM\\backend\\src\\routes\\units.js:8:42\n    at Layer.handle [as handle_request] (D:\\Praveen Personal\\Projects\\ENM\\backend\\node_modules\\express\\lib\\router\\layer.js:95:5)\n    at next (D:\\Praveen Personal\\Projects\\ENM\\backend\\node_modules\\express\\lib\\router\\route.js:149:13)\n    at Route.dispatch (D:\\Praveen Personal\\Projects\\ENM\\backend\\node_modules\\express\\lib\\router\\route.js:119:3)\n    at Layer.handle [as handle_request] (D:\\Praveen Personal\\Projects\\ENM\\backend\\node_modules\\express\\lib\\router\\layer.js:95:5)\n    at D:\\Praveen Personal\\Projects\\ENM\\backend\\node_modules\\express\\lib\\router\\index.js:284:15\n    at Function.process_params (D:\\Praveen Personal\\Projects\\ENM\\backend\\node_modules\\express\\lib\\router\\index.js:346:12)\n    at next (D:\\Praveen Personal\\Projects\\ENM\\backend\\node_modules\\express\\lib\\router\\index.js:280:10)\n    at authenticate (D:\\Praveen Personal\\Projects\\ENM\\backend\\src\\middleware\\auth.js:26:5)\n    at process.processTicksAndRejections (node:internal/process/task_queues:105:5)","timestamp":"2026-06-28T23:45:10.392Z"}
{"level":"info","message":"Server running on port 3000 in development mode","service":"inventory-api","timestamp":"2026-06-29T00:01:03.665Z"}
{"level":"info","message":"API Docs: http://localhost:3000/api-docs","service":"inventory-api","timestamp":"2026-06-29T00:01:03.670Z"}
{"level":"info","message":"POST /api/categories - ::1","service":"inventory-api","timestamp":"2026-06-29T00:01:10.782Z"}
{"level":"info","message":"GET /api/categories?page=1&limit=20 - ::1","service":"inventory-api","timestamp":"2026-06-29T00:01:11.099Z"}
{"level":"info","message":"GET /api/products?page=1&limit=20 - ::1","service":"inventory-api","timestamp":"2026-06-29T00:01:22.809Z"}
{"level":"info","message":"GET /api/categories?limit=1000 - ::1","service":"inventory-api","timestamp":"2026-06-29T00:01:24.387Z"}
{"level":"info","message":"GET /api/units - ::1","service":"inventory-api","timestamp":"2026-06-29T00:01:24.391Z"}
{"level":"info","message":"Server running on port 3000 in development mode","service":"inventory-api","timestamp":"2026-06-29T00:04:25.727Z"}
{"level":"info","message":"API Docs: http://localhost:3000/api-docs","service":"inventory-api","timestamp":"2026-06-29T00:04:25.733Z"}
{"level":"info","message":"GET /api/products?page=1&limit=20 - ::1","service":"inventory-api","timestamp":"2026-06-29T00:04:34.450Z"}
{"level":"info","message":"GET /api/categories?limit=1000 - ::1","service":"inventory-api","timestamp":"2026-06-29T00:04:35.627Z"}
{"level":"info","message":"GET /api/units - ::1","service":"inventory-api","timestamp":"2026-06-29T00:04:35.630Z"}
{"level":"info","message":"POST /api/products - ::1","service":"inventory-api","timestamp":"2026-06-29T00:06:04.352Z"}
{"level":"info","message":"GET /api/products?page=1&limit=20 - ::1","service":"inventory-api","timestamp":"2026-06-29T00:06:05.210Z"}
{"level":"info","message":"GET /api/purchases?page=1&limit=20 - ::1","service":"inventory-api","timestamp":"2026-06-29T00:06:19.225Z"}
{"level":"info","message":"GET /api/sales?page=1&limit=20 - ::1","service":"inventory-api","timestamp":"2026-06-29T00:06:23.291Z"}
{"level":"info","message":"GET /api/customers?page=1&limit=20 - ::1","service":"inventory-api","timestamp":"2026-06-29T00:06:26.960Z"}
{"level":"info","message":"GET /api/suppliers?page=1&limit=20 - ::1","service":"inventory-api","timestamp":"2026-06-29T00:06:28.903Z"}
{"level":"info","message":"GET /api/inventory?page=1&limit=20 - ::1","service":"inventory-api","timestamp":"2026-06-29T00:06:31.979Z"}
{"level":"info","message":"GET /api/warehouses?limit=100 - ::1","service":"inventory-api","timestamp":"2026-06-29T00:06:31.984Z"}
{"level":"info","message":"GET /api/products?limit=1000&is_active=true - ::1","service":"inventory-api","timestamp":"2026-06-29T00:06:31.988Z"}
{"level":"info","message":"GET /api/warehouses?page=1&limit=20 - ::1","service":"inventory-api","timestamp":"2026-06-29T00:08:41.173Z"}
{"level":"info","message":"POST /api/warehouses - ::1","service":"inventory-api","timestamp":"2026-06-29T00:09:28.420Z"}
{"level":"info","message":"GET /api/warehouses?page=1&limit=20 - ::1","service":"inventory-api","timestamp":"2026-06-29T00:09:28.528Z"}
{"level":"info","message":"GET /api/inventory?page=1&limit=20 - ::1","service":"inventory-api","timestamp":"2026-06-29T00:09:34.734Z"}
{"level":"info","message":"GET /api/warehouses?limit=100 - ::1","service":"inventory-api","timestamp":"2026-06-29T00:09:34.737Z"}
{"level":"info","message":"GET /api/products?limit=1000&is_active=true - ::1","service":"inventory-api","timestamp":"2026-06-29T00:09:34.739Z"}
{"level":"info","message":"POST /api/inventory/stock-in - ::1","service":"inventory-api","timestamp":"2026-06-29T00:09:43.137Z"}
{"level":"info","message":"GET /api/inventory?page=1&limit=20 - ::1","service":"inventory-api","timestamp":"2026-06-29T00:09:43.170Z"}
{"level":"info","message":"GET /api/purchases?page=1&limit=20 - ::1","service":"inventory-api","timestamp":"2026-06-29T00:09:49.298Z"}
{"level":"info","message":"GET /api/sales?page=1&limit=20 - ::1","service":"inventory-api","timestamp":"2026-06-29T00:09:53.611Z"}
{"level":"info","message":"GET /api/suppliers?page=1&limit=20 - ::1","service":"inventory-api","timestamp":"2026-06-29T00:09:56.230Z"}
{"level":"info","message":"GET /api/customers?page=1&limit=20 - ::1","service":"inventory-api","timestamp":"2026-06-29T00:09:59.020Z"}
{"level":"info","message":"GET /api/users?page=1&limit=20 - ::1","service":"inventory-api","timestamp":"2026-06-29T00:10:02.574Z"}
{"level":"info","message":"GET /api/users?page=1&limit=50 - ::1","service":"inventory-api","timestamp":"2026-06-29T00:10:11.817Z"}
{"level":"info","message":"GET /api/users?page=1&limit=10 - ::1","service":"inventory-api","timestamp":"2026-06-29T00:10:13.035Z"}
{"level":"info","message":"GET /api/sales?page=1&limit=20 - ::1","service":"inventory-api","timestamp":"2026-06-29T00:10:18.197Z"}
{"level":"info","message":"GET /api/purchases?page=1&limit=20 - ::1","service":"inventory-api","timestamp":"2026-06-29T00:10:19.907Z"}
{"level":"info","message":"GET /api/inventory?page=1&limit=20 - ::1","service":"inventory-api","timestamp":"2026-06-29T00:10:20.713Z"}
{"level":"info","message":"GET /api/warehouses?limit=100 - ::1","service":"inventory-api","timestamp":"2026-06-29T00:10:20.717Z"}
{"level":"info","message":"GET /api/products?limit=1000&is_active=true - ::1","service":"inventory-api","timestamp":"2026-06-29T00:10:20.719Z"}
{"level":"info","message":"GET /api/categories?page=1&limit=20 - ::1","service":"inventory-api","timestamp":"2026-06-29T00:10:21.691Z"}
{"level":"info","message":"GET /api/products?page=1&limit=20 - ::1","service":"inventory-api","timestamp":"2026-06-29T00:10:22.342Z"}
{"level":"info","message":"GET /api/users?page=1&limit=20 - ::1","service":"inventory-api","timestamp":"2026-06-29T00:10:25.950Z"}
{"level":"info","message":"POST /api/auth/login - ::1","service":"inventory-api","timestamp":"2026-06-29T00:11:02.418Z"}
{"level":"info","message":"GET /api/dashboard - ::1","service":"inventory-api","timestamp":"2026-06-29T00:11:02.692Z"}
{"level":"info","message":"GET /api/sales?page=1&limit=20 - ::1","service":"inventory-api","timestamp":"2026-06-29T00:11:18.181Z"}
{"level":"info","message":"GET /api/purchases?page=1&limit=20 - ::1","service":"inventory-api","timestamp":"2026-06-29T00:11:19.618Z"}
{"level":"info","message":"GET /api/inventory?page=1&limit=20 - ::1","service":"inventory-api","timestamp":"2026-06-29T00:11:20.373Z"}
{"level":"info","message":"GET /api/warehouses?limit=100 - ::1","service":"inventory-api","timestamp":"2026-06-29T00:11:20.377Z"}
{"level":"info","message":"GET /api/products?limit=1000&is_active=true - ::1","service":"inventory-api","timestamp":"2026-06-29T00:11:20.379Z"}
{"level":"info","message":"GET /api/customers?page=1&limit=20 - ::1","service":"inventory-api","timestamp":"2026-06-29T00:11:30.575Z"}
{"level":"info","message":"POST /api/customers - ::1","service":"inventory-api","timestamp":"2026-06-29T00:12:06.515Z"}
{"level":"info","message":"GET /api/customers?page=1&limit=20 - ::1","service":"inventory-api","timestamp":"2026-06-29T00:12:06.611Z"}
{"level":"info","message":"GET /api/sales?page=1&limit=20 - ::1","service":"inventory-api","timestamp":"2026-06-29T00:12:10.320Z"}
{"level":"info","message":"GET /api/customers?limit=1000 - ::1","service":"inventory-api","timestamp":"2026-06-29T00:12:12.576Z"}
{"level":"info","message":"GET /api/warehouses?limit=1000 - ::1","service":"inventory-api","timestamp":"2026-06-29T00:12:12.580Z"}
{"level":"info","message":"GET /api/products?limit=1000&is_active=true - ::1","service":"inventory-api","timestamp":"2026-06-29T00:12:12.583Z"}
{"level":"info","message":"POST /api/sales - ::1","service":"inventory-api","timestamp":"2026-06-29T00:12:55.948Z"}
{"level":"info","message":"GET /api/sales?page=1&limit=20 - ::1","service":"inventory-api","timestamp":"2026-06-29T00:12:56.060Z"}
{"level":"info","message":"GET /api/sales/d4b3551b-e0db-4c51-a45d-9ad9b4867c41/pdf - ::1","service":"inventory-api","timestamp":"2026-06-29T00:13:03.443Z"}
{"level":"info","message":"GET /api/sales/d4b3551b-e0db-4c51-a45d-9ad9b4867c41 - ::1","service":"inventory-api","timestamp":"2026-06-29T00:13:08.859Z"}
{"level":"info","message":"GET /api/sales?page=1&limit=20 - ::1","service":"inventory-api","timestamp":"2026-06-29T00:13:17.209Z"}
{"level":"info","message":"GET /api/customers?limit=1000 - ::1","service":"inventory-api","timestamp":"2026-06-29T00:13:18.936Z"}
{"level":"info","message":"GET /api/warehouses?limit=1000 - ::1","service":"inventory-api","timestamp":"2026-06-29T00:13:18.940Z"}
{"level":"info","message":"GET /api/products?limit=1000&is_active=true - ::1","service":"inventory-api","timestamp":"2026-06-29T00:13:18.959Z"}
{"level":"info","message":"POST /api/sales - ::1","service":"inventory-api","timestamp":"2026-06-29T00:14:34.346Z"}
{"level":"info","message":"GET /api/sales?page=1&limit=20 - ::1","service":"inventory-api","timestamp":"2026-06-29T00:14:34.488Z"}
{"level":"info","message":"GET /api/sales/d4b3551b-e0db-4c51-a45d-9ad9b4867c41/pdf - ::1","service":"inventory-api","timestamp":"2026-06-29T00:14:43.885Z"}
{"level":"info","message":"GET /api/sales/d4b3551b-e0db-4c51-a45d-9ad9b4867c41 - ::1","service":"inventory-api","timestamp":"2026-06-29T00:15:11.813Z"}
{"level":"info","message":"GET /api/customers?page=1&limit=20 - ::1","service":"inventory-api","timestamp":"2026-06-29T00:15:25.944Z"}
{"level":"info","message":"GET /api/customers/3b6343d8-0791-4c2b-9b54-629e355d3ca1 - ::1","service":"inventory-api","timestamp":"2026-06-29T00:15:31.924Z"}
{"level":"info","message":"GET /api/dashboard - ::1","service":"inventory-api","timestamp":"2026-06-29T00:15:43.144Z"}
{"level":"info","message":"POST /api/auth/login - ::1","service":"inventory-api","timestamp":"2026-06-29T00:16:30.230Z"}
{"level":"info","message":"GET /api/dashboard - ::1","service":"inventory-api","timestamp":"2026-06-29T00:16:30.434Z"}
{"level":"info","message":"GET /api/inventory?page=1&limit=20 - ::1","service":"inventory-api","timestamp":"2026-06-29T00:16:36.215Z"}
{"level":"info","message":"GET /api/warehouses?limit=100 - ::1","service":"inventory-api","timestamp":"2026-06-29T00:16:36.217Z"}
{"level":"info","message":"GET /api/products?limit=1000&is_active=true - ::1","service":"inventory-api","timestamp":"2026-06-29T00:16:36.220Z"}
{"level":"info","message":"GET /api/sales?page=1&limit=20 - ::1","service":"inventory-api","timestamp":"2026-06-29T00:16:46.160Z"}
{"level":"info","message":"GET /api/customers?page=1&limit=20 - ::1","service":"inventory-api","timestamp":"2026-06-29T00:16:53.296Z"}
{"level":"info","message":"GET /api/customers/3b6343d8-0791-4c2b-9b54-629e355d3ca1 - ::1","service":"inventory-api","timestamp":"2026-06-29T00:16:54.953Z"}
{"level":"info","message":"PUT /api/customers/3b6343d8-0791-4c2b-9b54-629e355d3ca1 - ::1","service":"inventory-api","timestamp":"2026-06-29T00:17:05.719Z"}
{"level":"info","message":"GET /api/customers?page=1&limit=20 - ::1","service":"inventory-api","timestamp":"2026-06-29T00:17:05.749Z"}
{"level":"info","message":"GET /api/sales?page=1&limit=20 - ::1","service":"inventory-api","timestamp":"2026-06-29T00:17:08.356Z"}
{"level":"info","message":"GET /api/purchases?page=1&limit=20 - ::1","service":"inventory-api","timestamp":"2026-06-29T00:17:36.170Z"}
{"level":"info","message":"GET /api/suppliers?limit=1000 - ::1","service":"inventory-api","timestamp":"2026-06-29T00:17:37.480Z"}
{"level":"info","message":"GET /api/warehouses?limit=1000 - ::1","service":"inventory-api","timestamp":"2026-06-29T00:17:37.482Z"}
{"level":"info","message":"GET /api/products?limit=1000&is_active=true - ::1","service":"inventory-api","timestamp":"2026-06-29T00:17:37.488Z"}
{"level":"info","message":"GET /api/suppliers?page=1&limit=20 - ::1","service":"inventory-api","timestamp":"2026-06-29T00:17:40.899Z"}
{"level":"info","message":"POST /api/suppliers - ::1","service":"inventory-api","timestamp":"2026-06-29T00:17:52.890Z"}
{"level":"info","message":"GET /api/suppliers?page=1&limit=20 - ::1","service":"inventory-api","timestamp":"2026-06-29T00:21:21.541Z"}
{"level":"info","message":"POST /api/suppliers - ::1","service":"inventory-api","timestamp":"2026-06-29T00:21:29.349Z"}
{"level":"info","message":"GET /api/suppliers?page=1&limit=20 - ::1","service":"inventory-api","timestamp":"2026-06-29T00:21:29.381Z"}
{"level":"info","message":"GET /api/purchases?page=1&limit=20 - ::1","service":"inventory-api","timestamp":"2026-06-29T00:21:32.168Z"}
{"level":"info","message":"GET /api/suppliers?limit=1000 - ::1","service":"inventory-api","timestamp":"2026-06-29T00:21:34.358Z"}
{"level":"info","message":"GET /api/warehouses?limit=1000 - ::1","service":"inventory-api","timestamp":"2026-06-29T00:21:34.361Z"}
{"level":"info","message":"GET /api/products?limit=1000&is_active=true - ::1","service":"inventory-api","timestamp":"2026-06-29T00:21:34.363Z"}
{"level":"info","message":"POST /api/purchases - ::1","service":"inventory-api","timestamp":"2026-06-29T00:22:42.542Z"}
{"level":"info","message":"GET /api/purchases?page=1&limit=20 - ::1","service":"inventory-api","timestamp":"2026-06-29T00:22:42.667Z"}
{"level":"info","message":"PATCH /api/purchases/fc7a39c0-0d6a-4fdd-8e24-de62cb02b9a4/status - ::1","service":"inventory-api","timestamp":"2026-06-29T00:22:56.052Z"}
{"level":"info","message":"GET /api/sales?page=1&limit=20 - ::1","service":"inventory-api","timestamp":"2026-06-29T00:22:59.711Z"}
{"level":"info","message":"GET /api/sales/b2bf9c81-15ce-4d34-8ee2-7102def0334d - ::1","service":"inventory-api","timestamp":"2026-06-29T00:23:06.533Z"}
{"level":"info","message":"GET /api/purchases?page=1&limit=20 - ::1","service":"inventory-api","timestamp":"2026-06-29T00:23:21.263Z"}
{"level":"info","message":"GET /api/inventory?page=1&limit=20 - ::1","service":"inventory-api","timestamp":"2026-06-29T00:23:25.027Z"}
{"level":"info","message":"GET /api/warehouses?limit=100 - ::1","service":"inventory-api","timestamp":"2026-06-29T00:23:25.029Z"}
{"level":"info","message":"GET /api/products?limit=1000&is_active=true - ::1","service":"inventory-api","timestamp":"2026-06-29T00:23:25.030Z"}
{"level":"info","message":"GET /api/purchases?page=1&limit=20 - ::1","service":"inventory-api","timestamp":"2026-06-29T00:23:46.016Z"}
{"level":"info","message":"GET /api/purchases/fc7a39c0-0d6a-4fdd-8e24-de62cb02b9a4/pdf - ::1","service":"inventory-api","timestamp":"2026-06-29T00:23:50.832Z"}
{"level":"info","message":"GET /api/products?page=1&limit=20 - ::1","service":"inventory-api","timestamp":"2026-06-29T00:24:10.511Z"}
{"level":"info","message":"GET /api/dashboard - ::1","service":"inventory-api","timestamp":"2026-06-29T00:24:12.973Z"}
{"level":"info","message":"GET /api/users?page=1&limit=20 - ::1","service":"inventory-api","timestamp":"2026-06-29T00:24:24.208Z"}
{"level":"info","message":"GET /api/audit-logs?page=1&limit=20 - ::1","service":"inventory-api","timestamp":"2026-06-29T00:24:25.356Z"}
{"level":"info","message":"GET /api/notifications?page=1&limit=20 - ::1","service":"inventory-api","timestamp":"2026-06-29T00:24:34.571Z"}
{"level":"info","message":"PATCH /api/notifications/mark-all-read - ::1","service":"inventory-api","timestamp":"2026-06-29T00:24:37.490Z"}
{"level":"info","message":"POST /api/notifications/check-stock - ::1","service":"inventory-api","timestamp":"2026-06-29T00:24:40.235Z"}
{"level":"info","message":"GET /api/notifications?page=1&limit=20 - ::1","service":"inventory-api","timestamp":"2026-06-29T00:24:40.255Z"}
{"level":"info","message":"GET /api/customers?page=1&limit=20 - ::1","service":"inventory-api","timestamp":"2026-06-29T00:24:45.626Z"}
{"level":"info","message":"GET /api/suppliers?page=1&limit=20 - ::1","service":"inventory-api","timestamp":"2026-06-29T00:24:47.556Z"}
{"level":"info","message":"GET /api/sales?page=1&limit=20 - ::1","service":"inventory-api","timestamp":"2026-06-29T00:24:50.378Z"}
{"level":"info","message":"GET /api/customers?limit=1000 - ::1","service":"inventory-api","timestamp":"2026-06-29T00:24:52.970Z"}
{"level":"info","message":"GET /api/warehouses?limit=1000 - ::1","service":"inventory-api","timestamp":"2026-06-29T00:24:52.972Z"}
{"level":"info","message":"GET /api/products?limit=1000&is_active=true - ::1","service":"inventory-api","timestamp":"2026-06-29T00:24:52.975Z"}
{"level":"info","message":"GET /api/sales?page=1&limit=20 - ::1","service":"inventory-api","timestamp":"2026-06-29T00:25:41.073Z"}
{"level":"info","message":"GET /api/categories?page=1&limit=20 - ::1","service":"inventory-api","timestamp":"2026-06-29T00:25:48.834Z"}
{"level":"info","message":"GET /api/products?page=1&limit=20 - ::1","service":"inventory-api","timestamp":"2026-06-29T00:25:49.928Z"}
{"level":"info","message":"GET /api/users?page=1&limit=20 - ::1","service":"inventory-api","timestamp":"2026-06-29T00:25:53.722Z"}
{"level":"info","message":"Server running on port 3000 in development mode","service":"inventory-api","timestamp":"2026-06-29T01:26:59.585Z"}
{"level":"info","message":"API Docs: http://localhost:3000/api-docs","service":"inventory-api","timestamp":"2026-06-29T01:26:59.601Z"}
{"level":"info","message":"POST /api/auth/login - ::1","service":"inventory-api","timestamp":"2026-06-29T01:27:05.876Z"}
{"level":"info","message":"GET /api/permissions/my-permissions - ::1","service":"inventory-api","timestamp":"2026-06-29T01:27:06.414Z"}
{"level":"info","message":"GET /api/dashboard - ::1","service":"inventory-api","timestamp":"2026-06-29T01:27:06.422Z"}
{"level":"info","message":"POST /api/auth/logout - ::1","service":"inventory-api","timestamp":"2026-06-29T01:27:13.921Z"}
{"level":"info","message":"POST /api/auth/logout - ::1","service":"inventory-api","timestamp":"2026-06-29T01:27:13.932Z"}
{"level":"info","message":"POST /api/auth/logout - ::1","service":"inventory-api","timestamp":"2026-06-29T01:27:13.975Z"}
{"level":"info","message":"POST /api/auth/logout - ::1","service":"inventory-api","timestamp":"2026-06-29T01:27:13.983Z"}
{"level":"info","message":"POST /api/auth/logout - ::1","service":"inventory-api","timestamp":"2026-06-29T01:27:13.991Z"}
{"level":"info","message":"POST /api/auth/logout - ::1","service":"inventory-api","timestamp":"2026-06-29T01:27:14.000Z"}
{"level":"info","message":"POST /api/auth/logout - ::1","service":"inventory-api","timestamp":"2026-06-29T01:27:14.007Z"}
{"level":"info","message":"POST /api/auth/logout - ::1","service":"inventory-api","timestamp":"2026-06-29T01:27:14.015Z"}
{"level":"info","message":"POST /api/auth/logout - ::1","service":"inventory-api","timestamp":"2026-06-29T01:27:14.021Z"}
{"level":"info","message":"POST /api/auth/logout - ::1","service":"inventory-api","timestamp":"2026-06-29T01:27:14.029Z"}
{"level":"info","message":"POST /api/auth/logout - ::1","service":"inventory-api","timestamp":"2026-06-29T01:27:14.035Z"}
{"level":"info","message":"POST /api/auth/logout - ::1","service":"inventory-api","timestamp":"2026-06-29T01:27:14.042Z"}
{"level":"info","message":"POST /api/auth/logout - ::1","service":"inventory-api","timestamp":"2026-06-29T01:27:14.050Z"}
{"level":"info","message":"POST /api/auth/logout - ::1","service":"inventory-api","timestamp":"2026-06-29T01:27:14.056Z"}
{"level":"info","message":"POST /api/auth/logout - ::1","service":"inventory-api","timestamp":"2026-06-29T01:27:14.066Z"}
{"level":"info","message":"POST /api/auth/logout - ::1","service":"inventory-api","timestamp":"2026-06-29T01:27:14.073Z"}
{"level":"info","message":"POST /api/auth/logout - ::1","service":"inventory-api","timestamp":"2026-06-29T01:27:14.081Z"}
{"level":"info","message":"POST /api/auth/logout - ::1","service":"inventory-api","timestamp":"2026-06-29T01:27:14.086Z"}
{"level":"info","message":"POST /api/auth/logout - ::1","service":"inventory-api","timestamp":"2026-06-29T01:27:14.094Z"}
{"level":"info","message":"POST /api/auth/logout - ::1","service":"inventory-api","timestamp":"2026-06-29T01:27:14.100Z"}
{"level":"info","message":"POST /api/auth/logout - ::1","service":"inventory-api","timestamp":"2026-06-29T01:27:14.105Z"}
{"level":"info","message":"POST /api/auth/logout - ::1","service":"inventory-api","timestamp":"2026-06-29T01:27:14.112Z"}
{"level":"info","message":"POST /api/auth/logout - ::1","service":"inventory-api","timestamp":"2026-06-29T01:27:14.117Z"}
{"level":"info","message":"POST /api/auth/logout - ::1","service":"inventory-api","timestamp":"2026-06-29T01:27:14.121Z"}
{"level":"info","message":"POST /api/auth/logout - ::1","service":"inventory-api","timestamp":"2026-06-29T01:27:14.128Z"}
{"level":"info","message":"POST /api/auth/logout - ::1","service":"inventory-api","timestamp":"2026-06-29T01:27:14.133Z"}
{"level":"info","message":"POST /api/auth/logout - ::1","service":"inventory-api","timestamp":"2026-06-29T01:27:14.138Z"}
{"level":"info","message":"POST /api/auth/logout - ::1","service":"inventory-api","timestamp":"2026-06-29T01:27:14.145Z"}
{"level":"info","message":"POST /api/auth/logout - ::1","service":"inventory-api","timestamp":"2026-06-29T01:27:14.150Z"}
{"level":"info","message":"POST /api/auth/logout - ::1","service":"inventory-api","timestamp":"2026-06-29T01:27:14.155Z"}
{"level":"info","message":"POST /api/auth/logout - ::1","service":"inventory-api","timestamp":"2026-06-29T01:27:14.161Z"}
{"level":"info","message":"POST /api/auth/logout - ::1","service":"inventory-api","timestamp":"2026-06-29T01:27:14.167Z"}
{"level":"info","message":"POST /api/auth/logout - ::1","service":"inventory-api","timestamp":"2026-06-29T01:27:14.172Z"}
{"level":"info","message":"POST /api/auth/logout - ::1","service":"inventory-api","timestamp":"2026-06-29T01:27:14.178Z"}
{"level":"info","message":"POST /api/auth/logout - ::1","service":"inventory-api","timestamp":"2026-06-29T01:27:14.184Z"}
{"level":"info","message":"POST /api/auth/logout - ::1","service":"inventory-api","timestamp":"2026-06-29T01:27:14.189Z"}
{"level":"info","message":"POST /api/auth/logout - ::1","service":"inventory-api","timestamp":"2026-06-29T01:27:14.196Z"}
{"level":"info","message":"POST /api/auth/logout - ::1","service":"inventory-api","timestamp":"2026-06-29T01:27:14.201Z"}
{"level":"info","message":"POST /api/auth/logout - ::1","service":"inventory-api","timestamp":"2026-06-29T01:27:14.206Z"}
{"level":"info","message":"POST /api/auth/logout - ::1","service":"inventory-api","timestamp":"2026-06-29T01:27:14.213Z"}
{"level":"info","message":"POST /api/auth/logout - ::1","service":"inventory-api","timestamp":"2026-06-29T01:27:14.218Z"}
{"level":"info","message":"POST /api/auth/logout - ::1","service":"inventory-api","timestamp":"2026-06-29T01:27:14.223Z"}
{"level":"info","message":"POST /api/auth/logout - ::1","service":"inventory-api","timestamp":"2026-06-29T01:27:14.229Z"}
{"level":"info","message":"POST /api/auth/logout - ::1","service":"inventory-api","timestamp":"2026-06-29T01:27:14.234Z"}
{"level":"info","message":"POST /api/auth/logout - ::1","service":"inventory-api","timestamp":"2026-06-29T01:27:14.240Z"}
{"level":"info","message":"POST /api/auth/logout - ::1","service":"inventory-api","timestamp":"2026-06-29T01:27:14.245Z"}
{"level":"info","message":"POST /api/auth/logout - ::1","service":"inventory-api","timestamp":"2026-06-29T01:27:14.250Z"}
{"level":"info","message":"POST /api/auth/logout - ::1","service":"inventory-api","timestamp":"2026-06-29T01:27:14.255Z"}
{"level":"info","message":"POST /api/auth/logout - ::1","service":"inventory-api","timestamp":"2026-06-29T01:27:14.261Z"}
{"level":"info","message":"POST /api/auth/logout - ::1","service":"inventory-api","timestamp":"2026-06-29T01:27:14.267Z"}
{"level":"info","message":"POST /api/auth/logout - ::1","service":"inventory-api","timestamp":"2026-06-29T01:27:14.272Z"}
{"level":"info","message":"POST /api/auth/logout - ::1","service":"inventory-api","timestamp":"2026-06-29T01:27:14.279Z"}
{"level":"info","message":"POST /api/auth/logout - ::1","service":"inventory-api","timestamp":"2026-06-29T01:27:14.284Z"}
{"level":"info","message":"POST /api/auth/logout - ::1","service":"inventory-api","timestamp":"2026-06-29T01:27:14.288Z"}
{"level":"info","message":"POST /api/auth/logout - ::1","service":"inventory-api","timestamp":"2026-06-29T01:27:14.295Z"}
{"level":"info","message":"POST /api/auth/logout - ::1","service":"inventory-api","timestamp":"2026-06-29T01:27:14.300Z"}
{"level":"info","message":"POST /api/auth/logout - ::1","service":"inventory-api","timestamp":"2026-06-29T01:27:14.306Z"}
{"level":"info","message":"POST /api/auth/logout - ::1","service":"inventory-api","timestamp":"2026-06-29T01:27:14.311Z"}
{"level":"info","message":"POST /api/auth/logout - ::1","service":"inventory-api","timestamp":"2026-06-29T01:27:14.316Z"}
{"level":"info","message":"POST /api/auth/logout - ::1","service":"inventory-api","timestamp":"2026-06-29T01:27:14.321Z"}
{"level":"info","message":"POST /api/auth/logout - ::1","service":"inventory-api","timestamp":"2026-06-29T01:27:14.328Z"}
{"level":"info","message":"POST /api/auth/logout - ::1","service":"inventory-api","timestamp":"2026-06-29T01:27:14.332Z"}
{"level":"info","message":"POST /api/auth/logout - ::1","service":"inventory-api","timestamp":"2026-06-29T01:27:14.337Z"}
{"level":"info","message":"POST /api/auth/logout - ::1","service":"inventory-api","timestamp":"2026-06-29T01:27:14.344Z"}
{"level":"info","message":"POST /api/auth/logout - ::1","service":"inventory-api","timestamp":"2026-06-29T01:27:14.348Z"}
{"level":"info","message":"POST /api/auth/logout - ::1","service":"inventory-api","timestamp":"2026-06-29T01:27:14.353Z"}
{"level":"info","message":"POST /api/auth/logout - ::1","service":"inventory-api","timestamp":"2026-06-29T01:27:14.360Z"}
{"level":"info","message":"POST /api/auth/logout - ::1","service":"inventory-api","timestamp":"2026-06-29T01:27:14.365Z"}
{"level":"info","message":"POST /api/auth/logout - ::1","service":"inventory-api","timestamp":"2026-06-29T01:27:14.370Z"}
{"level":"info","message":"POST /api/auth/logout - ::1","service":"inventory-api","timestamp":"2026-06-29T01:27:14.376Z"}
{"level":"info","message":"POST /api/auth/logout - ::1","service":"inventory-api","timestamp":"2026-06-29T01:27:14.381Z"}
{"level":"info","message":"POST /api/auth/logout - ::1","service":"inventory-api","timestamp":"2026-06-29T01:27:14.386Z"}
{"level":"info","message":"POST /api/auth/logout - ::1","service":"inventory-api","timestamp":"2026-06-29T01:27:14.393Z"}
{"level":"info","message":"POST /api/auth/logout - ::1","service":"inventory-api","timestamp":"2026-06-29T01:27:14.398Z"}
{"level":"info","message":"POST /api/auth/logout - ::1","service":"inventory-api","timestamp":"2026-06-29T01:27:14.403Z"}
{"level":"info","message":"POST /api/auth/logout - ::1","service":"inventory-api","timestamp":"2026-06-29T01:27:14.409Z"}
{"level":"info","message":"POST /api/auth/logout - ::1","service":"inventory-api","timestamp":"2026-06-29T01:27:14.414Z"}
{"level":"info","message":"POST /api/auth/logout - ::1","service":"inventory-api","timestamp":"2026-06-29T01:27:14.419Z"}
{"level":"info","message":"POST /api/auth/logout - ::1","service":"inventory-api","timestamp":"2026-06-29T01:27:14.426Z"}
{"level":"info","message":"POST /api/auth/logout - ::1","service":"inventory-api","timestamp":"2026-06-29T01:27:14.431Z"}
{"level":"info","message":"POST /api/auth/logout - ::1","service":"inventory-api","timestamp":"2026-06-29T01:27:14.437Z"}
{"level":"info","message":"POST /api/auth/logout - ::1","service":"inventory-api","timestamp":"2026-06-29T01:27:14.443Z"}
{"level":"info","message":"POST /api/auth/logout - ::1","service":"inventory-api","timestamp":"2026-06-29T01:27:14.448Z"}
{"level":"info","message":"POST /api/auth/logout - ::1","service":"inventory-api","timestamp":"2026-06-29T01:27:14.453Z"}
{"level":"info","message":"POST /api/auth/logout - ::1","service":"inventory-api","timestamp":"2026-06-29T01:27:14.460Z"}
{"level":"info","message":"POST /api/auth/logout - ::1","service":"inventory-api","timestamp":"2026-06-29T01:27:14.465Z"}
{"level":"info","message":"POST /api/auth/logout - ::1","service":"inventory-api","timestamp":"2026-06-29T01:27:14.470Z"}
{"level":"info","message":"POST /api/auth/logout - ::1","service":"inventory-api","timestamp":"2026-06-29T01:27:14.476Z"}
{"level":"info","message":"POST /api/auth/logout - ::1","service":"inventory-api","timestamp":"2026-06-29T01:27:14.482Z"}
{"level":"info","message":"POST /api/auth/logout - ::1","service":"inventory-api","timestamp":"2026-06-29T01:27:14.486Z"}
{"level":"info","message":"POST /api/auth/logout - ::1","service":"inventory-api","timestamp":"2026-06-29T01:27:14.494Z"}
{"level":"info","message":"POST /api/auth/logout - ::1","service":"inventory-api","timestamp":"2026-06-29T01:27:14.498Z"}
{"level":"info","message":"POST /api/auth/logout - ::1","service":"inventory-api","timestamp":"2026-06-29T01:27:14.503Z"}
{"level":"info","message":"POST /api/auth/logout - ::1","service":"inventory-api","timestamp":"2026-06-29T01:27:14.510Z"}
{"level":"info","message":"POST /api/auth/logout - ::1","service":"inventory-api","timestamp":"2026-06-29T01:27:14.515Z"}
{"level":"info","message":"POST /api/auth/logout - ::1","service":"inventory-api","timestamp":"2026-06-29T01:27:14.520Z"}
{"level":"info","message":"POST /api/auth/logout - ::1","service":"inventory-api","timestamp":"2026-06-29T01:27:14.527Z"}
{"level":"info","message":"POST /api/auth/logout - ::1","service":"inventory-api","timestamp":"2026-06-29T01:27:14.533Z"}
{"level":"info","message":"POST /api/auth/logout - ::1","service":"inventory-api","timestamp":"2026-06-29T01:27:14.539Z"}
{"level":"info","message":"POST /api/auth/logout - ::1","service":"inventory-api","timestamp":"2026-06-29T01:27:14.546Z"}
{"level":"info","message":"POST /api/auth/logout - ::1","service":"inventory-api","timestamp":"2026-06-29T01:27:14.552Z"}
{"level":"info","message":"POST /api/auth/logout - ::1","service":"inventory-api","timestamp":"2026-06-29T01:27:14.559Z"}
{"level":"info","message":"POST /api/auth/logout - ::1","service":"inventory-api","timestamp":"2026-06-29T01:27:14.565Z"}
{"level":"info","message":"POST /api/auth/logout - ::1","service":"inventory-api","timestamp":"2026-06-29T01:27:14.571Z"}
{"level":"info","message":"POST /api/auth/logout - ::1","service":"inventory-api","timestamp":"2026-06-29T01:27:14.578Z"}
{"level":"info","message":"POST /api/auth/logout - ::1","service":"inventory-api","timestamp":"2026-06-29T01:27:14.583Z"}
{"level":"info","message":"POST /api/auth/logout - ::1","service":"inventory-api","timestamp":"2026-06-29T01:27:14.590Z"}
{"level":"info","message":"POST /api/auth/logout - ::1","service":"inventory-api","timestamp":"2026-06-29T01:27:14.596Z"}
{"level":"info","message":"POST /api/auth/logout - ::1","service":"inventory-api","timestamp":"2026-06-29T01:27:14.602Z"}
{"level":"info","message":"POST /api/auth/logout - ::1","service":"inventory-api","timestamp":"2026-06-29T01:27:14.609Z"}
{"level":"info","message":"POST /api/auth/logout - ::1","service":"inventory-api","timestamp":"2026-06-29T01:27:14.615Z"}
{"level":"info","message":"POST /api/auth/logout - ::1","service":"inventory-api","timestamp":"2026-06-29T01:27:14.621Z"}
{"level":"info","message":"POST /api/auth/logout - ::1","service":"inventory-api","timestamp":"2026-06-29T01:27:14.629Z"}
{"level":"info","message":"POST /api/auth/logout - ::1","service":"inventory-api","timestamp":"2026-06-29T01:27:14.634Z"}
{"level":"info","message":"POST /api/auth/logout - ::1","service":"inventory-api","timestamp":"2026-06-29T01:27:14.641Z"}
{"level":"info","message":"POST /api/auth/logout - ::1","service":"inventory-api","timestamp":"2026-06-29T01:27:14.647Z"}
{"level":"info","message":"POST /api/auth/logout - ::1","service":"inventory-api","timestamp":"2026-06-29T01:27:14.652Z"}
{"level":"info","message":"POST /api/auth/logout - ::1","service":"inventory-api","timestamp":"2026-06-29T01:27:14.657Z"}
{"level":"info","message":"POST /api/auth/logout - ::1","service":"inventory-api","timestamp":"2026-06-29T01:27:14.663Z"}
{"level":"info","message":"POST /api/auth/logout - ::1","service":"inventory-api","timestamp":"2026-06-29T01:27:14.668Z"}
{"level":"info","message":"POST /api/auth/logout - ::1","service":"inventory-api","timestamp":"2026-06-29T01:27:14.674Z"}
{"level":"info","message":"POST /api/auth/logout - ::1","service":"inventory-api","timestamp":"2026-06-29T01:27:14.679Z"}
{"level":"info","message":"POST /api/auth/logout - ::1","service":"inventory-api","timestamp":"2026-06-29T01:27:14.684Z"}
{"level":"info","message":"POST /api/auth/logout - ::1","service":"inventory-api","timestamp":"2026-06-29T01:27:14.689Z"}
{"level":"info","message":"POST /api/auth/logout - ::1","service":"inventory-api","timestamp":"2026-06-29T01:27:14.697Z"}
{"level":"info","message":"POST /api/auth/logout - ::1","service":"inventory-api","timestamp":"2026-06-29T01:27:14.701Z"}
{"level":"info","message":"POST /api/auth/logout - ::1","service":"inventory-api","timestamp":"2026-06-29T01:27:14.707Z"}
{"level":"info","message":"POST /api/auth/logout - ::1","service":"inventory-api","timestamp":"2026-06-29T01:27:14.712Z"}
{"level":"info","message":"POST /api/auth/logout - ::1","service":"inventory-api","timestamp":"2026-06-29T01:27:14.717Z"}
{"level":"info","message":"POST /api/auth/logout - ::1","service":"inventory-api","timestamp":"2026-06-29T01:27:14.723Z"}
{"level":"info","message":"POST /api/auth/logout - ::1","service":"inventory-api","timestamp":"2026-06-29T01:27:14.731Z"}
{"level":"info","message":"POST /api/auth/logout - ::1","service":"inventory-api","timestamp":"2026-06-29T01:27:14.736Z"}
{"level":"info","message":"POST /api/auth/logout - ::1","service":"inventory-api","timestamp":"2026-06-29T01:27:14.744Z"}
{"level":"info","message":"POST /api/auth/logout - ::1","service":"inventory-api","timestamp":"2026-06-29T01:27:14.749Z"}
{"level":"info","message":"POST /api/auth/logout - ::1","service":"inventory-api","timestamp":"2026-06-29T01:27:14.755Z"}
{"level":"info","message":"POST /api/auth/logout - ::1","service":"inventory-api","timestamp":"2026-06-29T01:27:14.762Z"}
{"level":"info","message":"POST /api/auth/logout - ::1","service":"inventory-api","timestamp":"2026-06-29T01:27:14.767Z"}
{"level":"info","message":"POST /api/auth/logout - ::1","service":"inventory-api","timestamp":"2026-06-29T01:27:14.773Z"}
{"level":"info","message":"POST /api/auth/logout - ::1","service":"inventory-api","timestamp":"2026-06-29T01:27:14.780Z"}
{"level":"info","message":"POST /api/auth/logout - ::1","service":"inventory-api","timestamp":"2026-06-29T01:27:14.785Z"}
{"level":"info","message":"POST /api/auth/logout - ::1","service":"inventory-api","timestamp":"2026-06-29T01:27:14.791Z"}
{"level":"info","message":"POST /api/auth/logout - ::1","service":"inventory-api","timestamp":"2026-06-29T01:27:14.798Z"}
{"level":"info","message":"POST /api/auth/logout - ::1","service":"inventory-api","timestamp":"2026-06-29T01:27:14.803Z"}
{"level":"info","message":"POST /api/auth/logout - ::1","service":"inventory-api","timestamp":"2026-06-29T01:27:14.811Z"}
{"level":"info","message":"POST /api/auth/logout - ::1","service":"inventory-api","timestamp":"2026-06-29T01:27:14.816Z"}
{"level":"info","message":"POST /api/auth/logout - ::1","service":"inventory-api","timestamp":"2026-06-29T01:27:14.821Z"}
{"level":"info","message":"POST /api/auth/logout - ::1","service":"inventory-api","timestamp":"2026-06-29T01:27:14.828Z"}
{"level":"info","message":"POST /api/auth/logout - ::1","service":"inventory-api","timestamp":"2026-06-29T01:27:14.833Z"}
{"level":"info","message":"POST /api/auth/logout - ::1","service":"inventory-api","timestamp":"2026-06-29T01:27:14.839Z"}
{"level":"info","message":"POST /api/auth/logout - ::1","service":"inventory-api","timestamp":"2026-06-29T01:27:14.846Z"}
{"level":"info","message":"POST /api/auth/logout - ::1","service":"inventory-api","timestamp":"2026-06-29T01:27:14.852Z"}
{"level":"info","message":"POST /api/auth/logout - ::1","service":"inventory-api","timestamp":"2026-06-29T01:27:14.858Z"}
{"level":"info","message":"POST /api/auth/logout - ::1","service":"inventory-api","timestamp":"2026-06-29T01:27:14.864Z"}
{"level":"info","message":"POST /api/auth/logout - ::1","service":"inventory-api","timestamp":"2026-06-29T01:27:14.869Z"}
{"level":"info","message":"POST /api/auth/logout - ::1","service":"inventory-api","timestamp":"2026-06-29T01:27:14.876Z"}
{"level":"info","message":"POST /api/auth/logout - ::1","service":"inventory-api","timestamp":"2026-06-29T01:27:14.881Z"}
{"level":"info","message":"POST /api/auth/logout - ::1","service":"inventory-api","timestamp":"2026-06-29T01:27:14.886Z"}
{"level":"info","message":"POST /api/auth/logout - ::1","service":"inventory-api","timestamp":"2026-06-29T01:27:14.893Z"}
{"level":"info","message":"POST /api/auth/logout - ::1","service":"inventory-api","timestamp":"2026-06-29T01:27:14.899Z"}
{"level":"info","message":"POST /api/auth/logout - ::1","service":"inventory-api","timestamp":"2026-06-29T01:27:14.904Z"}
{"level":"info","message":"POST /api/auth/logout - ::1","service":"inventory-api","timestamp":"2026-06-29T01:27:14.911Z"}
{"level":"info","message":"POST /api/auth/logout - ::1","service":"inventory-api","timestamp":"2026-06-29T01:27:14.916Z"}
{"level":"info","message":"POST /api/auth/logout - ::1","service":"inventory-api","timestamp":"2026-06-29T01:27:14.921Z"}
{"level":"info","message":"POST /api/auth/logout - ::1","service":"inventory-api","timestamp":"2026-06-29T01:27:14.928Z"}
{"level":"info","message":"POST /api/auth/logout - ::1","service":"inventory-api","timestamp":"2026-06-29T01:27:14.934Z"}
{"level":"info","message":"POST /api/auth/logout - ::1","service":"inventory-api","timestamp":"2026-06-29T01:27:14.940Z"}
{"level":"info","message":"POST /api/auth/logout - ::1","service":"inventory-api","timestamp":"2026-06-29T01:27:14.947Z"}
{"level":"info","message":"POST /api/auth/logout - ::1","service":"inventory-api","timestamp":"2026-06-29T01:27:14.952Z"}
{"level":"info","message":"POST /api/auth/logout - ::1","service":"inventory-api","timestamp":"2026-06-29T01:27:14.958Z"}
{"level":"info","message":"POST /api/auth/logout - ::1","service":"inventory-api","timestamp":"2026-06-29T01:27:14.964Z"}
{"level":"info","message":"POST /api/auth/logout - ::1","service":"inventory-api","timestamp":"2026-06-29T01:27:14.970Z"}
{"level":"info","message":"POST /api/auth/logout - ::1","service":"inventory-api","timestamp":"2026-06-29T01:27:14.977Z"}
{"level":"info","message":"POST /api/auth/logout - ::1","service":"inventory-api","timestamp":"2026-06-29T01:27:14.982Z"}
{"level":"info","message":"POST /api/auth/logout - ::1","service":"inventory-api","timestamp":"2026-06-29T01:27:14.988Z"}
{"level":"info","message":"POST /api/auth/logout - ::1","service":"inventory-api","timestamp":"2026-06-29T01:27:14.995Z"}
{"level":"info","message":"POST /api/auth/logout - ::1","service":"inventory-api","timestamp":"2026-06-29T01:27:15.001Z"}
{"level":"info","message":"POST /api/auth/logout - ::1","service":"inventory-api","timestamp":"2026-06-29T01:27:15.008Z"}
{"level":"info","message":"POST /api/auth/logout - ::1","service":"inventory-api","timestamp":"2026-06-29T01:27:15.014Z"}
{"level":"info","message":"POST /api/auth/logout - ::1","service":"inventory-api","timestamp":"2026-06-29T01:27:15.020Z"}
{"level":"info","message":"POST /api/auth/logout - ::1","service":"inventory-api","timestamp":"2026-06-29T01:27:15.027Z"}
{"level":"info","message":"POST /api/auth/logout - ::1","service":"inventory-api","timestamp":"2026-06-29T01:27:15.033Z"}
{"level":"info","message":"POST /api/auth/logout - ::1","service":"inventory-api","timestamp":"2026-06-29T01:27:15.038Z"}
{"level":"info","message":"POST /api/auth/logout - ::1","service":"inventory-api","timestamp":"2026-06-29T01:27:15.046Z"}
{"level":"info","message":"POST /api/auth/logout - ::1","service":"inventory-api","timestamp":"2026-06-29T01:27:15.051Z"}
{"level":"info","message":"POST /api/auth/logout - ::1","service":"inventory-api","timestamp":"2026-06-29T01:27:15.057Z"}
{"level":"info","message":"POST /api/auth/logout - ::1","service":"inventory-api","timestamp":"2026-06-29T01:27:15.064Z"}
{"level":"info","message":"POST /api/auth/logout - ::1","service":"inventory-api","timestamp":"2026-06-29T01:27:15.069Z"}
{"level":"info","message":"POST /api/auth/logout - ::1","service":"inventory-api","timestamp":"2026-06-29T01:27:15.075Z"}
{"level":"info","message":"POST /api/auth/logout - ::1","service":"inventory-api","timestamp":"2026-06-29T01:27:15.080Z"}
{"level":"info","message":"POST /api/auth/logout - ::1","service":"inventory-api","timestamp":"2026-06-29T01:27:15.085Z"}
{"level":"info","message":"POST /api/auth/logout - ::1","service":"inventory-api","timestamp":"2026-06-29T01:27:15.090Z"}
{"level":"info","message":"POST /api/auth/logout - ::1","service":"inventory-api","timestamp":"2026-06-29T01:27:15.096Z"}
{"level":"info","message":"POST /api/auth/logout - ::1","service":"inventory-api","timestamp":"2026-06-29T01:27:15.100Z"}
{"level":"info","message":"POST /api/auth/logout - ::1","service":"inventory-api","timestamp":"2026-06-29T01:27:15.104Z"}
{"level":"info","message":"POST /api/auth/logout - ::1","service":"inventory-api","timestamp":"2026-06-29T01:27:15.110Z"}
{"level":"info","message":"POST /api/auth/logout - ::1","service":"inventory-api","timestamp":"2026-06-29T01:27:15.114Z"}
{"level":"info","message":"POST /api/auth/logout - ::1","service":"inventory-api","timestamp":"2026-06-29T01:27:15.119Z"}
{"level":"info","message":"POST /api/auth/logout - ::1","service":"inventory-api","timestamp":"2026-06-29T01:27:15.126Z"}
{"level":"info","message":"POST /api/auth/logout - ::1","service":"inventory-api","timestamp":"2026-06-29T01:27:15.131Z"}
{"level":"info","message":"POST /api/auth/logout - ::1","service":"inventory-api","timestamp":"2026-06-29T01:27:15.137Z"}
{"level":"info","message":"POST /api/auth/logout - ::1","service":"inventory-api","timestamp":"2026-06-29T01:27:15.144Z"}
{"level":"info","message":"POST /api/auth/logout - ::1","service":"inventory-api","timestamp":"2026-06-29T01:27:15.148Z"}
{"level":"info","message":"POST /api/auth/logout - ::1","service":"inventory-api","timestamp":"2026-06-29T01:27:15.154Z"}
{"level":"info","message":"POST /api/auth/logout - ::1","service":"inventory-api","timestamp":"2026-06-29T01:27:15.161Z"}
{"level":"info","message":"POST /api/auth/logout - ::1","service":"inventory-api","timestamp":"2026-06-29T01:27:15.167Z"}
{"level":"info","message":"POST /api/auth/logout - ::1","service":"inventory-api","timestamp":"2026-06-29T01:27:15.173Z"}
{"level":"info","message":"POST /api/auth/logout - ::1","service":"inventory-api","timestamp":"2026-06-29T01:27:15.179Z"}
{"level":"info","message":"POST /api/auth/logout - ::1","service":"inventory-api","timestamp":"2026-06-29T01:27:15.184Z"}
{"level":"info","message":"POST /api/auth/logout - ::1","service":"inventory-api","timestamp":"2026-06-29T01:27:15.195Z"}
{"level":"info","message":"POST /api/auth/logout - ::1","service":"inventory-api","timestamp":"2026-06-29T01:27:15.200Z"}
{"level":"info","message":"POST /api/auth/logout - ::1","service":"inventory-api","timestamp":"2026-06-29T01:27:15.205Z"}
{"level":"info","message":"POST /api/auth/logout - ::1","service":"inventory-api","timestamp":"2026-06-29T01:27:15.214Z"}
{"level":"info","message":"POST /api/auth/logout - ::1","service":"inventory-api","timestamp":"2026-06-29T01:27:15.219Z"}
{"level":"info","message":"POST /api/auth/logout - ::1","service":"inventory-api","timestamp":"2026-06-29T01:27:15.226Z"}
{"level":"info","message":"POST /api/auth/logout - ::1","service":"inventory-api","timestamp":"2026-06-29T01:27:15.232Z"}
{"level":"info","message":"POST /api/auth/logout - ::1","service":"inventory-api","timestamp":"2026-06-29T01:27:15.236Z"}
{"level":"info","message":"POST /api/auth/logout - ::1","service":"inventory-api","timestamp":"2026-06-29T01:27:15.243Z"}
{"level":"info","message":"POST /api/auth/logout - ::1","service":"inventory-api","timestamp":"2026-06-29T01:27:15.247Z"}
{"level":"info","message":"POST /api/auth/logout - ::1","service":"inventory-api","timestamp":"2026-06-29T01:27:15.251Z"}
{"level":"info","message":"POST /api/auth/logout - ::1","service":"inventory-api","timestamp":"2026-06-29T01:27:15.257Z"}
{"level":"info","message":"POST /api/auth/logout - ::1","service":"inventory-api","timestamp":"2026-06-29T01:27:15.263Z"}
{"level":"info","message":"POST /api/auth/logout - ::1","service":"inventory-api","timestamp":"2026-06-29T01:27:15.267Z"}
{"level":"info","message":"POST /api/auth/logout - ::1","service":"inventory-api","timestamp":"2026-06-29T01:27:15.272Z"}
{"level":"info","message":"POST /api/auth/logout - ::1","service":"inventory-api","timestamp":"2026-06-29T01:27:15.277Z"}
{"level":"info","message":"POST /api/auth/logout - ::1","service":"inventory-api","timestamp":"2026-06-29T01:27:15.281Z"}
{"level":"info","message":"POST /api/auth/logout - ::1","service":"inventory-api","timestamp":"2026-06-29T01:27:15.285Z"}
{"level":"info","message":"POST /api/auth/logout - ::1","service":"inventory-api","timestamp":"2026-06-29T01:27:15.290Z"}
{"level":"info","message":"POST /api/auth/logout - ::1","service":"inventory-api","timestamp":"2026-06-29T01:27:15.295Z"}
{"level":"info","message":"POST /api/auth/logout - ::1","service":"inventory-api","timestamp":"2026-06-29T01:27:15.300Z"}
{"level":"info","message":"POST /api/auth/logout - ::1","service":"inventory-api","timestamp":"2026-06-29T01:27:15.304Z"}
{"level":"info","message":"POST /api/auth/logout - ::1","service":"inventory-api","timestamp":"2026-06-29T01:27:15.310Z"}
{"level":"info","message":"POST /api/auth/logout - ::1","service":"inventory-api","timestamp":"2026-06-29T01:27:15.315Z"}
{"level":"info","message":"POST /api/auth/logout - ::1","service":"inventory-api","timestamp":"2026-06-29T01:27:15.320Z"}
{"level":"info","message":"POST /api/auth/logout - ::1","service":"inventory-api","timestamp":"2026-06-29T01:27:15.326Z"}
{"level":"info","message":"POST /api/auth/logout - ::1","service":"inventory-api","timestamp":"2026-06-29T01:27:15.331Z"}
{"level":"info","message":"POST /api/auth/logout - ::1","service":"inventory-api","timestamp":"2026-06-29T01:27:15.335Z"}
{"level":"info","message":"POST /api/auth/logout - ::1","service":"inventory-api","timestamp":"2026-06-29T01:27:15.340Z"}
{"level":"info","message":"POST /api/auth/logout - ::1","service":"inventory-api","timestamp":"2026-06-29T01:27:15.346Z"}
{"level":"info","message":"POST /api/auth/logout - ::1","service":"inventory-api","timestamp":"2026-06-29T01:27:15.353Z"}
{"level":"info","message":"POST /api/auth/logout - ::1","service":"inventory-api","timestamp":"2026-06-29T01:27:15.362Z"}
{"level":"info","message":"POST /api/auth/logout - ::1","service":"inventory-api","timestamp":"2026-06-29T01:27:15.370Z"}
{"level":"info","message":"POST /api/auth/logout - ::1","service":"inventory-api","timestamp":"2026-06-29T01:27:15.381Z"}
{"level":"info","message":"POST /api/auth/logout - ::1","service":"inventory-api","timestamp":"2026-06-29T01:27:15.393Z"}
{"level":"info","message":"POST /api/auth/logout - ::1","service":"inventory-api","timestamp":"2026-06-29T01:27:15.399Z"}
{"level":"info","message":"POST /api/auth/logout - ::1","service":"inventory-api","timestamp":"2026-06-29T01:27:15.411Z"}
{"level":"info","message":"POST /api/auth/logout - ::1","service":"inventory-api","timestamp":"2026-06-29T01:27:15.419Z"}
{"level":"info","message":"POST /api/auth/logout - ::1","service":"inventory-api","timestamp":"2026-06-29T01:27:15.431Z"}
{"level":"info","message":"POST /api/auth/logout - ::1","service":"inventory-api","timestamp":"2026-06-29T01:27:15.442Z"}
{"level":"info","message":"POST /api/auth/logout - ::1","service":"inventory-api","timestamp":"2026-06-29T01:27:15.449Z"}
{"level":"info","message":"POST /api/auth/logout - ::1","service":"inventory-api","timestamp":"2026-06-29T01:27:15.453Z"}
{"level":"info","message":"POST /api/auth/logout - ::1","service":"inventory-api","timestamp":"2026-06-29T01:27:15.458Z"}
{"level":"info","message":"POST /api/auth/logout - ::1","service":"inventory-api","timestamp":"2026-06-29T01:27:15.462Z"}
{"level":"info","message":"POST /api/auth/logout - ::1","service":"inventory-api","timestamp":"2026-06-29T01:27:15.469Z"}
{"level":"info","message":"POST /api/auth/logout - ::1","service":"inventory-api","timestamp":"2026-06-29T01:27:15.479Z"}
{"level":"info","message":"POST /api/auth/logout - ::1","service":"inventory-api","timestamp":"2026-06-29T01:27:15.483Z"}
{"level":"info","message":"POST /api/auth/logout - ::1","service":"inventory-api","timestamp":"2026-06-29T01:27:15.487Z"}
{"level":"info","message":"POST /api/auth/logout - ::1","service":"inventory-api","timestamp":"2026-06-29T01:27:15.493Z"}
{"level":"info","message":"POST /api/auth/logout - ::1","service":"inventory-api","timestamp":"2026-06-29T01:27:15.497Z"}
{"level":"info","message":"POST /api/auth/logout - ::1","service":"inventory-api","timestamp":"2026-06-29T01:27:15.501Z"}
{"level":"info","message":"POST /api/auth/logout - ::1","service":"inventory-api","timestamp":"2026-06-29T01:27:15.505Z"}
{"level":"info","message":"POST /api/auth/logout - ::1","service":"inventory-api","timestamp":"2026-06-29T01:27:15.510Z"}
{"level":"info","message":"POST /api/auth/logout - ::1","service":"inventory-api","timestamp":"2026-06-29T01:27:15.514Z"}
{"level":"info","message":"POST /api/auth/logout - ::1","service":"inventory-api","timestamp":"2026-06-29T01:27:15.518Z"}
{"level":"info","message":"POST /api/auth/logout - ::1","service":"inventory-api","timestamp":"2026-06-29T01:27:15.522Z"}
{"level":"info","message":"POST /api/auth/logout - ::1","service":"inventory-api","timestamp":"2026-06-29T01:27:15.527Z"}
{"level":"info","message":"POST /api/auth/logout - ::1","service":"inventory-api","timestamp":"2026-06-29T01:27:15.531Z"}
{"level":"info","message":"POST /api/auth/logout - ::1","service":"inventory-api","timestamp":"2026-06-29T01:27:15.536Z"}
{"level":"info","message":"POST /api/auth/logout - ::1","service":"inventory-api","timestamp":"2026-06-29T01:27:15.543Z"}
{"level":"info","message":"POST /api/auth/logout - ::1","service":"inventory-api","timestamp":"2026-06-29T01:27:15.548Z"}
{"level":"info","message":"POST /api/auth/logout - ::1","service":"inventory-api","timestamp":"2026-06-29T01:27:15.553Z"}
{"level":"info","message":"POST /api/auth/logout - ::1","service":"inventory-api","timestamp":"2026-06-29T01:27:15.560Z"}
{"level":"info","message":"POST /api/auth/logout - ::1","service":"inventory-api","timestamp":"2026-06-29T01:27:15.565Z"}
{"level":"info","message":"POST /api/auth/logout - ::1","service":"inventory-api","timestamp":"2026-06-29T01:27:15.571Z"}
{"level":"info","message":"POST /api/auth/logout - ::1","service":"inventory-api","timestamp":"2026-06-29T01:27:15.577Z"}
{"level":"info","message":"POST /api/auth/logout - ::1","service":"inventory-api","timestamp":"2026-06-29T01:27:15.582Z"}
{"level":"info","message":"POST /api/auth/logout - ::1","service":"inventory-api","timestamp":"2026-06-29T01:27:15.586Z"}
{"level":"info","message":"POST /api/auth/logout - ::1","service":"inventory-api","timestamp":"2026-06-29T01:27:15.593Z"}
{"level":"info","message":"POST /api/auth/logout - ::1","service":"inventory-api","timestamp":"2026-06-29T01:27:15.598Z"}
{"level":"info","message":"POST /api/auth/logout - ::1","service":"inventory-api","timestamp":"2026-06-29T01:27:15.603Z"}
{"level":"info","message":"POST /api/auth/logout - ::1","service":"inventory-api","timestamp":"2026-06-29T01:27:15.610Z"}
{"level":"info","message":"POST /api/auth/logout - ::1","service":"inventory-api","timestamp":"2026-06-29T01:27:15.615Z"}
{"level":"info","message":"POST /api/auth/logout - ::1","service":"inventory-api","timestamp":"2026-06-29T01:27:15.621Z"}
{"level":"info","message":"POST /api/auth/logout - ::1","service":"inventory-api","timestamp":"2026-06-29T01:27:15.628Z"}
{"level":"info","message":"POST /api/auth/logout - ::1","service":"inventory-api","timestamp":"2026-06-29T01:27:15.633Z"}
{"level":"info","message":"POST /api/auth/logout - ::1","service":"inventory-api","timestamp":"2026-06-29T01:27:15.638Z"}
{"level":"info","message":"POST /api/auth/logout - ::1","service":"inventory-api","timestamp":"2026-06-29T01:27:15.643Z"}
{"level":"info","message":"POST /api/auth/logout - ::1","service":"inventory-api","timestamp":"2026-06-29T01:27:15.648Z"}
{"level":"info","message":"POST /api/auth/logout - ::1","service":"inventory-api","timestamp":"2026-06-29T01:27:15.652Z"}
{"level":"info","message":"POST /api/auth/logout - ::1","service":"inventory-api","timestamp":"2026-06-29T01:27:15.657Z"}
{"level":"info","message":"POST /api/auth/logout - ::1","service":"inventory-api","timestamp":"2026-06-29T01:27:15.662Z"}
{"level":"info","message":"POST /api/auth/logout - ::1","service":"inventory-api","timestamp":"2026-06-29T01:27:15.666Z"}
{"level":"info","message":"POST /api/auth/logout - ::1","service":"inventory-api","timestamp":"2026-06-29T01:27:15.670Z"}
{"level":"info","message":"POST /api/auth/logout - ::1","service":"inventory-api","timestamp":"2026-06-29T01:27:15.676Z"}
{"level":"info","message":"POST /api/auth/logout - ::1","service":"inventory-api","timestamp":"2026-06-29T01:27:15.680Z"}
{"level":"info","message":"POST /api/auth/logout - ::1","service":"inventory-api","timestamp":"2026-06-29T01:27:15.685Z"}
{"level":"info","message":"POST /api/auth/logout - ::1","service":"inventory-api","timestamp":"2026-06-29T01:27:15.689Z"}
{"level":"info","message":"POST /api/auth/logout - ::1","service":"inventory-api","timestamp":"2026-06-29T01:27:15.694Z"}
{"level":"info","message":"POST /api/auth/logout - ::1","service":"inventory-api","timestamp":"2026-06-29T01:27:15.699Z"}
{"level":"info","message":"POST /api/auth/logout - ::1","service":"inventory-api","timestamp":"2026-06-29T01:27:15.704Z"}
{"level":"info","message":"POST /api/auth/logout - ::1","service":"inventory-api","timestamp":"2026-06-29T01:27:15.711Z"}
{"level":"info","message":"POST /api/auth/logout - ::1","service":"inventory-api","timestamp":"2026-06-29T01:27:15.716Z"}
{"level":"info","message":"POST /api/auth/logout - ::1","service":"inventory-api","timestamp":"2026-06-29T01:27:15.722Z"}
{"level":"info","message":"POST /api/auth/logout - ::1","service":"inventory-api","timestamp":"2026-06-29T01:27:15.729Z"}
{"level":"info","message":"POST /api/auth/logout - ::1","service":"inventory-api","timestamp":"2026-06-29T01:27:15.734Z"}
{"level":"info","message":"POST /api/auth/logout - ::1","service":"inventory-api","timestamp":"2026-06-29T01:27:15.739Z"}
{"level":"info","message":"POST /api/auth/logout - ::1","service":"inventory-api","timestamp":"2026-06-29T01:27:15.746Z"}
{"level":"info","message":"POST /api/auth/logout - ::1","service":"inventory-api","timestamp":"2026-06-29T01:27:15.751Z"}
{"level":"info","message":"POST /api/auth/logout - ::1","service":"inventory-api","timestamp":"2026-06-29T01:27:15.756Z"}
{"level":"info","message":"POST /api/auth/logout - ::1","service":"inventory-api","timestamp":"2026-06-29T01:27:15.762Z"}
{"level":"info","message":"POST /api/auth/logout - ::1","service":"inventory-api","timestamp":"2026-06-29T01:27:15.768Z"}
{"level":"info","message":"POST /api/auth/logout - ::1","service":"inventory-api","timestamp":"2026-06-29T01:27:15.773Z"}
{"level":"info","message":"POST /api/auth/logout - ::1","service":"inventory-api","timestamp":"2026-06-29T01:27:15.779Z"}
{"level":"info","message":"POST /api/auth/logout - ::1","service":"inventory-api","timestamp":"2026-06-29T01:27:15.784Z"}
{"level":"info","message":"POST /api/auth/logout - ::1","service":"inventory-api","timestamp":"2026-06-29T01:27:15.790Z"}
{"level":"info","message":"POST /api/auth/logout - ::1","service":"inventory-api","timestamp":"2026-06-29T01:27:15.795Z"}
{"level":"info","message":"POST /api/auth/logout - ::1","service":"inventory-api","timestamp":"2026-06-29T01:27:15.800Z"}
{"level":"info","message":"POST /api/auth/logout - ::1","service":"inventory-api","timestamp":"2026-06-29T01:27:15.806Z"}
{"level":"info","message":"POST /api/auth/logout - ::1","service":"inventory-api","timestamp":"2026-06-29T01:27:15.812Z"}
{"level":"info","message":"POST /api/auth/logout - ::1","service":"inventory-api","timestamp":"2026-06-29T01:27:15.817Z"}
{"level":"info","message":"POST /api/auth/logout - ::1","service":"inventory-api","timestamp":"2026-06-29T01:27:15.822Z"}
{"level":"info","message":"POST /api/auth/logout - ::1","service":"inventory-api","timestamp":"2026-06-29T01:27:15.828Z"}
{"level":"info","message":"POST /api/auth/logout - ::1","service":"inventory-api","timestamp":"2026-06-29T01:27:15.832Z"}
{"level":"info","message":"POST /api/auth/logout - ::1","service":"inventory-api","timestamp":"2026-06-29T01:27:15.836Z"}
{"level":"info","message":"POST /api/auth/logout - ::1","service":"inventory-api","timestamp":"2026-06-29T01:27:15.842Z"}
{"level":"info","message":"POST /api/auth/logout - ::1","service":"inventory-api","timestamp":"2026-06-29T01:27:15.846Z"}
{"level":"info","message":"POST /api/auth/logout - ::1","service":"inventory-api","timestamp":"2026-06-29T01:27:15.850Z"}
{"level":"info","message":"POST /api/auth/logout - ::1","service":"inventory-api","timestamp":"2026-06-29T01:27:15.855Z"}
{"level":"info","message":"POST /api/auth/logout - ::1","service":"inventory-api","timestamp":"2026-06-29T01:27:15.860Z"}
{"level":"info","message":"POST /api/auth/logout - ::1","service":"inventory-api","timestamp":"2026-06-29T01:27:15.865Z"}
{"level":"info","message":"POST /api/auth/logout - ::1","service":"inventory-api","timestamp":"2026-06-29T01:27:15.882Z"}
{"level":"info","message":"POST /api/auth/logout - ::1","service":"inventory-api","timestamp":"2026-06-29T01:27:15.889Z"}
{"level":"info","message":"POST /api/auth/logout - ::1","service":"inventory-api","timestamp":"2026-06-29T01:27:15.894Z"}
{"level":"info","message":"POST /api/auth/logout - ::1","service":"inventory-api","timestamp":"2026-06-29T01:27:15.898Z"}
{"level":"info","message":"POST /api/auth/logout - ::1","service":"inventory-api","timestamp":"2026-06-29T01:27:15.901Z"}
{"level":"info","message":"POST /api/auth/logout - ::1","service":"inventory-api","timestamp":"2026-06-29T01:27:15.905Z"}
{"level":"info","message":"POST /api/auth/logout - ::1","service":"inventory-api","timestamp":"2026-06-29T01:27:15.910Z"}
{"level":"info","message":"POST /api/auth/logout - ::1","service":"inventory-api","timestamp":"2026-06-29T01:27:15.914Z"}
{"level":"info","message":"POST /api/auth/logout - ::1","service":"inventory-api","timestamp":"2026-06-29T01:27:15.919Z"}
{"level":"info","message":"POST /api/auth/logout - ::1","service":"inventory-api","timestamp":"2026-06-29T01:27:15.925Z"}
{"level":"info","message":"POST /api/auth/logout - ::1","service":"inventory-api","timestamp":"2026-06-29T01:27:15.930Z"}
{"level":"info","message":"POST /api/auth/logout - ::1","service":"inventory-api","timestamp":"2026-06-29T01:27:15.934Z"}
{"level":"info","message":"POST /api/auth/logout - ::1","service":"inventory-api","timestamp":"2026-06-29T01:27:15.939Z"}
{"level":"info","message":"POST /api/auth/logout - ::1","service":"inventory-api","timestamp":"2026-06-29T01:27:15.945Z"}
{"level":"info","message":"POST /api/auth/logout - ::1","service":"inventory-api","timestamp":"2026-06-29T01:27:15.949Z"}
{"level":"info","message":"POST /api/auth/logout - ::1","service":"inventory-api","timestamp":"2026-06-29T01:27:15.954Z"}
{"level":"info","message":"POST /api/auth/logout - ::1","service":"inventory-api","timestamp":"2026-06-29T01:27:15.959Z"}
{"level":"info","message":"POST /api/auth/logout - ::1","service":"inventory-api","timestamp":"2026-06-29T01:27:15.964Z"}
{"level":"info","message":"POST /api/auth/logout - ::1","service":"inventory-api","timestamp":"2026-06-29T01:27:15.969Z"}
{"level":"info","message":"POST /api/auth/logout - ::1","service":"inventory-api","timestamp":"2026-06-29T01:27:15.975Z"}
{"level":"info","message":"POST /api/auth/logout - ::1","service":"inventory-api","timestamp":"2026-06-29T01:27:15.980Z"}
{"level":"info","message":"POST /api/auth/logout - ::1","service":"inventory-api","timestamp":"2026-06-29T01:27:15.985Z"}
{"level":"info","message":"POST /api/auth/logout - ::1","service":"inventory-api","timestamp":"2026-06-29T01:27:15.990Z"}
{"level":"info","message":"POST /api/auth/logout - ::1","service":"inventory-api","timestamp":"2026-06-29T01:27:15.995Z"}
{"level":"info","message":"POST /api/auth/logout - ::1","service":"inventory-api","timestamp":"2026-06-29T01:27:15.999Z"}
{"level":"info","message":"POST /api/auth/logout - ::1","service":"inventory-api","timestamp":"2026-06-29T01:27:16.003Z"}
{"level":"info","message":"POST /api/auth/logout - ::1","service":"inventory-api","timestamp":"2026-06-29T01:27:16.009Z"}
{"level":"info","message":"POST /api/auth/logout - ::1","service":"inventory-api","timestamp":"2026-06-29T01:27:16.013Z"}
{"level":"info","message":"POST /api/auth/logout - ::1","service":"inventory-api","timestamp":"2026-06-29T01:27:16.019Z"}
{"level":"info","message":"POST /api/auth/logout - ::1","service":"inventory-api","timestamp":"2026-06-29T01:27:16.027Z"}
{"level":"info","message":"POST /api/auth/logout - ::1","service":"inventory-api","timestamp":"2026-06-29T01:27:16.034Z"}
{"level":"info","message":"POST /api/auth/logout - ::1","service":"inventory-api","timestamp":"2026-06-29T01:27:16.043Z"}
{"level":"info","message":"POST /api/auth/logout - ::1","service":"inventory-api","timestamp":"2026-06-29T01:27:16.048Z"}
{"level":"info","message":"POST /api/auth/logout - ::1","service":"inventory-api","timestamp":"2026-06-29T01:27:16.052Z"}
{"level":"info","message":"POST /api/auth/logout - ::1","service":"inventory-api","timestamp":"2026-06-29T01:27:16.058Z"}
{"level":"info","message":"POST /api/auth/logout - ::1","service":"inventory-api","timestamp":"2026-06-29T01:27:16.063Z"}
{"level":"info","message":"POST /api/auth/logout - ::1","service":"inventory-api","timestamp":"2026-06-29T01:27:16.067Z"}
{"level":"info","message":"POST /api/auth/logout - ::1","service":"inventory-api","timestamp":"2026-06-29T01:27:16.073Z"}
{"level":"info","message":"POST /api/auth/logout - ::1","service":"inventory-api","timestamp":"2026-06-29T01:27:16.079Z"}
{"level":"info","message":"POST /api/auth/logout - ::1","service":"inventory-api","timestamp":"2026-06-29T01:27:16.090Z"}
{"level":"info","message":"POST /api/auth/logout - ::1","service":"inventory-api","timestamp":"2026-06-29T01:27:16.096Z"}
{"level":"info","message":"POST /api/auth/logout - ::1","service":"inventory-api","timestamp":"2026-06-29T01:27:16.101Z"}
{"level":"info","message":"POST /api/auth/logout - ::1","service":"inventory-api","timestamp":"2026-06-29T01:27:16.105Z"}
{"level":"info","message":"POST /api/auth/logout - ::1","service":"inventory-api","timestamp":"2026-06-29T01:27:16.111Z"}
{"level":"info","message":"POST /api/auth/logout - ::1","service":"inventory-api","timestamp":"2026-06-29T01:27:16.115Z"}
{"level":"info","message":"POST /api/auth/logout - ::1","service":"inventory-api","timestamp":"2026-06-29T01:27:16.119Z"}
{"level":"info","message":"POST /api/auth/logout - ::1","service":"inventory-api","timestamp":"2026-06-29T01:27:16.124Z"}
{"level":"info","message":"POST /api/auth/logout - ::1","service":"inventory-api","timestamp":"2026-06-29T01:27:16.128Z"}
{"level":"info","message":"POST /api/auth/logout - ::1","service":"inventory-api","timestamp":"2026-06-29T01:27:16.133Z"}
{"level":"info","message":"POST /api/auth/logout - ::1","service":"inventory-api","timestamp":"2026-06-29T01:27:16.137Z"}
{"level":"info","message":"POST /api/auth/logout - ::1","service":"inventory-api","timestamp":"2026-06-29T01:27:16.143Z"}
{"level":"info","message":"POST /api/auth/logout - ::1","service":"inventory-api","timestamp":"2026-06-29T01:27:16.147Z"}
{"level":"info","message":"POST /api/auth/logout - ::1","service":"inventory-api","timestamp":"2026-06-29T01:27:16.151Z"}
{"level":"info","message":"POST /api/auth/logout - ::1","service":"inventory-api","timestamp":"2026-06-29T01:27:16.155Z"}
{"level":"info","message":"POST /api/auth/logout - ::1","service":"inventory-api","timestamp":"2026-06-29T01:27:16.159Z"}
{"level":"info","message":"POST /api/auth/logout - ::1","service":"inventory-api","timestamp":"2026-06-29T01:27:16.163Z"}
{"level":"info","message":"POST /api/auth/logout - ::1","service":"inventory-api","timestamp":"2026-06-29T01:27:16.167Z"}
{"level":"info","message":"POST /api/auth/logout - ::1","service":"inventory-api","timestamp":"2026-06-29T01:27:16.171Z"}
{"level":"info","message":"POST /api/auth/logout - ::1","service":"inventory-api","timestamp":"2026-06-29T01:27:16.176Z"}
{"level":"info","message":"POST /api/auth/logout - ::1","service":"inventory-api","timestamp":"2026-06-29T01:27:16.180Z"}
{"level":"info","message":"POST /api/auth/logout - ::1","service":"inventory-api","timestamp":"2026-06-29T01:27:16.184Z"}
{"level":"info","message":"POST /api/auth/logout - ::1","service":"inventory-api","timestamp":"2026-06-29T01:27:16.187Z"}
{"level":"info","message":"POST /api/auth/logout - ::1","service":"inventory-api","timestamp":"2026-06-29T01:27:16.192Z"}
{"level":"info","message":"POST /api/auth/logout - ::1","service":"inventory-api","timestamp":"2026-06-29T01:27:16.196Z"}
{"level":"info","message":"POST /api/auth/logout - ::1","service":"inventory-api","timestamp":"2026-06-29T01:27:16.200Z"}
{"level":"info","message":"POST /api/auth/logout - ::1","service":"inventory-api","timestamp":"2026-06-29T01:27:16.203Z"}
{"level":"info","message":"POST /api/auth/logout - ::1","service":"inventory-api","timestamp":"2026-06-29T01:27:16.209Z"}
{"level":"info","message":"POST /api/auth/logout - ::1","service":"inventory-api","timestamp":"2026-06-29T01:27:16.213Z"}
{"level":"info","message":"POST /api/auth/logout - ::1","service":"inventory-api","timestamp":"2026-06-29T01:27:16.217Z"}
{"level":"info","message":"POST /api/auth/logout - ::1","service":"inventory-api","timestamp":"2026-06-29T01:27:16.220Z"}
{"level":"info","message":"POST /api/auth/logout - ::1","service":"inventory-api","timestamp":"2026-06-29T01:27:16.228Z"}
{"level":"info","message":"POST /api/auth/logout - ::1","service":"inventory-api","timestamp":"2026-06-29T01:27:16.231Z"}
{"level":"info","message":"POST /api/auth/logout - ::1","service":"inventory-api","timestamp":"2026-06-29T01:27:16.235Z"}
{"level":"info","message":"POST /api/auth/logout - ::1","service":"inventory-api","timestamp":"2026-06-29T01:27:16.239Z"}
{"level":"info","message":"POST /api/auth/logout - ::1","service":"inventory-api","timestamp":"2026-06-29T01:27:16.244Z"}
{"level":"info","message":"POST /api/auth/logout - ::1","service":"inventory-api","timestamp":"2026-06-29T01:27:16.248Z"}
{"level":"info","message":"POST /api/auth/logout - ::1","service":"inventory-api","timestamp":"2026-06-29T01:27:16.252Z"}
{"level":"info","message":"POST /api/auth/logout - ::1","service":"inventory-api","timestamp":"2026-06-29T01:27:16.257Z"}
{"level":"info","message":"POST /api/auth/logout - ::1","service":"inventory-api","timestamp":"2026-06-29T01:27:16.261Z"}
{"level":"info","message":"POST /api/auth/logout - ::1","service":"inventory-api","timestamp":"2026-06-29T01:27:16.265Z"}
{"level":"info","message":"POST /api/auth/logout - ::1","service":"inventory-api","timestamp":"2026-06-29T01:27:16.269Z"}
{"level":"info","message":"POST /api/auth/logout - ::1","service":"inventory-api","timestamp":"2026-06-29T01:27:16.274Z"}
{"level":"info","message":"POST /api/auth/logout - ::1","service":"inventory-api","timestamp":"2026-06-29T01:27:16.278Z"}
{"level":"info","message":"POST /api/auth/logout - ::1","service":"inventory-api","timestamp":"2026-06-29T01:27:16.282Z"}
{"level":"info","message":"POST /api/auth/logout - ::1","service":"inventory-api","timestamp":"2026-06-29T01:27:16.285Z"}
{"level":"info","message":"POST /api/auth/logout - ::1","service":"inventory-api","timestamp":"2026-06-29T01:27:16.290Z"}
{"level":"info","message":"POST /api/auth/logout - ::1","service":"inventory-api","timestamp":"2026-06-29T01:27:16.294Z"}
{"level":"info","message":"POST /api/auth/logout - ::1","service":"inventory-api","timestamp":"2026-06-29T01:27:16.298Z"}
{"level":"info","message":"POST /api/auth/logout - ::1","service":"inventory-api","timestamp":"2026-06-29T01:27:16.302Z"}
{"level":"info","message":"POST /api/auth/logout - ::1","service":"inventory-api","timestamp":"2026-06-29T01:27:16.306Z"}
{"level":"info","message":"POST /api/auth/logout - ::1","service":"inventory-api","timestamp":"2026-06-29T01:27:16.310Z"}
{"level":"info","message":"POST /api/auth/logout - ::1","service":"inventory-api","timestamp":"2026-06-29T01:27:16.315Z"}
{"level":"info","message":"POST /api/auth/logout - ::1","service":"inventory-api","timestamp":"2026-06-29T01:27:16.319Z"}
{"level":"info","message":"POST /api/auth/logout - ::1","service":"inventory-api","timestamp":"2026-06-29T01:27:16.326Z"}
{"level":"info","message":"POST /api/auth/logout - ::1","service":"inventory-api","timestamp":"2026-06-29T01:27:16.331Z"}
{"level":"info","message":"POST /api/auth/logout - ::1","service":"inventory-api","timestamp":"2026-06-29T01:27:16.335Z"}
{"level":"info","message":"POST /api/auth/logout - ::1","service":"inventory-api","timestamp":"2026-06-29T01:27:16.341Z"}
{"level":"info","message":"POST /api/auth/logout - ::1","service":"inventory-api","timestamp":"2026-06-29T01:27:16.346Z"}
{"level":"info","message":"POST /api/auth/logout - ::1","service":"inventory-api","timestamp":"2026-06-29T01:27:16.351Z"}
{"level":"info","message":"POST /api/auth/logout - ::1","service":"inventory-api","timestamp":"2026-06-29T01:27:16.357Z"}
{"level":"info","message":"POST /api/auth/logout - ::1","service":"inventory-api","timestamp":"2026-06-29T01:27:16.362Z"}
{"level":"info","message":"POST /api/auth/logout - ::1","service":"inventory-api","timestamp":"2026-06-29T01:27:16.367Z"}
{"level":"info","message":"POST /api/auth/logout - ::1","service":"inventory-api","timestamp":"2026-06-29T01:27:16.372Z"}
{"level":"info","message":"POST /api/auth/logout - ::1","service":"inventory-api","timestamp":"2026-06-29T01:27:16.378Z"}
{"level":"info","message":"POST /api/auth/logout - ::1","service":"inventory-api","timestamp":"2026-06-29T01:27:16.383Z"}
{"level":"info","message":"POST /api/auth/logout - ::1","service":"inventory-api","timestamp":"2026-06-29T01:27:16.388Z"}
{"level":"info","message":"POST /api/auth/logout - ::1","service":"inventory-api","timestamp":"2026-06-29T01:27:16.395Z"}
{"level":"info","message":"POST /api/auth/logout - ::1","service":"inventory-api","timestamp":"2026-06-29T01:27:16.399Z"}
{"level":"info","message":"POST /api/auth/logout - ::1","service":"inventory-api","timestamp":"2026-06-29T01:27:16.404Z"}
{"level":"info","message":"POST /api/auth/logout - ::1","service":"inventory-api","timestamp":"2026-06-29T01:27:16.410Z"}
{"level":"info","message":"POST /api/auth/logout - ::1","service":"inventory-api","timestamp":"2026-06-29T01:27:16.415Z"}
{"level":"info","message":"POST /api/auth/logout - ::1","service":"inventory-api","timestamp":"2026-06-29T01:27:16.420Z"}
{"level":"info","message":"POST /api/auth/logout - ::1","service":"inventory-api","timestamp":"2026-06-29T01:27:16.427Z"}
{"level":"info","message":"POST /api/auth/logout - ::1","service":"inventory-api","timestamp":"2026-06-29T01:27:16.431Z"}
{"level":"info","message":"POST /api/auth/logout - ::1","service":"inventory-api","timestamp":"2026-06-29T01:27:16.436Z"}
{"level":"info","message":"POST /api/auth/logout - ::1","service":"inventory-api","timestamp":"2026-06-29T01:27:16.443Z"}
{"level":"info","message":"POST /api/auth/logout - ::1","service":"inventory-api","timestamp":"2026-06-29T01:27:16.448Z"}
{"level":"info","message":"POST /api/auth/logout - ::1","service":"inventory-api","timestamp":"2026-06-29T01:27:16.452Z"}
{"level":"info","message":"POST /api/auth/logout - ::1","service":"inventory-api","timestamp":"2026-06-29T01:27:16.458Z"}
{"level":"info","message":"POST /api/auth/logout - ::1","service":"inventory-api","timestamp":"2026-06-29T01:27:16.463Z"}
{"level":"info","message":"POST /api/auth/logout - ::1","service":"inventory-api","timestamp":"2026-06-29T01:27:16.468Z"}
{"level":"info","message":"POST /api/auth/logout - ::1","service":"inventory-api","timestamp":"2026-06-29T01:27:16.473Z"}
{"level":"info","message":"POST /api/auth/logout - ::1","service":"inventory-api","timestamp":"2026-06-29T01:27:16.479Z"}
{"level":"info","message":"POST /api/auth/logout - ::1","service":"inventory-api","timestamp":"2026-06-29T01:27:16.484Z"}
{"level":"info","message":"POST /api/auth/logout - ::1","service":"inventory-api","timestamp":"2026-06-29T01:27:16.489Z"}
{"level":"info","message":"POST /api/auth/logout - ::1","service":"inventory-api","timestamp":"2026-06-29T01:27:16.495Z"}
{"level":"info","message":"POST /api/auth/logout - ::1","service":"inventory-api","timestamp":"2026-06-29T01:27:16.499Z"}
{"level":"info","message":"POST /api/auth/logout - ::1","service":"inventory-api","timestamp":"2026-06-29T01:27:16.503Z"}
{"level":"info","message":"POST /api/auth/logout - ::1","service":"inventory-api","timestamp":"2026-06-29T01:27:16.510Z"}
{"level":"info","message":"POST /api/auth/logout - ::1","service":"inventory-api","timestamp":"2026-06-29T01:27:16.514Z"}
{"level":"info","message":"POST /api/auth/logout - ::1","service":"inventory-api","timestamp":"2026-06-29T01:27:16.519Z"}
{"level":"info","message":"POST /api/auth/logout - ::1","service":"inventory-api","timestamp":"2026-06-29T01:27:16.525Z"}
{"level":"info","message":"POST /api/auth/logout - ::1","service":"inventory-api","timestamp":"2026-06-29T01:27:16.530Z"}
{"level":"info","message":"POST /api/auth/logout - ::1","service":"inventory-api","timestamp":"2026-06-29T01:27:16.535Z"}
{"level":"info","message":"POST /api/auth/logout - ::1","service":"inventory-api","timestamp":"2026-06-29T01:27:16.540Z"}
{"level":"info","message":"POST /api/auth/logout - ::1","service":"inventory-api","timestamp":"2026-06-29T01:27:16.545Z"}
{"level":"info","message":"POST /api/auth/logout - ::1","service":"inventory-api","timestamp":"2026-06-29T01:27:16.550Z"}
{"level":"info","message":"POST /api/auth/logout - ::1","service":"inventory-api","timestamp":"2026-06-29T01:27:16.555Z"}
{"level":"info","message":"POST /api/auth/logout - ::1","service":"inventory-api","timestamp":"2026-06-29T01:27:16.562Z"}
{"level":"info","message":"POST /api/auth/logout - ::1","service":"inventory-api","timestamp":"2026-06-29T01:27:16.566Z"}
{"level":"info","message":"POST /api/auth/logout - ::1","service":"inventory-api","timestamp":"2026-06-29T01:27:16.571Z"}
{"level":"info","message":"POST /api/auth/logout - ::1","service":"inventory-api","timestamp":"2026-06-29T01:27:16.577Z"}
{"level":"info","message":"POST /api/auth/logout - ::1","service":"inventory-api","timestamp":"2026-06-29T01:27:16.581Z"}
{"level":"info","message":"POST /api/auth/logout - ::1","service":"inventory-api","timestamp":"2026-06-29T01:27:16.586Z"}
{"level":"info","message":"POST /api/auth/logout - ::1","service":"inventory-api","timestamp":"2026-06-29T01:27:16.592Z"}
{"level":"info","message":"POST /api/auth/logout - ::1","service":"inventory-api","timestamp":"2026-06-29T01:27:16.597Z"}
{"level":"info","message":"POST /api/auth/logout - ::1","service":"inventory-api","timestamp":"2026-06-29T01:27:16.602Z"}
{"level":"info","message":"POST /api/auth/logout - ::1","service":"inventory-api","timestamp":"2026-06-29T01:27:16.608Z"}
{"level":"info","message":"POST /api/auth/logout - ::1","service":"inventory-api","timestamp":"2026-06-29T01:27:16.613Z"}
{"level":"info","message":"POST /api/auth/logout - ::1","service":"inventory-api","timestamp":"2026-06-29T01:27:16.617Z"}
{"level":"info","message":"POST /api/auth/logout - ::1","service":"inventory-api","timestamp":"2026-06-29T01:27:16.623Z"}
{"level":"info","message":"POST /api/auth/logout - ::1","service":"inventory-api","timestamp":"2026-06-29T01:27:16.629Z"}
{"level":"info","message":"POST /api/auth/logout - ::1","service":"inventory-api","timestamp":"2026-06-29T01:27:16.634Z"}
{"level":"info","message":"POST /api/auth/logout - ::1","service":"inventory-api","timestamp":"2026-06-29T01:27:16.639Z"}
{"level":"info","message":"POST /api/auth/logout - ::1","service":"inventory-api","timestamp":"2026-06-29T01:27:16.645Z"}
{"level":"info","message":"POST /api/auth/logout - ::1","service":"inventory-api","timestamp":"2026-06-29T01:27:16.649Z"}
{"level":"info","message":"POST /api/auth/logout - ::1","service":"inventory-api","timestamp":"2026-06-29T01:27:16.654Z"}
{"level":"info","message":"POST /api/auth/logout - ::1","service":"inventory-api","timestamp":"2026-06-29T01:27:16.661Z"}
{"level":"info","message":"POST /api/auth/logout - ::1","service":"inventory-api","timestamp":"2026-06-29T01:27:16.666Z"}
{"level":"info","message":"POST /api/auth/logout - ::1","service":"inventory-api","timestamp":"2026-06-29T01:27:16.671Z"}
{"level":"info","message":"POST /api/auth/logout - ::1","service":"inventory-api","timestamp":"2026-06-29T01:27:16.677Z"}
{"level":"info","message":"POST /api/auth/logout - ::1","service":"inventory-api","timestamp":"2026-06-29T01:27:16.682Z"}
{"level":"info","message":"POST /api/auth/logout - ::1","service":"inventory-api","timestamp":"2026-06-29T01:27:16.687Z"}
{"level":"info","message":"POST /api/auth/logout - ::1","service":"inventory-api","timestamp":"2026-06-29T01:27:16.694Z"}
{"level":"info","message":"POST /api/auth/logout - ::1","service":"inventory-api","timestamp":"2026-06-29T01:27:16.699Z"}
{"level":"info","message":"POST /api/auth/logout - ::1","service":"inventory-api","timestamp":"2026-06-29T01:27:16.703Z"}
{"level":"info","message":"POST /api/auth/logout - ::1","service":"inventory-api","timestamp":"2026-06-29T01:27:16.709Z"}
{"level":"info","message":"POST /api/auth/logout - ::1","service":"inventory-api","timestamp":"2026-06-29T01:27:16.715Z"}
{"level":"info","message":"Server running on port 3000 in development mode","service":"inventory-api","timestamp":"2026-06-29T01:28:00.505Z"}
{"level":"info","message":"API Docs: http://localhost:3000/api-docs","service":"inventory-api","timestamp":"2026-06-29T01:28:00.512Z"}
{"level":"info","message":"POST /api/auth/login - ::1","service":"inventory-api","timestamp":"2026-06-29T01:28:01.184Z"}
{"level":"info","message":"GET /api/permissions/my-permissions - ::1","service":"inventory-api","timestamp":"2026-06-29T01:28:01.927Z"}
{"level":"info","message":"GET /api/dashboard - ::1","service":"inventory-api","timestamp":"2026-06-29T01:28:01.938Z"}
{"level":"info","message":"POST /api/auth/login - ::1","service":"inventory-api","timestamp":"2026-06-29T01:28:17.571Z"}
{"level":"info","message":"GET /api/permissions/my-permissions - ::1","service":"inventory-api","timestamp":"2026-06-29T01:28:17.993Z"}
{"level":"info","message":"GET /api/dashboard - ::1","service":"inventory-api","timestamp":"2026-06-29T01:28:18.006Z"}
{"level":"info","message":"GET /api/dashboard - ::1","service":"inventory-api","timestamp":"2026-06-29T01:31:10.304Z"}
{"level":"info","message":"POST /api/auth/logout - ::1","service":"inventory-api","timestamp":"2026-06-29T01:31:15.234Z"}
{"level":"info","message":"POST /api/auth/logout - ::1","service":"inventory-api","timestamp":"2026-06-29T01:31:15.251Z"}
{"level":"info","message":"POST /api/auth/logout - ::1","service":"inventory-api","timestamp":"2026-06-29T01:31:15.290Z"}
{"level":"info","message":"POST /api/auth/logout - ::1","service":"inventory-api","timestamp":"2026-06-29T01:31:15.305Z"}
{"level":"info","message":"POST /api/auth/logout - ::1","service":"inventory-api","timestamp":"2026-06-29T01:31:15.315Z"}
{"level":"info","message":"POST /api/auth/logout - ::1","service":"inventory-api","timestamp":"2026-06-29T01:31:15.322Z"}
{"level":"info","message":"POST /api/auth/logout - ::1","service":"inventory-api","timestamp":"2026-06-29T01:31:15.333Z"}
{"level":"info","message":"POST /api/auth/logout - ::1","service":"inventory-api","timestamp":"2026-06-29T01:31:15.339Z"}
{"level":"info","message":"POST /api/auth/logout - ::1","service":"inventory-api","timestamp":"2026-06-29T01:31:15.347Z"}
{"level":"info","message":"POST /api/auth/logout - ::1","service":"inventory-api","timestamp":"2026-06-29T01:31:15.353Z"}
{"level":"info","message":"POST /api/auth/logout - ::1","service":"inventory-api","timestamp":"2026-06-29T01:31:15.360Z"}
{"level":"info","message":"POST /api/auth/logout - ::1","service":"inventory-api","timestamp":"2026-06-29T01:31:15.366Z"}
{"level":"info","message":"POST /api/auth/logout - ::1","service":"inventory-api","timestamp":"2026-06-29T01:31:15.371Z"}
{"level":"info","message":"POST /api/auth/logout - ::1","service":"inventory-api","timestamp":"2026-06-29T01:31:15.378Z"}
{"level":"info","message":"POST /api/auth/logout - ::1","service":"inventory-api","timestamp":"2026-06-29T01:31:15.388Z"}
{"level":"info","message":"POST /api/auth/logout - ::1","service":"inventory-api","timestamp":"2026-06-29T01:31:15.397Z"}
{"level":"info","message":"POST /api/auth/logout - ::1","service":"inventory-api","timestamp":"2026-06-29T01:31:15.403Z"}
{"level":"info","message":"POST /api/auth/logout - ::1","service":"inventory-api","timestamp":"2026-06-29T01:31:15.409Z"}
{"level":"info","message":"POST /api/auth/logout - ::1","service":"inventory-api","timestamp":"2026-06-29T01:31:15.416Z"}
{"level":"info","message":"POST /api/auth/logout - ::1","service":"inventory-api","timestamp":"2026-06-29T01:31:15.421Z"}
{"level":"info","message":"POST /api/auth/logout - ::1","service":"inventory-api","timestamp":"2026-06-29T01:31:15.428Z"}
{"level":"info","message":"POST /api/auth/logout - ::1","service":"inventory-api","timestamp":"2026-06-29T01:31:15.433Z"}
{"level":"info","message":"POST /api/auth/logout - ::1","service":"inventory-api","timestamp":"2026-06-29T01:31:15.438Z"}
{"level":"info","message":"POST /api/auth/logout - ::1","service":"inventory-api","timestamp":"2026-06-29T01:31:15.445Z"}
{"level":"info","message":"POST /api/auth/logout - ::1","service":"inventory-api","timestamp":"2026-06-29T01:31:15.451Z"}
{"level":"info","message":"POST /api/auth/logout - ::1","service":"inventory-api","timestamp":"2026-06-29T01:31:15.457Z"}
{"level":"info","message":"POST /api/auth/logout - ::1","service":"inventory-api","timestamp":"2026-06-29T01:31:15.463Z"}
{"level":"info","message":"POST /api/auth/logout - ::1","service":"inventory-api","timestamp":"2026-06-29T01:31:15.468Z"}
{"level":"info","message":"POST /api/auth/logout - ::1","service":"inventory-api","timestamp":"2026-06-29T01:31:15.474Z"}
{"level":"info","message":"POST /api/auth/logout - ::1","service":"inventory-api","timestamp":"2026-06-29T01:31:15.481Z"}
{"level":"info","message":"POST /api/auth/logout - ::1","service":"inventory-api","timestamp":"2026-06-29T01:31:15.486Z"}
{"level":"info","message":"POST /api/auth/logout - ::1","service":"inventory-api","timestamp":"2026-06-29T01:31:15.491Z"}
{"level":"info","message":"POST /api/auth/logout - ::1","service":"inventory-api","timestamp":"2026-06-29T01:31:15.498Z"}
{"level":"info","message":"POST /api/auth/logout - ::1","service":"inventory-api","timestamp":"2026-06-29T01:31:15.503Z"}
{"level":"info","message":"POST /api/auth/logout - ::1","service":"inventory-api","timestamp":"2026-06-29T01:31:15.509Z"}
{"level":"info","message":"POST /api/auth/logout - ::1","service":"inventory-api","timestamp":"2026-06-29T01:31:15.516Z"}
{"level":"info","message":"POST /api/auth/logout - ::1","service":"inventory-api","timestamp":"2026-06-29T01:31:15.521Z"}
{"level":"info","message":"POST /api/auth/logout - ::1","service":"inventory-api","timestamp":"2026-06-29T01:31:15.527Z"}
{"level":"info","message":"POST /api/auth/logout - ::1","service":"inventory-api","timestamp":"2026-06-29T01:31:15.533Z"}
{"level":"info","message":"POST /api/auth/logout - ::1","service":"inventory-api","timestamp":"2026-06-29T01:31:15.538Z"}
{"level":"info","message":"POST /api/auth/logout - ::1","service":"inventory-api","timestamp":"2026-06-29T01:31:15.545Z"}
{"level":"info","message":"POST /api/auth/logout - ::1","service":"inventory-api","timestamp":"2026-06-29T01:31:15.550Z"}
{"level":"info","message":"POST /api/auth/logout - ::1","service":"inventory-api","timestamp":"2026-06-29T01:31:15.555Z"}
{"level":"info","message":"POST /api/auth/logout - ::1","service":"inventory-api","timestamp":"2026-06-29T01:31:15.562Z"}
{"level":"info","message":"POST /api/auth/logout - ::1","service":"inventory-api","timestamp":"2026-06-29T01:31:15.567Z"}
{"level":"info","message":"POST /api/auth/logout - ::1","service":"inventory-api","timestamp":"2026-06-29T01:31:15.572Z"}
{"level":"info","message":"POST /api/auth/logout - ::1","service":"inventory-api","timestamp":"2026-06-29T01:31:15.579Z"}
{"level":"info","message":"POST /api/auth/logout - ::1","service":"inventory-api","timestamp":"2026-06-29T01:31:15.584Z"}
{"level":"info","message":"POST /api/auth/logout - ::1","service":"inventory-api","timestamp":"2026-06-29T01:31:15.589Z"}
{"level":"info","message":"POST /api/auth/logout - ::1","service":"inventory-api","timestamp":"2026-06-29T01:31:15.598Z"}
{"level":"info","message":"POST /api/auth/logout - ::1","service":"inventory-api","timestamp":"2026-06-29T01:31:15.603Z"}
{"level":"info","message":"POST /api/auth/logout - ::1","service":"inventory-api","timestamp":"2026-06-29T01:31:15.608Z"}
{"level":"info","message":"POST /api/auth/logout - ::1","service":"inventory-api","timestamp":"2026-06-29T01:31:15.615Z"}
{"level":"info","message":"POST /api/auth/logout - ::1","service":"inventory-api","timestamp":"2026-06-29T01:31:15.620Z"}
{"level":"info","message":"POST /api/auth/logout - ::1","service":"inventory-api","timestamp":"2026-06-29T01:31:15.626Z"}
{"level":"info","message":"POST /api/auth/logout - ::1","service":"inventory-api","timestamp":"2026-06-29T01:31:15.632Z"}
{"level":"info","message":"POST /api/auth/logout - ::1","service":"inventory-api","timestamp":"2026-06-29T01:31:15.638Z"}
{"level":"info","message":"POST /api/auth/logout - ::1","service":"inventory-api","timestamp":"2026-06-29T01:31:15.644Z"}
{"level":"info","message":"POST /api/auth/logout - ::1","service":"inventory-api","timestamp":"2026-06-29T01:31:15.650Z"}
{"level":"info","message":"POST /api/auth/logout - ::1","service":"inventory-api","timestamp":"2026-06-29T01:31:15.655Z"}
{"level":"info","message":"POST /api/auth/logout - ::1","service":"inventory-api","timestamp":"2026-06-29T01:31:15.661Z"}
{"level":"info","message":"POST /api/auth/logout - ::1","service":"inventory-api","timestamp":"2026-06-29T01:31:15.667Z"}
{"level":"info","message":"POST /api/auth/logout - ::1","service":"inventory-api","timestamp":"2026-06-29T01:31:15.672Z"}
{"level":"info","message":"POST /api/auth/logout - ::1","service":"inventory-api","timestamp":"2026-06-29T01:31:15.679Z"}
{"level":"info","message":"POST /api/auth/logout - ::1","service":"inventory-api","timestamp":"2026-06-29T01:31:15.684Z"}
{"level":"info","message":"POST /api/auth/logout - ::1","service":"inventory-api","timestamp":"2026-06-29T01:31:15.690Z"}
{"level":"info","message":"POST /api/auth/logout - ::1","service":"inventory-api","timestamp":"2026-06-29T01:31:15.696Z"}
{"level":"info","message":"POST /api/auth/logout - ::1","service":"inventory-api","timestamp":"2026-06-29T01:31:15.702Z"}
{"level":"info","message":"POST /api/auth/logout - ::1","service":"inventory-api","timestamp":"2026-06-29T01:31:15.707Z"}
{"level":"info","message":"POST /api/auth/logout - ::1","service":"inventory-api","timestamp":"2026-06-29T01:31:15.714Z"}
{"level":"info","message":"POST /api/auth/logout - ::1","service":"inventory-api","timestamp":"2026-06-29T01:31:15.719Z"}
{"level":"info","message":"POST /api/auth/logout - ::1","service":"inventory-api","timestamp":"2026-06-29T01:31:15.725Z"}
{"level":"info","message":"POST /api/auth/logout - ::1","service":"inventory-api","timestamp":"2026-06-29T01:31:15.733Z"}
{"level":"info","message":"POST /api/auth/logout - ::1","service":"inventory-api","timestamp":"2026-06-29T01:31:15.738Z"}
{"level":"info","message":"POST /api/auth/logout - ::1","service":"inventory-api","timestamp":"2026-06-29T01:31:15.745Z"}
{"level":"info","message":"POST /api/auth/logout - ::1","service":"inventory-api","timestamp":"2026-06-29T01:31:15.750Z"}
{"level":"info","message":"POST /api/auth/logout - ::1","service":"inventory-api","timestamp":"2026-06-29T01:31:15.756Z"}
{"level":"info","message":"POST /api/auth/logout - ::1","service":"inventory-api","timestamp":"2026-06-29T01:31:15.764Z"}
{"level":"info","message":"POST /api/auth/logout - ::1","service":"inventory-api","timestamp":"2026-06-29T01:31:15.769Z"}
{"level":"info","message":"POST /api/auth/logout - ::1","service":"inventory-api","timestamp":"2026-06-29T01:31:15.775Z"}
{"level":"info","message":"POST /api/auth/logout - ::1","service":"inventory-api","timestamp":"2026-06-29T01:31:15.783Z"}
{"level":"info","message":"POST /api/auth/logout - ::1","service":"inventory-api","timestamp":"2026-06-29T01:31:15.788Z"}
{"level":"info","message":"POST /api/auth/logout - ::1","service":"inventory-api","timestamp":"2026-06-29T01:31:15.794Z"}
{"level":"info","message":"POST /api/auth/logout - ::1","service":"inventory-api","timestamp":"2026-06-29T01:31:15.802Z"}
{"level":"info","message":"POST /api/auth/logout - ::1","service":"inventory-api","timestamp":"2026-06-29T01:31:15.807Z"}
{"level":"info","message":"POST /api/auth/logout - ::1","service":"inventory-api","timestamp":"2026-06-29T01:31:15.815Z"}
{"level":"info","message":"POST /api/auth/logout - ::1","service":"inventory-api","timestamp":"2026-06-29T01:31:15.820Z"}
{"level":"info","message":"POST /api/auth/logout - ::1","service":"inventory-api","timestamp":"2026-06-29T01:31:15.827Z"}
{"level":"info","message":"POST /api/auth/logout - ::1","service":"inventory-api","timestamp":"2026-06-29T01:31:15.833Z"}
{"level":"info","message":"POST /api/auth/logout - ::1","service":"inventory-api","timestamp":"2026-06-29T01:31:15.838Z"}
{"level":"info","message":"POST /api/auth/logout - ::1","service":"inventory-api","timestamp":"2026-06-29T01:31:15.844Z"}
{"level":"info","message":"POST /api/auth/logout - ::1","service":"inventory-api","timestamp":"2026-06-29T01:31:15.850Z"}
{"level":"info","message":"POST /api/auth/logout - ::1","service":"inventory-api","timestamp":"2026-06-29T01:31:15.855Z"}
{"level":"info","message":"POST /api/auth/logout - ::1","service":"inventory-api","timestamp":"2026-06-29T01:31:15.862Z"}
{"level":"info","message":"POST /api/auth/logout - ::1","service":"inventory-api","timestamp":"2026-06-29T01:31:15.867Z"}
{"level":"info","message":"POST /api/auth/logout - ::1","service":"inventory-api","timestamp":"2026-06-29T01:31:15.873Z"}
{"level":"info","message":"POST /api/auth/logout - ::1","service":"inventory-api","timestamp":"2026-06-29T01:31:15.880Z"}
{"level":"info","message":"POST /api/auth/logout - ::1","service":"inventory-api","timestamp":"2026-06-29T01:31:15.886Z"}
{"level":"info","message":"POST /api/auth/logout - ::1","service":"inventory-api","timestamp":"2026-06-29T01:31:15.892Z"}
{"level":"info","message":"POST /api/auth/logout - ::1","service":"inventory-api","timestamp":"2026-06-29T01:31:15.899Z"}
{"level":"info","message":"POST /api/auth/logout - ::1","service":"inventory-api","timestamp":"2026-06-29T01:31:15.904Z"}
{"level":"info","message":"POST /api/auth/logout - ::1","service":"inventory-api","timestamp":"2026-06-29T01:31:15.910Z"}
{"level":"info","message":"POST /api/auth/logout - ::1","service":"inventory-api","timestamp":"2026-06-29T01:31:15.916Z"}
{"level":"info","message":"POST /api/auth/logout - ::1","service":"inventory-api","timestamp":"2026-06-29T01:31:15.922Z"}
{"level":"info","message":"POST /api/auth/logout - ::1","service":"inventory-api","timestamp":"2026-06-29T01:31:15.929Z"}
{"level":"info","message":"POST /api/auth/logout - ::1","service":"inventory-api","timestamp":"2026-06-29T01:31:15.934Z"}
{"level":"info","message":"POST /api/auth/logout - ::1","service":"inventory-api","timestamp":"2026-06-29T01:31:15.940Z"}
{"level":"info","message":"POST /api/auth/logout - ::1","service":"inventory-api","timestamp":"2026-06-29T01:31:15.947Z"}
{"level":"info","message":"POST /api/auth/logout - ::1","service":"inventory-api","timestamp":"2026-06-29T01:31:15.952Z"}
{"level":"info","message":"POST /api/auth/logout - ::1","service":"inventory-api","timestamp":"2026-06-29T01:31:15.957Z"}
{"level":"info","message":"POST /api/auth/logout - ::1","service":"inventory-api","timestamp":"2026-06-29T01:31:15.964Z"}
{"level":"info","message":"POST /api/auth/logout - ::1","service":"inventory-api","timestamp":"2026-06-29T01:31:15.969Z"}
{"level":"info","message":"POST /api/auth/logout - ::1","service":"inventory-api","timestamp":"2026-06-29T01:31:15.975Z"}
{"level":"info","message":"POST /api/auth/logout - ::1","service":"inventory-api","timestamp":"2026-06-29T01:31:15.982Z"}
{"level":"info","message":"POST /api/auth/logout - ::1","service":"inventory-api","timestamp":"2026-06-29T01:31:15.987Z"}
{"level":"info","message":"POST /api/auth/logout - ::1","service":"inventory-api","timestamp":"2026-06-29T01:31:15.993Z"}
{"level":"info","message":"POST /api/auth/logout - ::1","service":"inventory-api","timestamp":"2026-06-29T01:31:16.000Z"}
{"level":"info","message":"POST /api/auth/logout - ::1","service":"inventory-api","timestamp":"2026-06-29T01:31:16.005Z"}
{"level":"info","message":"POST /api/auth/logout - ::1","service":"inventory-api","timestamp":"2026-06-29T01:31:16.011Z"}
{"level":"info","message":"POST /api/auth/logout - ::1","service":"inventory-api","timestamp":"2026-06-29T01:31:16.017Z"}
{"level":"info","message":"POST /api/auth/logout - ::1","service":"inventory-api","timestamp":"2026-06-29T01:31:16.022Z"}
{"level":"info","message":"POST /api/auth/logout - ::1","service":"inventory-api","timestamp":"2026-06-29T01:31:16.030Z"}
{"level":"info","message":"POST /api/auth/logout - ::1","service":"inventory-api","timestamp":"2026-06-29T01:31:16.036Z"}
{"level":"info","message":"POST /api/auth/logout - ::1","service":"inventory-api","timestamp":"2026-06-29T01:31:16.042Z"}
{"level":"info","message":"POST /api/auth/logout - ::1","service":"inventory-api","timestamp":"2026-06-29T01:31:16.049Z"}
{"level":"info","message":"POST /api/auth/logout - ::1","service":"inventory-api","timestamp":"2026-06-29T01:31:16.054Z"}
{"level":"info","message":"POST /api/auth/logout - ::1","service":"inventory-api","timestamp":"2026-06-29T01:31:16.060Z"}
{"level":"info","message":"POST /api/auth/logout - ::1","service":"inventory-api","timestamp":"2026-06-29T01:31:16.066Z"}
{"level":"info","message":"POST /api/auth/logout - ::1","service":"inventory-api","timestamp":"2026-06-29T01:31:16.071Z"}
{"level":"info","message":"POST /api/auth/logout - ::1","service":"inventory-api","timestamp":"2026-06-29T01:31:16.078Z"}
{"level":"info","message":"POST /api/auth/logout - ::1","service":"inventory-api","timestamp":"2026-06-29T01:31:16.084Z"}
{"level":"info","message":"POST /api/auth/logout - ::1","service":"inventory-api","timestamp":"2026-06-29T01:31:16.090Z"}
{"level":"info","message":"POST /api/auth/logout - ::1","service":"inventory-api","timestamp":"2026-06-29T01:31:16.097Z"}
{"level":"info","message":"POST /api/auth/logout - ::1","service":"inventory-api","timestamp":"2026-06-29T01:31:16.102Z"}
{"level":"info","message":"POST /api/auth/logout - ::1","service":"inventory-api","timestamp":"2026-06-29T01:31:16.107Z"}
{"level":"info","message":"POST /api/auth/logout - ::1","service":"inventory-api","timestamp":"2026-06-29T01:31:16.114Z"}
{"level":"info","message":"POST /api/auth/logout - ::1","service":"inventory-api","timestamp":"2026-06-29T01:31:16.119Z"}
{"level":"info","message":"POST /api/auth/logout - ::1","service":"inventory-api","timestamp":"2026-06-29T01:31:16.124Z"}
{"level":"info","message":"POST /api/auth/logout - ::1","service":"inventory-api","timestamp":"2026-06-29T01:31:16.131Z"}
{"level":"info","message":"POST /api/auth/logout - ::1","service":"inventory-api","timestamp":"2026-06-29T01:31:16.136Z"}
{"level":"info","message":"POST /api/auth/logout - ::1","service":"inventory-api","timestamp":"2026-06-29T01:31:16.142Z"}
{"level":"info","message":"POST /api/auth/logout - ::1","service":"inventory-api","timestamp":"2026-06-29T01:31:16.148Z"}
{"level":"info","message":"POST /api/auth/logout - ::1","service":"inventory-api","timestamp":"2026-06-29T01:31:16.153Z"}
{"level":"info","message":"POST /api/auth/logout - ::1","service":"inventory-api","timestamp":"2026-06-29T01:31:16.159Z"}
{"level":"info","message":"POST /api/auth/logout - ::1","service":"inventory-api","timestamp":"2026-06-29T01:31:16.166Z"}
{"level":"info","message":"POST /api/auth/logout - ::1","service":"inventory-api","timestamp":"2026-06-29T01:31:16.171Z"}
{"level":"info","message":"POST /api/auth/logout - ::1","service":"inventory-api","timestamp":"2026-06-29T01:31:16.178Z"}
{"level":"info","message":"POST /api/auth/logout - ::1","service":"inventory-api","timestamp":"2026-06-29T01:31:16.183Z"}
{"level":"info","message":"POST /api/auth/logout - ::1","service":"inventory-api","timestamp":"2026-06-29T01:31:16.188Z"}
{"level":"info","message":"POST /api/auth/logout - ::1","service":"inventory-api","timestamp":"2026-06-29T01:31:16.194Z"}
{"level":"info","message":"POST /api/auth/logout - ::1","service":"inventory-api","timestamp":"2026-06-29T01:31:16.200Z"}
{"level":"info","message":"POST /api/auth/logout - ::1","service":"inventory-api","timestamp":"2026-06-29T01:31:16.204Z"}
{"level":"info","message":"POST /api/auth/logout - ::1","service":"inventory-api","timestamp":"2026-06-29T01:31:16.211Z"}
{"level":"info","message":"POST /api/auth/logout - ::1","service":"inventory-api","timestamp":"2026-06-29T01:31:16.218Z"}
{"level":"info","message":"POST /api/auth/logout - ::1","service":"inventory-api","timestamp":"2026-06-29T01:31:16.224Z"}
{"level":"info","message":"POST /api/auth/logout - ::1","service":"inventory-api","timestamp":"2026-06-29T01:31:16.232Z"}
{"level":"info","message":"POST /api/auth/logout - ::1","service":"inventory-api","timestamp":"2026-06-29T01:31:16.237Z"}
{"level":"info","message":"POST /api/auth/logout - ::1","service":"inventory-api","timestamp":"2026-06-29T01:31:16.244Z"}
{"level":"info","message":"POST /api/auth/logout - ::1","service":"inventory-api","timestamp":"2026-06-29T01:31:16.250Z"}
{"level":"info","message":"POST /api/auth/logout - ::1","service":"inventory-api","timestamp":"2026-06-29T01:31:16.256Z"}
{"level":"info","message":"POST /api/auth/logout - ::1","service":"inventory-api","timestamp":"2026-06-29T01:31:16.263Z"}
{"level":"info","message":"POST /api/auth/logout - ::1","service":"inventory-api","timestamp":"2026-06-29T01:31:16.269Z"}
{"level":"info","message":"POST /api/auth/logout - ::1","service":"inventory-api","timestamp":"2026-06-29T01:31:16.274Z"}
{"level":"info","message":"POST /api/auth/logout - ::1","service":"inventory-api","timestamp":"2026-06-29T01:31:16.281Z"}
{"level":"info","message":"POST /api/auth/logout - ::1","service":"inventory-api","timestamp":"2026-06-29T01:31:16.286Z"}
{"level":"info","message":"POST /api/auth/logout - ::1","service":"inventory-api","timestamp":"2026-06-29T01:31:16.292Z"}
{"level":"info","message":"POST /api/auth/logout - ::1","service":"inventory-api","timestamp":"2026-06-29T01:31:16.298Z"}
{"level":"info","message":"POST /api/auth/logout - ::1","service":"inventory-api","timestamp":"2026-06-29T01:31:16.304Z"}
{"level":"info","message":"POST /api/auth/logout - ::1","service":"inventory-api","timestamp":"2026-06-29T01:31:16.310Z"}
{"level":"info","message":"POST /api/auth/logout - ::1","service":"inventory-api","timestamp":"2026-06-29T01:31:16.317Z"}
{"level":"info","message":"POST /api/auth/logout - ::1","service":"inventory-api","timestamp":"2026-06-29T01:31:16.322Z"}
{"level":"info","message":"POST /api/auth/logout - ::1","service":"inventory-api","timestamp":"2026-06-29T01:31:16.329Z"}
{"level":"info","message":"POST /api/auth/logout - ::1","service":"inventory-api","timestamp":"2026-06-29T01:31:16.335Z"}
{"level":"info","message":"POST /api/auth/logout - ::1","service":"inventory-api","timestamp":"2026-06-29T01:31:16.341Z"}
{"level":"info","message":"POST /api/auth/logout - ::1","service":"inventory-api","timestamp":"2026-06-29T01:31:16.348Z"}
{"level":"info","message":"POST /api/auth/logout - ::1","service":"inventory-api","timestamp":"2026-06-29T01:31:16.354Z"}
{"level":"info","message":"POST /api/auth/logout - ::1","service":"inventory-api","timestamp":"2026-06-29T01:31:16.360Z"}
{"level":"info","message":"POST /api/auth/logout - ::1","service":"inventory-api","timestamp":"2026-06-29T01:31:16.366Z"}
{"level":"info","message":"POST /api/auth/logout - ::1","service":"inventory-api","timestamp":"2026-06-29T01:31:16.371Z"}
{"level":"info","message":"POST /api/auth/logout - ::1","service":"inventory-api","timestamp":"2026-06-29T01:31:16.378Z"}
{"level":"info","message":"POST /api/auth/logout - ::1","service":"inventory-api","timestamp":"2026-06-29T01:31:16.383Z"}
{"level":"info","message":"POST /api/auth/logout - ::1","service":"inventory-api","timestamp":"2026-06-29T01:31:16.389Z"}
{"level":"info","message":"POST /api/auth/logout - ::1","service":"inventory-api","timestamp":"2026-06-29T01:31:16.396Z"}
{"level":"info","message":"POST /api/auth/logout - ::1","service":"inventory-api","timestamp":"2026-06-29T01:31:16.401Z"}
{"level":"info","message":"POST /api/auth/logout - ::1","service":"inventory-api","timestamp":"2026-06-29T01:31:16.406Z"}
{"level":"info","message":"POST /api/auth/logout - ::1","service":"inventory-api","timestamp":"2026-06-29T01:31:16.412Z"}
{"level":"info","message":"POST /api/auth/logout - ::1","service":"inventory-api","timestamp":"2026-06-29T01:31:16.418Z"}
{"level":"info","message":"POST /api/auth/logout - ::1","service":"inventory-api","timestamp":"2026-06-29T01:31:16.422Z"}
{"level":"info","message":"POST /api/auth/logout - ::1","service":"inventory-api","timestamp":"2026-06-29T01:31:16.429Z"}
{"level":"info","message":"POST /api/auth/logout - ::1","service":"inventory-api","timestamp":"2026-06-29T01:31:16.435Z"}
{"level":"info","message":"POST /api/auth/logout - ::1","service":"inventory-api","timestamp":"2026-06-29T01:31:16.440Z"}
{"level":"info","message":"POST /api/auth/logout - ::1","service":"inventory-api","timestamp":"2026-06-29T01:31:16.446Z"}
{"level":"info","message":"POST /api/auth/logout - ::1","service":"inventory-api","timestamp":"2026-06-29T01:31:16.451Z"}
{"level":"info","message":"POST /api/auth/logout - ::1","service":"inventory-api","timestamp":"2026-06-29T01:31:16.457Z"}
{"level":"info","message":"POST /api/auth/logout - ::1","service":"inventory-api","timestamp":"2026-06-29T01:31:16.465Z"}
{"level":"info","message":"POST /api/auth/logout - ::1","service":"inventory-api","timestamp":"2026-06-29T01:31:16.481Z"}
{"level":"info","message":"POST /api/auth/logout - ::1","service":"inventory-api","timestamp":"2026-06-29T01:31:16.486Z"}
{"level":"info","message":"POST /api/auth/logout - ::1","service":"inventory-api","timestamp":"2026-06-29T01:31:16.493Z"}
{"level":"info","message":"POST /api/auth/logout - ::1","service":"inventory-api","timestamp":"2026-06-29T01:31:16.499Z"}
{"level":"info","message":"POST /api/auth/logout - ::1","service":"inventory-api","timestamp":"2026-06-29T01:31:16.505Z"}
{"level":"info","message":"POST /api/auth/logout - ::1","service":"inventory-api","timestamp":"2026-06-29T01:31:16.511Z"}
{"level":"info","message":"POST /api/auth/logout - ::1","service":"inventory-api","timestamp":"2026-06-29T01:31:16.516Z"}
{"level":"info","message":"POST /api/auth/logout - ::1","service":"inventory-api","timestamp":"2026-06-29T01:31:16.523Z"}
{"level":"info","message":"POST /api/auth/logout - ::1","service":"inventory-api","timestamp":"2026-06-29T01:31:16.530Z"}
{"level":"info","message":"POST /api/auth/logout - ::1","service":"inventory-api","timestamp":"2026-06-29T01:31:16.535Z"}
{"level":"info","message":"POST /api/auth/logout - ::1","service":"inventory-api","timestamp":"2026-06-29T01:31:16.540Z"}
{"level":"info","message":"POST /api/auth/logout - ::1","service":"inventory-api","timestamp":"2026-06-29T01:31:16.547Z"}
{"level":"info","message":"POST /api/auth/logout - ::1","service":"inventory-api","timestamp":"2026-06-29T01:31:16.552Z"}
{"level":"info","message":"POST /api/auth/logout - ::1","service":"inventory-api","timestamp":"2026-06-29T01:31:16.557Z"}
{"level":"info","message":"POST /api/auth/logout - ::1","service":"inventory-api","timestamp":"2026-06-29T01:31:16.564Z"}
{"level":"info","message":"POST /api/auth/logout - ::1","service":"inventory-api","timestamp":"2026-06-29T01:31:16.570Z"}
{"level":"info","message":"POST /api/auth/logout - ::1","service":"inventory-api","timestamp":"2026-06-29T01:31:16.576Z"}
{"level":"info","message":"POST /api/auth/login - ::1","service":"inventory-api","timestamp":"2026-06-29T01:31:16.585Z"}
{"level":"info","message":"POST /api/auth/logout - ::1","service":"inventory-api","timestamp":"2026-06-29T01:31:16.804Z"}
{"level":"info","message":"POST /api/auth/logout - ::1","service":"inventory-api","timestamp":"2026-06-29T01:31:16.857Z"}
{"level":"info","message":"POST /api/auth/logout - ::1","service":"inventory-api","timestamp":"2026-06-29T01:31:16.873Z"}
{"level":"info","message":"POST /api/auth/logout - ::1","service":"inventory-api","timestamp":"2026-06-29T01:31:16.898Z"}
{"level":"info","message":"POST /api/auth/logout - ::1","service":"inventory-api","timestamp":"2026-06-29T01:31:16.914Z"}
{"level":"info","message":"POST /api/auth/logout - ::1","service":"inventory-api","timestamp":"2026-06-29T01:31:16.923Z"}
{"level":"info","message":"POST /api/auth/logout - ::1","service":"inventory-api","timestamp":"2026-06-29T01:31:16.935Z"}
{"level":"info","message":"POST /api/auth/logout - ::1","service":"inventory-api","timestamp":"2026-06-29T01:31:16.943Z"}
{"level":"info","message":"POST /api/auth/logout - ::1","service":"inventory-api","timestamp":"2026-06-29T01:31:16.956Z"}
{"level":"info","message":"GET /api/permissions/my-permissions - ::1","service":"inventory-api","timestamp":"2026-06-29T01:31:16.979Z"}
{"level":"info","message":"GET /api/dashboard - ::1","service":"inventory-api","timestamp":"2026-06-29T01:31:16.985Z"}
{"level":"info","message":"POST /api/auth/logout - ::1","service":"inventory-api","timestamp":"2026-06-29T01:31:16.998Z"}
{"level":"info","message":"POST /api/auth/logout - ::1","service":"inventory-api","timestamp":"2026-06-29T01:31:17.029Z"}
{"level":"info","message":"POST /api/auth/logout - ::1","service":"inventory-api","timestamp":"2026-06-29T01:31:17.035Z"}
{"level":"info","message":"POST /api/auth/logout - ::1","service":"inventory-api","timestamp":"2026-06-29T01:31:17.039Z"}
{"level":"info","message":"POST /api/auth/logout - ::1","service":"inventory-api","timestamp":"2026-06-29T01:31:17.046Z"}
{"level":"info","message":"POST /api/auth/logout - ::1","service":"inventory-api","timestamp":"2026-06-29T01:31:17.051Z"}
{"level":"info","message":"POST /api/auth/logout - ::1","service":"inventory-api","timestamp":"2026-06-29T01:31:17.055Z"}
{"level":"info","message":"POST /api/auth/logout - ::1","service":"inventory-api","timestamp":"2026-06-29T01:31:17.060Z"}
{"level":"info","message":"POST /api/auth/logout - ::1","service":"inventory-api","timestamp":"2026-06-29T01:31:17.065Z"}
{"level":"info","message":"POST /api/auth/logout - ::1","service":"inventory-api","timestamp":"2026-06-29T01:31:17.069Z"}
{"level":"info","message":"POST /api/auth/logout - ::1","service":"inventory-api","timestamp":"2026-06-29T01:31:17.074Z"}
{"level":"info","message":"POST /api/auth/logout - ::1","service":"inventory-api","timestamp":"2026-06-29T01:31:17.085Z"}
{"level":"info","message":"POST /api/auth/logout - ::1","service":"inventory-api","timestamp":"2026-06-29T01:31:17.089Z"}
{"level":"info","message":"POST /api/auth/logout - ::1","service":"inventory-api","timestamp":"2026-06-29T01:31:17.097Z"}
{"level":"info","message":"POST /api/auth/logout - ::1","service":"inventory-api","timestamp":"2026-06-29T01:31:17.103Z"}
{"level":"info","message":"POST /api/auth/logout - ::1","service":"inventory-api","timestamp":"2026-06-29T01:31:17.107Z"}
{"level":"info","message":"POST /api/auth/logout - ::1","service":"inventory-api","timestamp":"2026-06-29T01:31:17.112Z"}
{"level":"info","message":"POST /api/auth/logout - ::1","service":"inventory-api","timestamp":"2026-06-29T01:31:17.117Z"}
{"level":"info","message":"POST /api/auth/logout - ::1","service":"inventory-api","timestamp":"2026-06-29T01:31:17.122Z"}
{"level":"info","message":"POST /api/auth/logout - ::1","service":"inventory-api","timestamp":"2026-06-29T01:31:17.128Z"}
{"level":"info","message":"POST /api/auth/logout - ::1","service":"inventory-api","timestamp":"2026-06-29T01:31:17.133Z"}
{"level":"info","message":"POST /api/auth/logout - ::1","service":"inventory-api","timestamp":"2026-06-29T01:31:17.139Z"}
{"level":"info","message":"POST /api/auth/logout - ::1","service":"inventory-api","timestamp":"2026-06-29T01:31:17.146Z"}
{"level":"info","message":"POST /api/auth/logout - ::1","service":"inventory-api","timestamp":"2026-06-29T01:31:17.151Z"}
{"level":"info","message":"POST /api/auth/logout - ::1","service":"inventory-api","timestamp":"2026-06-29T01:31:17.156Z"}
{"level":"info","message":"POST /api/auth/logout - ::1","service":"inventory-api","timestamp":"2026-06-29T01:31:17.162Z"}
{"level":"info","message":"POST /api/auth/logout - ::1","service":"inventory-api","timestamp":"2026-06-29T01:31:17.168Z"}
{"level":"info","message":"POST /api/auth/logout - ::1","service":"inventory-api","timestamp":"2026-06-29T01:31:17.173Z"}
{"level":"info","message":"POST /api/auth/logout - ::1","service":"inventory-api","timestamp":"2026-06-29T01:31:17.179Z"}
{"level":"info","message":"POST /api/auth/logout - ::1","service":"inventory-api","timestamp":"2026-06-29T01:31:17.185Z"}
{"level":"info","message":"POST /api/auth/logout - ::1","service":"inventory-api","timestamp":"2026-06-29T01:31:17.189Z"}
{"level":"info","message":"POST /api/auth/logout - ::1","service":"inventory-api","timestamp":"2026-06-29T01:31:17.197Z"}
{"level":"info","message":"POST /api/auth/logout - ::1","service":"inventory-api","timestamp":"2026-06-29T01:31:17.203Z"}
{"level":"info","message":"POST /api/auth/logout - ::1","service":"inventory-api","timestamp":"2026-06-29T01:31:17.208Z"}
{"level":"info","message":"POST /api/auth/logout - ::1","service":"inventory-api","timestamp":"2026-06-29T01:31:17.214Z"}
{"level":"info","message":"POST /api/auth/logout - ::1","service":"inventory-api","timestamp":"2026-06-29T01:31:17.219Z"}
{"level":"info","message":"POST /api/auth/logout - ::1","service":"inventory-api","timestamp":"2026-06-29T01:31:17.225Z"}
{"level":"info","message":"POST /api/auth/logout - ::1","service":"inventory-api","timestamp":"2026-06-29T01:31:17.231Z"}
{"level":"info","message":"POST /api/auth/logout - ::1","service":"inventory-api","timestamp":"2026-06-29T01:31:17.236Z"}
{"level":"info","message":"POST /api/auth/logout - ::1","service":"inventory-api","timestamp":"2026-06-29T01:31:17.242Z"}
{"level":"info","message":"POST /api/auth/logout - ::1","service":"inventory-api","timestamp":"2026-06-29T01:31:17.248Z"}
{"level":"info","message":"POST /api/auth/logout - ::1","service":"inventory-api","timestamp":"2026-06-29T01:31:17.256Z"}
{"level":"info","message":"POST /api/auth/logout - ::1","service":"inventory-api","timestamp":"2026-06-29T01:31:17.263Z"}
{"level":"info","message":"POST /api/auth/logout - ::1","service":"inventory-api","timestamp":"2026-06-29T01:31:17.270Z"}
{"level":"info","message":"POST /api/auth/logout - ::1","service":"inventory-api","timestamp":"2026-06-29T01:31:17.296Z"}
{"level":"info","message":"POST /api/auth/logout - ::1","service":"inventory-api","timestamp":"2026-06-29T01:31:17.305Z"}
{"level":"info","message":"POST /api/auth/logout - ::1","service":"inventory-api","timestamp":"2026-06-29T01:31:17.312Z"}
{"level":"info","message":"POST /api/auth/logout - ::1","service":"inventory-api","timestamp":"2026-06-29T01:31:17.317Z"}
{"level":"info","message":"POST /api/auth/logout - ::1","service":"inventory-api","timestamp":"2026-06-29T01:31:17.322Z"}
{"level":"info","message":"POST /api/auth/logout - ::1","service":"inventory-api","timestamp":"2026-06-29T01:31:17.330Z"}
{"level":"info","message":"POST /api/auth/logout - ::1","service":"inventory-api","timestamp":"2026-06-29T01:31:17.336Z"}
{"level":"info","message":"POST /api/auth/logout - ::1","service":"inventory-api","timestamp":"2026-06-29T01:31:17.341Z"}
{"level":"info","message":"POST /api/auth/logout - ::1","service":"inventory-api","timestamp":"2026-06-29T01:31:17.347Z"}
{"level":"info","message":"POST /api/auth/logout - ::1","service":"inventory-api","timestamp":"2026-06-29T01:31:17.354Z"}
{"level":"info","message":"POST /api/auth/logout - ::1","service":"inventory-api","timestamp":"2026-06-29T01:31:17.360Z"}
{"level":"info","message":"POST /api/auth/logout - ::1","service":"inventory-api","timestamp":"2026-06-29T01:31:17.367Z"}
{"level":"info","message":"POST /api/auth/logout - ::1","service":"inventory-api","timestamp":"2026-06-29T01:31:17.372Z"}
{"level":"info","message":"POST /api/auth/logout - ::1","service":"inventory-api","timestamp":"2026-06-29T01:31:17.378Z"}
{"level":"info","message":"POST /api/auth/logout - ::1","service":"inventory-api","timestamp":"2026-06-29T01:31:17.384Z"}
{"level":"info","message":"POST /api/auth/logout - ::1","service":"inventory-api","timestamp":"2026-06-29T01:31:17.389Z"}
{"level":"info","message":"POST /api/auth/logout - ::1","service":"inventory-api","timestamp":"2026-06-29T01:31:17.395Z"}
{"level":"info","message":"POST /api/auth/logout - ::1","service":"inventory-api","timestamp":"2026-06-29T01:31:17.401Z"}
{"level":"info","message":"POST /api/auth/logout - ::1","service":"inventory-api","timestamp":"2026-06-29T01:31:17.405Z"}
{"level":"info","message":"POST /api/auth/logout - ::1","service":"inventory-api","timestamp":"2026-06-29T01:31:17.413Z"}
{"level":"info","message":"POST /api/auth/logout - ::1","service":"inventory-api","timestamp":"2026-06-29T01:31:17.418Z"}
{"level":"info","message":"POST /api/auth/logout - ::1","service":"inventory-api","timestamp":"2026-06-29T01:31:17.423Z"}
{"level":"info","message":"POST /api/auth/logout - ::1","service":"inventory-api","timestamp":"2026-06-29T01:31:17.429Z"}
{"level":"info","message":"POST /api/auth/logout - ::1","service":"inventory-api","timestamp":"2026-06-29T01:31:17.436Z"}
{"level":"info","message":"POST /api/auth/logout - ::1","service":"inventory-api","timestamp":"2026-06-29T01:31:17.442Z"}
{"level":"info","message":"POST /api/auth/logout - ::1","service":"inventory-api","timestamp":"2026-06-29T01:31:17.449Z"}
{"level":"info","message":"POST /api/auth/logout - ::1","service":"inventory-api","timestamp":"2026-06-29T01:31:17.454Z"}
{"level":"info","message":"POST /api/auth/logout - ::1","service":"inventory-api","timestamp":"2026-06-29T01:31:17.459Z"}
{"level":"info","message":"POST /api/auth/logout - ::1","service":"inventory-api","timestamp":"2026-06-29T01:31:17.465Z"}
{"level":"info","message":"POST /api/auth/logout - ::1","service":"inventory-api","timestamp":"2026-06-29T01:31:17.471Z"}
{"level":"info","message":"POST /api/auth/logout - ::1","service":"inventory-api","timestamp":"2026-06-29T01:31:17.477Z"}
{"level":"info","message":"POST /api/auth/logout - ::1","service":"inventory-api","timestamp":"2026-06-29T01:31:17.483Z"}
{"level":"info","message":"POST /api/auth/logout - ::1","service":"inventory-api","timestamp":"2026-06-29T01:31:17.489Z"}
{"level":"info","message":"POST /api/auth/logout - ::1","service":"inventory-api","timestamp":"2026-06-29T01:31:17.495Z"}
{"level":"info","message":"POST /api/auth/logout - ::1","service":"inventory-api","timestamp":"2026-06-29T01:31:17.500Z"}
{"level":"info","message":"POST /api/auth/logout - ::1","service":"inventory-api","timestamp":"2026-06-29T01:31:17.505Z"}
{"level":"info","message":"POST /api/auth/logout - ::1","service":"inventory-api","timestamp":"2026-06-29T01:31:17.511Z"}
{"level":"info","message":"POST /api/auth/logout - ::1","service":"inventory-api","timestamp":"2026-06-29T01:31:17.517Z"}
{"level":"info","message":"POST /api/auth/logout - ::1","service":"inventory-api","timestamp":"2026-06-29T01:31:17.522Z"}
{"level":"info","message":"POST /api/auth/logout - ::1","service":"inventory-api","timestamp":"2026-06-29T01:31:17.527Z"}
{"level":"info","message":"POST /api/auth/logout - ::1","service":"inventory-api","timestamp":"2026-06-29T01:31:17.533Z"}
{"level":"info","message":"POST /api/auth/logout - ::1","service":"inventory-api","timestamp":"2026-06-29T01:31:17.538Z"}
{"level":"info","message":"POST /api/auth/logout - ::1","service":"inventory-api","timestamp":"2026-06-29T01:31:17.544Z"}
{"level":"info","message":"POST /api/auth/logout - ::1","service":"inventory-api","timestamp":"2026-06-29T01:31:17.550Z"}
{"level":"info","message":"POST /api/auth/logout - ::1","service":"inventory-api","timestamp":"2026-06-29T01:31:17.555Z"}
{"level":"info","message":"POST /api/auth/logout - ::1","service":"inventory-api","timestamp":"2026-06-29T01:31:17.560Z"}
{"level":"info","message":"POST /api/auth/logout - ::1","service":"inventory-api","timestamp":"2026-06-29T01:31:17.566Z"}
{"level":"info","message":"POST /api/auth/logout - ::1","service":"inventory-api","timestamp":"2026-06-29T01:31:17.571Z"}
{"level":"info","message":"POST /api/auth/logout - ::1","service":"inventory-api","timestamp":"2026-06-29T01:31:17.577Z"}
{"level":"info","message":"POST /api/auth/logout - ::1","service":"inventory-api","timestamp":"2026-06-29T01:31:17.583Z"}
{"level":"info","message":"POST /api/auth/logout - ::1","service":"inventory-api","timestamp":"2026-06-29T01:31:17.588Z"}
{"level":"info","message":"POST /api/auth/logout - ::1","service":"inventory-api","timestamp":"2026-06-29T01:31:17.593Z"}
{"level":"info","message":"POST /api/auth/logout - ::1","service":"inventory-api","timestamp":"2026-06-29T01:31:17.600Z"}
{"level":"info","message":"POST /api/auth/logout - ::1","service":"inventory-api","timestamp":"2026-06-29T01:31:17.605Z"}
{"level":"info","message":"POST /api/auth/logout - ::1","service":"inventory-api","timestamp":"2026-06-29T01:31:17.613Z"}
{"level":"info","message":"POST /api/auth/logout - ::1","service":"inventory-api","timestamp":"2026-06-29T01:31:17.620Z"}
{"level":"info","message":"POST /api/auth/logout - ::1","service":"inventory-api","timestamp":"2026-06-29T01:31:17.627Z"}
{"level":"info","message":"POST /api/auth/logout - ::1","service":"inventory-api","timestamp":"2026-06-29T01:31:17.635Z"}
{"level":"info","message":"POST /api/auth/logout - ::1","service":"inventory-api","timestamp":"2026-06-29T01:31:17.641Z"}
{"level":"info","message":"POST /api/auth/logout - ::1","service":"inventory-api","timestamp":"2026-06-29T01:31:17.647Z"}
{"level":"info","message":"POST /api/auth/logout - ::1","service":"inventory-api","timestamp":"2026-06-29T01:31:17.652Z"}
{"level":"info","message":"POST /api/auth/logout - ::1","service":"inventory-api","timestamp":"2026-06-29T01:31:17.658Z"}
{"level":"info","message":"POST /api/auth/logout - ::1","service":"inventory-api","timestamp":"2026-06-29T01:31:17.665Z"}
{"level":"info","message":"POST /api/auth/logout - ::1","service":"inventory-api","timestamp":"2026-06-29T01:31:17.670Z"}
{"level":"info","message":"POST /api/auth/logout - ::1","service":"inventory-api","timestamp":"2026-06-29T01:31:17.676Z"}
{"level":"info","message":"POST /api/auth/logout - ::1","service":"inventory-api","timestamp":"2026-06-29T01:31:17.681Z"}
{"level":"info","message":"POST /api/auth/logout - ::1","service":"inventory-api","timestamp":"2026-06-29T01:31:17.686Z"}
{"level":"info","message":"POST /api/auth/logout - ::1","service":"inventory-api","timestamp":"2026-06-29T01:31:17.692Z"}
{"level":"info","message":"POST /api/auth/logout - ::1","service":"inventory-api","timestamp":"2026-06-29T01:31:17.697Z"}
{"level":"info","message":"POST /api/auth/logout - ::1","service":"inventory-api","timestamp":"2026-06-29T01:31:17.702Z"}
{"level":"info","message":"POST /api/auth/logout - ::1","service":"inventory-api","timestamp":"2026-06-29T01:31:17.707Z"}
{"level":"info","message":"POST /api/auth/logout - ::1","service":"inventory-api","timestamp":"2026-06-29T01:31:17.713Z"}
{"level":"info","message":"POST /api/auth/logout - ::1","service":"inventory-api","timestamp":"2026-06-29T01:31:17.718Z"}
{"level":"info","message":"POST /api/auth/logout - ::1","service":"inventory-api","timestamp":"2026-06-29T01:31:17.723Z"}
{"level":"info","message":"POST /api/auth/logout - ::1","service":"inventory-api","timestamp":"2026-06-29T01:31:17.730Z"}
{"level":"info","message":"POST /api/auth/logout - ::1","service":"inventory-api","timestamp":"2026-06-29T01:31:17.735Z"}
{"level":"info","message":"POST /api/auth/logout - ::1","service":"inventory-api","timestamp":"2026-06-29T01:31:17.739Z"}
{"level":"info","message":"POST /api/auth/logout - ::1","service":"inventory-api","timestamp":"2026-06-29T01:31:17.747Z"}
{"level":"info","message":"POST /api/auth/logout - ::1","service":"inventory-api","timestamp":"2026-06-29T01:31:17.752Z"}
{"level":"info","message":"POST /api/auth/logout - ::1","service":"inventory-api","timestamp":"2026-06-29T01:31:17.757Z"}
{"level":"info","message":"POST /api/auth/logout - ::1","service":"inventory-api","timestamp":"2026-06-29T01:31:17.766Z"}
{"level":"info","message":"POST /api/auth/logout - ::1","service":"inventory-api","timestamp":"2026-06-29T01:31:17.771Z"}
{"level":"info","message":"POST /api/auth/logout - ::1","service":"inventory-api","timestamp":"2026-06-29T01:31:17.777Z"}
{"level":"info","message":"POST /api/auth/logout - ::1","service":"inventory-api","timestamp":"2026-06-29T01:31:17.783Z"}
{"level":"info","message":"POST /api/auth/logout - ::1","service":"inventory-api","timestamp":"2026-06-29T01:31:17.788Z"}
{"level":"info","message":"POST /api/auth/logout - ::1","service":"inventory-api","timestamp":"2026-06-29T01:31:17.795Z"}
{"level":"info","message":"POST /api/auth/logout - ::1","service":"inventory-api","timestamp":"2026-06-29T01:31:17.800Z"}
{"level":"info","message":"POST /api/auth/logout - ::1","service":"inventory-api","timestamp":"2026-06-29T01:31:17.805Z"}
{"level":"info","message":"POST /api/auth/logout - ::1","service":"inventory-api","timestamp":"2026-06-29T01:31:17.810Z"}
{"level":"info","message":"POST /api/auth/logout - ::1","service":"inventory-api","timestamp":"2026-06-29T01:31:17.817Z"}
{"level":"info","message":"POST /api/auth/logout - ::1","service":"inventory-api","timestamp":"2026-06-29T01:31:17.822Z"}
{"level":"info","message":"POST /api/auth/logout - ::1","service":"inventory-api","timestamp":"2026-06-29T01:31:17.827Z"}
{"level":"info","message":"POST /api/auth/logout - ::1","service":"inventory-api","timestamp":"2026-06-29T01:31:17.832Z"}
{"level":"info","message":"POST /api/auth/logout - ::1","service":"inventory-api","timestamp":"2026-06-29T01:31:17.837Z"}
{"level":"info","message":"POST /api/auth/logout - ::1","service":"inventory-api","timestamp":"2026-06-29T01:31:17.843Z"}
{"level":"info","message":"POST /api/auth/logout - ::1","service":"inventory-api","timestamp":"2026-06-29T01:31:17.849Z"}
{"level":"info","message":"POST /api/auth/logout - ::1","service":"inventory-api","timestamp":"2026-06-29T01:31:17.854Z"}
{"level":"info","message":"POST /api/auth/logout - ::1","service":"inventory-api","timestamp":"2026-06-29T01:31:17.860Z"}
{"level":"info","message":"POST /api/auth/logout - ::1","service":"inventory-api","timestamp":"2026-06-29T01:31:17.866Z"}
{"level":"info","message":"POST /api/auth/logout - ::1","service":"inventory-api","timestamp":"2026-06-29T01:31:17.871Z"}
{"level":"info","message":"POST /api/auth/logout - ::1","service":"inventory-api","timestamp":"2026-06-29T01:31:17.877Z"}
{"level":"info","message":"POST /api/auth/logout - ::1","service":"inventory-api","timestamp":"2026-06-29T01:31:17.883Z"}
{"level":"info","message":"POST /api/auth/logout - ::1","service":"inventory-api","timestamp":"2026-06-29T01:31:17.888Z"}
{"level":"info","message":"POST /api/auth/logout - ::1","service":"inventory-api","timestamp":"2026-06-29T01:31:17.894Z"}
{"level":"info","message":"POST /api/auth/logout - ::1","service":"inventory-api","timestamp":"2026-06-29T01:31:17.900Z"}
{"level":"info","message":"POST /api/auth/logout - ::1","service":"inventory-api","timestamp":"2026-06-29T01:31:17.904Z"}
{"level":"info","message":"POST /api/auth/logout - ::1","service":"inventory-api","timestamp":"2026-06-29T01:31:17.910Z"}
{"level":"info","message":"POST /api/auth/logout - ::1","service":"inventory-api","timestamp":"2026-06-29T01:31:17.916Z"}
{"level":"info","message":"POST /api/auth/logout - ::1","service":"inventory-api","timestamp":"2026-06-29T01:31:17.921Z"}
{"level":"info","message":"POST /api/auth/logout - ::1","service":"inventory-api","timestamp":"2026-06-29T01:31:17.926Z"}
{"level":"info","message":"POST /api/auth/logout - ::1","service":"inventory-api","timestamp":"2026-06-29T01:31:17.932Z"}
{"level":"info","message":"POST /api/auth/logout - ::1","service":"inventory-api","timestamp":"2026-06-29T01:31:17.937Z"}
{"level":"info","message":"POST /api/auth/logout - ::1","service":"inventory-api","timestamp":"2026-06-29T01:31:17.943Z"}
{"level":"info","message":"POST /api/auth/logout - ::1","service":"inventory-api","timestamp":"2026-06-29T01:31:17.948Z"}
{"level":"info","message":"POST /api/auth/logout - ::1","service":"inventory-api","timestamp":"2026-06-29T01:31:17.953Z"}
{"level":"info","message":"POST /api/auth/logout - ::1","service":"inventory-api","timestamp":"2026-06-29T01:31:17.959Z"}
{"level":"info","message":"POST /api/auth/logout - ::1","service":"inventory-api","timestamp":"2026-06-29T01:31:17.965Z"}
{"level":"info","message":"POST /api/auth/logout - ::1","service":"inventory-api","timestamp":"2026-06-29T01:31:17.970Z"}
{"level":"info","message":"POST /api/auth/logout - ::1","service":"inventory-api","timestamp":"2026-06-29T01:31:17.976Z"}
{"level":"info","message":"POST /api/auth/logout - ::1","service":"inventory-api","timestamp":"2026-06-29T01:31:17.981Z"}
{"level":"info","message":"POST /api/auth/logout - ::1","service":"inventory-api","timestamp":"2026-06-29T01:31:17.986Z"}
{"level":"info","message":"POST /api/auth/logout - ::1","service":"inventory-api","timestamp":"2026-06-29T01:31:17.992Z"}
{"level":"info","message":"POST /api/auth/logout - ::1","service":"inventory-api","timestamp":"2026-06-29T01:31:17.998Z"}
{"level":"info","message":"POST /api/auth/logout - ::1","service":"inventory-api","timestamp":"2026-06-29T01:31:18.003Z"}
{"level":"info","message":"POST /api/auth/logout - ::1","service":"inventory-api","timestamp":"2026-06-29T01:31:18.009Z"}
{"level":"info","message":"POST /api/auth/logout - ::1","service":"inventory-api","timestamp":"2026-06-29T01:31:18.014Z"}
{"level":"info","message":"POST /api/auth/logout - ::1","service":"inventory-api","timestamp":"2026-06-29T01:31:18.019Z"}
{"level":"info","message":"POST /api/auth/logout - ::1","service":"inventory-api","timestamp":"2026-06-29T01:31:18.025Z"}
{"level":"info","message":"POST /api/auth/logout - ::1","service":"inventory-api","timestamp":"2026-06-29T01:31:18.031Z"}
{"level":"info","message":"POST /api/auth/logout - ::1","service":"inventory-api","timestamp":"2026-06-29T01:31:18.036Z"}
{"level":"info","message":"POST /api/auth/logout - ::1","service":"inventory-api","timestamp":"2026-06-29T01:31:18.042Z"}
{"level":"info","message":"POST /api/auth/logout - ::1","service":"inventory-api","timestamp":"2026-06-29T01:31:18.047Z"}
{"level":"info","message":"POST /api/auth/logout - ::1","service":"inventory-api","timestamp":"2026-06-29T01:31:18.052Z"}
{"level":"info","message":"POST /api/auth/logout - ::1","service":"inventory-api","timestamp":"2026-06-29T01:31:18.057Z"}
{"level":"info","message":"POST /api/auth/logout - ::1","service":"inventory-api","timestamp":"2026-06-29T01:31:18.064Z"}
{"level":"info","message":"POST /api/auth/logout - ::1","service":"inventory-api","timestamp":"2026-06-29T01:31:18.069Z"}
{"level":"info","message":"POST /api/auth/logout - ::1","service":"inventory-api","timestamp":"2026-06-29T01:31:18.074Z"}
{"level":"info","message":"POST /api/auth/logout - ::1","service":"inventory-api","timestamp":"2026-06-29T01:31:18.080Z"}
{"level":"info","message":"POST /api/auth/logout - ::1","service":"inventory-api","timestamp":"2026-06-29T01:31:18.087Z"}
{"level":"info","message":"POST /api/auth/logout - ::1","service":"inventory-api","timestamp":"2026-06-29T01:31:18.092Z"}
{"level":"info","message":"POST /api/auth/logout - ::1","service":"inventory-api","timestamp":"2026-06-29T01:31:18.099Z"}
{"level":"info","message":"POST /api/auth/logout - ::1","service":"inventory-api","timestamp":"2026-06-29T01:31:18.104Z"}
{"level":"info","message":"POST /api/auth/logout - ::1","service":"inventory-api","timestamp":"2026-06-29T01:31:18.109Z"}
{"level":"info","message":"POST /api/auth/logout - ::1","service":"inventory-api","timestamp":"2026-06-29T01:31:18.116Z"}
{"level":"info","message":"POST /api/auth/logout - ::1","service":"inventory-api","timestamp":"2026-06-29T01:31:18.121Z"}
{"level":"info","message":"POST /api/auth/logout - ::1","service":"inventory-api","timestamp":"2026-06-29T01:31:18.126Z"}
{"level":"info","message":"POST /api/auth/logout - ::1","service":"inventory-api","timestamp":"2026-06-29T01:31:18.132Z"}
{"level":"info","message":"POST /api/auth/logout - ::1","service":"inventory-api","timestamp":"2026-06-29T01:31:18.137Z"}
{"level":"info","message":"POST /api/auth/logout - ::1","service":"inventory-api","timestamp":"2026-06-29T01:31:18.142Z"}
{"level":"info","message":"POST /api/auth/logout - ::1","service":"inventory-api","timestamp":"2026-06-29T01:31:18.149Z"}
{"level":"info","message":"POST /api/auth/logout - ::1","service":"inventory-api","timestamp":"2026-06-29T01:31:18.154Z"}
{"level":"info","message":"POST /api/auth/logout - ::1","service":"inventory-api","timestamp":"2026-06-29T01:31:18.159Z"}
{"level":"info","message":"POST /api/auth/logout - ::1","service":"inventory-api","timestamp":"2026-06-29T01:31:18.166Z"}
{"level":"info","message":"POST /api/auth/logout - ::1","service":"inventory-api","timestamp":"2026-06-29T01:31:18.171Z"}
{"level":"info","message":"POST /api/auth/logout - ::1","service":"inventory-api","timestamp":"2026-06-29T01:31:18.176Z"}
{"level":"info","message":"POST /api/auth/logout - ::1","service":"inventory-api","timestamp":"2026-06-29T01:31:18.182Z"}
{"level":"info","message":"POST /api/auth/logout - ::1","service":"inventory-api","timestamp":"2026-06-29T01:31:18.187Z"}
{"level":"info","message":"POST /api/auth/logout - ::1","service":"inventory-api","timestamp":"2026-06-29T01:31:18.192Z"}
{"level":"info","message":"POST /api/auth/logout - ::1","service":"inventory-api","timestamp":"2026-06-29T01:31:18.202Z"}
{"level":"info","message":"POST /api/auth/logout - ::1","service":"inventory-api","timestamp":"2026-06-29T01:31:18.207Z"}
{"level":"info","message":"POST /api/auth/logout - ::1","service":"inventory-api","timestamp":"2026-06-29T01:31:18.213Z"}
{"level":"info","message":"POST /api/auth/logout - ::1","service":"inventory-api","timestamp":"2026-06-29T01:31:18.218Z"}
{"level":"info","message":"POST /api/auth/logout - ::1","service":"inventory-api","timestamp":"2026-06-29T01:31:18.224Z"}
{"level":"info","message":"POST /api/auth/logout - ::1","service":"inventory-api","timestamp":"2026-06-29T01:31:18.230Z"}
{"level":"info","message":"POST /api/auth/logout - ::1","service":"inventory-api","timestamp":"2026-06-29T01:31:18.235Z"}
{"level":"info","message":"POST /api/auth/logout - ::1","service":"inventory-api","timestamp":"2026-06-29T01:31:18.240Z"}
{"level":"info","message":"POST /api/auth/logout - ::1","service":"inventory-api","timestamp":"2026-06-29T01:31:18.247Z"}
{"level":"info","message":"POST /api/auth/logout - ::1","service":"inventory-api","timestamp":"2026-06-29T01:31:18.252Z"}
{"level":"info","message":"POST /api/auth/logout - ::1","service":"inventory-api","timestamp":"2026-06-29T01:31:18.258Z"}
{"level":"info","message":"POST /api/auth/logout - ::1","service":"inventory-api","timestamp":"2026-06-29T01:31:18.263Z"}
{"level":"info","message":"POST /api/auth/logout - ::1","service":"inventory-api","timestamp":"2026-06-29T01:31:18.268Z"}
{"level":"info","message":"POST /api/auth/logout - ::1","service":"inventory-api","timestamp":"2026-06-29T01:31:18.273Z"}
{"level":"info","message":"POST /api/auth/logout - ::1","service":"inventory-api","timestamp":"2026-06-29T01:31:18.279Z"}
{"level":"info","message":"POST /api/auth/logout - ::1","service":"inventory-api","timestamp":"2026-06-29T01:31:18.284Z"}
{"level":"info","message":"POST /api/auth/logout - ::1","service":"inventory-api","timestamp":"2026-06-29T01:31:18.290Z"}
{"level":"info","message":"POST /api/auth/logout - ::1","service":"inventory-api","timestamp":"2026-06-29T01:31:18.296Z"}
{"level":"info","message":"POST /api/auth/logout - ::1","service":"inventory-api","timestamp":"2026-06-29T01:31:18.302Z"}
{"level":"info","message":"POST /api/auth/logout - ::1","service":"inventory-api","timestamp":"2026-06-29T01:31:18.308Z"}
{"level":"info","message":"POST /api/auth/logout - ::1","service":"inventory-api","timestamp":"2026-06-29T01:31:18.318Z"}
{"level":"info","message":"POST /api/auth/logout - ::1","service":"inventory-api","timestamp":"2026-06-29T01:31:18.325Z"}
{"level":"info","message":"POST /api/auth/logout - ::1","service":"inventory-api","timestamp":"2026-06-29T01:31:18.333Z"}
{"level":"info","message":"POST /api/auth/logout - ::1","service":"inventory-api","timestamp":"2026-06-29T01:31:18.338Z"}
{"level":"info","message":"POST /api/auth/logout - ::1","service":"inventory-api","timestamp":"2026-06-29T01:31:18.345Z"}
{"level":"info","message":"POST /api/auth/logout - ::1","service":"inventory-api","timestamp":"2026-06-29T01:31:18.362Z"}
{"level":"info","message":"POST /api/auth/logout - ::1","service":"inventory-api","timestamp":"2026-06-29T01:31:18.366Z"}
{"level":"info","message":"POST /api/auth/logout - ::1","service":"inventory-api","timestamp":"2026-06-29T01:31:18.370Z"}
{"level":"info","message":"POST /api/auth/logout - ::1","service":"inventory-api","timestamp":"2026-06-29T01:31:18.375Z"}
{"level":"info","message":"POST /api/auth/logout - ::1","service":"inventory-api","timestamp":"2026-06-29T01:31:18.380Z"}
{"level":"info","message":"POST /api/auth/logout - ::1","service":"inventory-api","timestamp":"2026-06-29T01:31:18.384Z"}
{"level":"info","message":"POST /api/auth/logout - ::1","service":"inventory-api","timestamp":"2026-06-29T01:31:18.388Z"}
{"level":"info","message":"POST /api/auth/logout - ::1","service":"inventory-api","timestamp":"2026-06-29T01:31:18.394Z"}
{"level":"info","message":"POST /api/auth/logout - ::1","service":"inventory-api","timestamp":"2026-06-29T01:31:18.399Z"}
{"level":"info","message":"POST /api/auth/logout - ::1","service":"inventory-api","timestamp":"2026-06-29T01:31:18.403Z"}
{"level":"info","message":"POST /api/auth/logout - ::1","service":"inventory-api","timestamp":"2026-06-29T01:31:18.407Z"}
{"level":"info","message":"POST /api/auth/logout - ::1","service":"inventory-api","timestamp":"2026-06-29T01:31:18.412Z"}
{"level":"info","message":"POST /api/auth/logout - ::1","service":"inventory-api","timestamp":"2026-06-29T01:31:18.417Z"}
{"level":"info","message":"POST /api/auth/logout - ::1","service":"inventory-api","timestamp":"2026-06-29T01:31:18.420Z"}
{"level":"info","message":"POST /api/auth/logout - ::1","service":"inventory-api","timestamp":"2026-06-29T01:31:18.425Z"}
{"level":"info","message":"POST /api/auth/logout - ::1","service":"inventory-api","timestamp":"2026-06-29T01:31:18.430Z"}
{"level":"info","message":"POST /api/auth/logout - ::1","service":"inventory-api","timestamp":"2026-06-29T01:31:18.435Z"}
{"level":"info","message":"POST /api/auth/logout - ::1","service":"inventory-api","timestamp":"2026-06-29T01:31:18.439Z"}
{"level":"info","message":"POST /api/auth/logout - ::1","service":"inventory-api","timestamp":"2026-06-29T01:31:18.444Z"}
{"level":"info","message":"POST /api/auth/logout - ::1","service":"inventory-api","timestamp":"2026-06-29T01:31:18.449Z"}
{"level":"info","message":"POST /api/auth/logout - ::1","service":"inventory-api","timestamp":"2026-06-29T01:31:18.454Z"}
{"level":"info","message":"POST /api/auth/logout - ::1","service":"inventory-api","timestamp":"2026-06-29T01:31:18.460Z"}
{"level":"info","message":"POST /api/auth/logout - ::1","service":"inventory-api","timestamp":"2026-06-29T01:31:18.466Z"}
{"level":"info","message":"POST /api/auth/logout - ::1","service":"inventory-api","timestamp":"2026-06-29T01:31:18.471Z"}
{"level":"info","message":"POST /api/auth/login - ::1","service":"inventory-api","timestamp":"2026-06-29T01:31:18.477Z"}
{"level":"info","message":"POST /api/auth/logout - ::1","service":"inventory-api","timestamp":"2026-06-29T01:31:18.489Z"}
{"level":"info","message":"POST /api/auth/logout - ::1","service":"inventory-api","timestamp":"2026-06-29T01:31:18.499Z"}
{"level":"info","message":"POST /api/auth/logout - ::1","service":"inventory-api","timestamp":"2026-06-29T01:31:18.718Z"}
{"level":"info","message":"POST /api/auth/logout - ::1","service":"inventory-api","timestamp":"2026-06-29T01:31:18.762Z"}
{"level":"info","message":"POST /api/auth/logout - ::1","service":"inventory-api","timestamp":"2026-06-29T01:31:18.767Z"}
{"level":"info","message":"POST /api/auth/logout - ::1","service":"inventory-api","timestamp":"2026-06-29T01:31:18.770Z"}
{"level":"info","message":"POST /api/auth/logout - ::1","service":"inventory-api","timestamp":"2026-06-29T01:31:18.775Z"}
{"level":"info","message":"POST /api/auth/logout - ::1","service":"inventory-api","timestamp":"2026-06-29T01:31:18.781Z"}
{"level":"info","message":"POST /api/auth/logout - ::1","service":"inventory-api","timestamp":"2026-06-29T01:31:18.785Z"}
{"level":"info","message":"POST /api/auth/logout - ::1","service":"inventory-api","timestamp":"2026-06-29T01:31:18.789Z"}
{"level":"info","message":"POST /api/auth/logout - ::1","service":"inventory-api","timestamp":"2026-06-29T01:31:18.795Z"}
{"level":"info","message":"GET /api/permissions/my-permissions - ::1","service":"inventory-api","timestamp":"2026-06-29T01:31:18.814Z"}
{"level":"info","message":"GET /api/dashboard - ::1","service":"inventory-api","timestamp":"2026-06-29T01:31:18.826Z"}
{"level":"info","message":"POST /api/auth/logout - ::1","service":"inventory-api","timestamp":"2026-06-29T01:31:18.839Z"}
{"level":"info","message":"POST /api/auth/logout - ::1","service":"inventory-api","timestamp":"2026-06-29T01:31:18.862Z"}
{"level":"info","message":"POST /api/auth/logout - ::1","service":"inventory-api","timestamp":"2026-06-29T01:31:18.866Z"}
{"level":"info","message":"POST /api/auth/logout - ::1","service":"inventory-api","timestamp":"2026-06-29T01:31:18.870Z"}
{"level":"info","message":"POST /api/auth/logout - ::1","service":"inventory-api","timestamp":"2026-06-29T01:31:18.875Z"}
{"level":"info","message":"POST /api/auth/logout - ::1","service":"inventory-api","timestamp":"2026-06-29T01:31:18.881Z"}
{"level":"info","message":"POST /api/auth/logout - ::1","service":"inventory-api","timestamp":"2026-06-29T01:31:18.885Z"}
{"level":"info","message":"POST /api/auth/logout - ::1","service":"inventory-api","timestamp":"2026-06-29T01:31:18.889Z"}
{"level":"info","message":"POST /api/auth/logout - ::1","service":"inventory-api","timestamp":"2026-06-29T01:31:18.896Z"}
{"level":"info","message":"POST /api/auth/logout - ::1","service":"inventory-api","timestamp":"2026-06-29T01:31:18.900Z"}
{"level":"info","message":"POST /api/auth/logout - ::1","service":"inventory-api","timestamp":"2026-06-29T01:31:18.903Z"}
{"level":"info","message":"POST /api/auth/logout - ::1","service":"inventory-api","timestamp":"2026-06-29T01:31:18.910Z"}
{"level":"info","message":"POST /api/auth/logout - ::1","service":"inventory-api","timestamp":"2026-06-29T01:31:18.918Z"}
{"level":"info","message":"POST /api/auth/logout - ::1","service":"inventory-api","timestamp":"2026-06-29T01:31:18.925Z"}
{"level":"info","message":"POST /api/auth/logout - ::1","service":"inventory-api","timestamp":"2026-06-29T01:31:18.932Z"}
{"level":"info","message":"POST /api/auth/logout - ::1","service":"inventory-api","timestamp":"2026-06-29T01:31:18.938Z"}
{"level":"info","message":"POST /api/auth/logout - ::1","service":"inventory-api","timestamp":"2026-06-29T01:31:18.946Z"}
{"level":"info","message":"POST /api/auth/logout - ::1","service":"inventory-api","timestamp":"2026-06-29T01:31:18.951Z"}
{"level":"info","message":"POST /api/auth/logout - ::1","service":"inventory-api","timestamp":"2026-06-29T01:31:18.956Z"}
{"level":"info","message":"POST /api/auth/logout - ::1","service":"inventory-api","timestamp":"2026-06-29T01:31:18.963Z"}
{"level":"info","message":"POST /api/auth/logout - ::1","service":"inventory-api","timestamp":"2026-06-29T01:31:18.968Z"}
{"level":"info","message":"POST /api/auth/logout - ::1","service":"inventory-api","timestamp":"2026-06-29T01:31:18.973Z"}
{"level":"info","message":"POST /api/auth/logout - ::1","service":"inventory-api","timestamp":"2026-06-29T01:31:18.979Z"}
{"level":"info","message":"POST /api/auth/logout - ::1","service":"inventory-api","timestamp":"2026-06-29T01:31:18.984Z"}
{"level":"info","message":"POST /api/auth/logout - ::1","service":"inventory-api","timestamp":"2026-06-29T01:31:18.989Z"}
{"level":"info","message":"POST /api/auth/logout - ::1","service":"inventory-api","timestamp":"2026-06-29T01:31:18.995Z"}
{"level":"info","message":"POST /api/auth/logout - ::1","service":"inventory-api","timestamp":"2026-06-29T01:31:19.000Z"}
{"level":"info","message":"POST /api/auth/logout - ::1","service":"inventory-api","timestamp":"2026-06-29T01:31:19.005Z"}
{"level":"info","message":"POST /api/auth/logout - ::1","service":"inventory-api","timestamp":"2026-06-29T01:31:19.011Z"}
{"level":"info","message":"POST /api/auth/logout - ::1","service":"inventory-api","timestamp":"2026-06-29T01:31:19.017Z"}
{"level":"info","message":"POST /api/auth/logout - ::1","service":"inventory-api","timestamp":"2026-06-29T01:31:19.022Z"}
{"level":"info","message":"POST /api/auth/logout - ::1","service":"inventory-api","timestamp":"2026-06-29T01:31:19.028Z"}
{"level":"info","message":"POST /api/auth/logout - ::1","service":"inventory-api","timestamp":"2026-06-29T01:31:19.035Z"}
{"level":"info","message":"POST /api/auth/logout - ::1","service":"inventory-api","timestamp":"2026-06-29T01:31:19.039Z"}
{"level":"info","message":"POST /api/auth/logout - ::1","service":"inventory-api","timestamp":"2026-06-29T01:31:19.045Z"}
{"level":"info","message":"POST /api/auth/logout - ::1","service":"inventory-api","timestamp":"2026-06-29T01:31:19.051Z"}
{"level":"info","message":"POST /api/auth/logout - ::1","service":"inventory-api","timestamp":"2026-06-29T01:31:19.055Z"}
{"level":"info","message":"POST /api/auth/logout - ::1","service":"inventory-api","timestamp":"2026-06-29T01:31:19.061Z"}
{"level":"info","message":"POST /api/auth/logout - ::1","service":"inventory-api","timestamp":"2026-06-29T01:31:19.066Z"}
{"level":"info","message":"POST /api/auth/logout - ::1","service":"inventory-api","timestamp":"2026-06-29T01:31:19.071Z"}
{"level":"info","message":"POST /api/auth/logout - ::1","service":"inventory-api","timestamp":"2026-06-29T01:31:19.078Z"}
{"level":"info","message":"POST /api/auth/logout - ::1","service":"inventory-api","timestamp":"2026-06-29T01:31:19.084Z"}
{"level":"info","message":"POST /api/auth/logout - ::1","service":"inventory-api","timestamp":"2026-06-29T01:31:19.089Z"}
{"level":"info","message":"POST /api/auth/logout - ::1","service":"inventory-api","timestamp":"2026-06-29T01:31:19.097Z"}
{"level":"info","message":"POST /api/auth/logout - ::1","service":"inventory-api","timestamp":"2026-06-29T01:31:19.102Z"}
{"level":"info","message":"POST /api/auth/logout - ::1","service":"inventory-api","timestamp":"2026-06-29T01:31:19.108Z"}
{"level":"info","message":"POST /api/auth/logout - ::1","service":"inventory-api","timestamp":"2026-06-29T01:31:19.115Z"}
{"level":"info","message":"POST /api/auth/logout - ::1","service":"inventory-api","timestamp":"2026-06-29T01:31:19.119Z"}
{"level":"info","message":"POST /api/auth/logout - ::1","service":"inventory-api","timestamp":"2026-06-29T01:31:19.124Z"}
{"level":"info","message":"POST /api/auth/logout - ::1","service":"inventory-api","timestamp":"2026-06-29T01:31:19.131Z"}
{"level":"info","message":"POST /api/auth/logout - ::1","service":"inventory-api","timestamp":"2026-06-29T01:31:19.135Z"}
{"level":"info","message":"POST /api/auth/logout - ::1","service":"inventory-api","timestamp":"2026-06-29T01:31:19.141Z"}
{"level":"info","message":"POST /api/auth/logout - ::1","service":"inventory-api","timestamp":"2026-06-29T01:31:19.147Z"}
{"level":"info","message":"POST /api/auth/logout - ::1","service":"inventory-api","timestamp":"2026-06-29T01:31:19.152Z"}
{"level":"info","message":"POST /api/auth/logout - ::1","service":"inventory-api","timestamp":"2026-06-29T01:31:19.156Z"}
{"level":"info","message":"POST /api/auth/logout - ::1","service":"inventory-api","timestamp":"2026-06-29T01:31:19.163Z"}
{"level":"info","message":"POST /api/auth/logout - ::1","service":"inventory-api","timestamp":"2026-06-29T01:31:19.168Z"}
{"level":"info","message":"POST /api/auth/logout - ::1","service":"inventory-api","timestamp":"2026-06-29T01:31:19.173Z"}
{"level":"info","message":"POST /api/auth/logout - ::1","service":"inventory-api","timestamp":"2026-06-29T01:31:19.179Z"}
{"level":"info","message":"POST /api/auth/logout - ::1","service":"inventory-api","timestamp":"2026-06-29T01:31:19.184Z"}
{"level":"info","message":"POST /api/auth/logout - ::1","service":"inventory-api","timestamp":"2026-06-29T01:31:19.189Z"}
{"level":"info","message":"POST /api/auth/logout - ::1","service":"inventory-api","timestamp":"2026-06-29T01:31:19.195Z"}
{"level":"info","message":"POST /api/auth/logout - ::1","service":"inventory-api","timestamp":"2026-06-29T01:31:19.200Z"}
{"level":"info","message":"POST /api/auth/logout - ::1","service":"inventory-api","timestamp":"2026-06-29T01:31:19.205Z"}
{"level":"info","message":"POST /api/auth/logout - ::1","service":"inventory-api","timestamp":"2026-06-29T01:31:19.211Z"}
{"level":"info","message":"POST /api/auth/logout - ::1","service":"inventory-api","timestamp":"2026-06-29T01:31:19.217Z"}
{"level":"info","message":"POST /api/auth/logout - ::1","service":"inventory-api","timestamp":"2026-06-29T01:31:19.223Z"}
{"level":"info","message":"POST /api/auth/logout - ::1","service":"inventory-api","timestamp":"2026-06-29T01:31:19.229Z"}
{"level":"info","message":"POST /api/auth/logout - ::1","service":"inventory-api","timestamp":"2026-06-29T01:31:19.235Z"}
{"level":"info","message":"POST /api/auth/logout - ::1","service":"inventory-api","timestamp":"2026-06-29T01:31:19.241Z"}
{"level":"info","message":"POST /api/auth/logout - ::1","service":"inventory-api","timestamp":"2026-06-29T01:31:19.248Z"}
{"level":"info","message":"POST /api/auth/logout - ::1","service":"inventory-api","timestamp":"2026-06-29T01:31:19.253Z"}
{"level":"info","message":"POST /api/auth/logout - ::1","service":"inventory-api","timestamp":"2026-06-29T01:31:19.258Z"}
{"level":"info","message":"POST /api/auth/logout - ::1","service":"inventory-api","timestamp":"2026-06-29T01:31:19.264Z"}
{"level":"info","message":"POST /api/auth/logout - ::1","service":"inventory-api","timestamp":"2026-06-29T01:31:19.269Z"}
{"level":"info","message":"POST /api/auth/logout - ::1","service":"inventory-api","timestamp":"2026-06-29T01:31:19.273Z"}
{"level":"info","message":"POST /api/auth/logout - ::1","service":"inventory-api","timestamp":"2026-06-29T01:31:19.279Z"}
{"level":"info","message":"POST /api/auth/logout - ::1","service":"inventory-api","timestamp":"2026-06-29T01:31:19.284Z"}
{"level":"info","message":"POST /api/auth/logout - ::1","service":"inventory-api","timestamp":"2026-06-29T01:31:19.289Z"}
{"level":"info","message":"POST /api/auth/logout - ::1","service":"inventory-api","timestamp":"2026-06-29T01:31:19.294Z"}
{"level":"info","message":"POST /api/auth/logout - ::1","service":"inventory-api","timestamp":"2026-06-29T01:31:19.300Z"}
{"level":"info","message":"POST /api/auth/logout - ::1","service":"inventory-api","timestamp":"2026-06-29T01:31:19.304Z"}
{"level":"info","message":"POST /api/auth/logout - ::1","service":"inventory-api","timestamp":"2026-06-29T01:31:19.311Z"}
{"level":"info","message":"POST /api/auth/logout - ::1","service":"inventory-api","timestamp":"2026-06-29T01:31:19.316Z"}
{"level":"info","message":"POST /api/auth/logout - ::1","service":"inventory-api","timestamp":"2026-06-29T01:31:19.321Z"}
{"level":"info","message":"POST /api/auth/logout - ::1","service":"inventory-api","timestamp":"2026-06-29T01:31:19.327Z"}
{"level":"info","message":"POST /api/auth/logout - ::1","service":"inventory-api","timestamp":"2026-06-29T01:31:19.333Z"}
{"level":"info","message":"POST /api/auth/logout - ::1","service":"inventory-api","timestamp":"2026-06-29T01:31:19.337Z"}
{"level":"info","message":"POST /api/auth/logout - ::1","service":"inventory-api","timestamp":"2026-06-29T01:31:19.343Z"}
{"level":"info","message":"POST /api/auth/logout - ::1","service":"inventory-api","timestamp":"2026-06-29T01:31:19.349Z"}
{"level":"info","message":"POST /api/auth/logout - ::1","service":"inventory-api","timestamp":"2026-06-29T01:31:19.354Z"}
{"level":"info","message":"POST /api/auth/logout - ::1","service":"inventory-api","timestamp":"2026-06-29T01:31:19.360Z"}
{"level":"info","message":"POST /api/auth/logout - ::1","service":"inventory-api","timestamp":"2026-06-29T01:31:19.367Z"}
{"level":"info","message":"POST /api/auth/logout - ::1","service":"inventory-api","timestamp":"2026-06-29T01:31:19.372Z"}
{"level":"info","message":"POST /api/auth/logout - ::1","service":"inventory-api","timestamp":"2026-06-29T01:31:19.378Z"}
{"level":"info","message":"POST /api/auth/logout - ::1","service":"inventory-api","timestamp":"2026-06-29T01:31:19.384Z"}
{"level":"info","message":"POST /api/auth/logout - ::1","service":"inventory-api","timestamp":"2026-06-29T01:31:19.389Z"}
{"level":"info","message":"POST /api/auth/logout - ::1","service":"inventory-api","timestamp":"2026-06-29T01:31:19.395Z"}
{"level":"info","message":"POST /api/auth/logout - ::1","service":"inventory-api","timestamp":"2026-06-29T01:31:19.401Z"}
{"level":"info","message":"POST /api/auth/logout - ::1","service":"inventory-api","timestamp":"2026-06-29T01:31:19.406Z"}
{"level":"info","message":"POST /api/auth/logout - ::1","service":"inventory-api","timestamp":"2026-06-29T01:31:19.412Z"}
{"level":"info","message":"POST /api/auth/logout - ::1","service":"inventory-api","timestamp":"2026-06-29T01:31:19.417Z"}
{"level":"info","message":"POST /api/auth/logout - ::1","service":"inventory-api","timestamp":"2026-06-29T01:31:19.422Z"}
{"level":"info","message":"POST /api/auth/logout - ::1","service":"inventory-api","timestamp":"2026-06-29T01:31:19.428Z"}
{"level":"info","message":"POST /api/auth/logout - ::1","service":"inventory-api","timestamp":"2026-06-29T01:31:19.433Z"}
{"level":"info","message":"POST /api/auth/logout - ::1","service":"inventory-api","timestamp":"2026-06-29T01:31:19.438Z"}
{"level":"info","message":"POST /api/auth/logout - ::1","service":"inventory-api","timestamp":"2026-06-29T01:31:19.445Z"}
{"level":"info","message":"POST /api/auth/logout - ::1","service":"inventory-api","timestamp":"2026-06-29T01:31:19.450Z"}
{"level":"info","message":"POST /api/auth/logout - ::1","service":"inventory-api","timestamp":"2026-06-29T01:31:19.455Z"}
{"level":"info","message":"POST /api/auth/logout - ::1","service":"inventory-api","timestamp":"2026-06-29T01:31:19.462Z"}
{"level":"info","message":"POST /api/auth/logout - ::1","service":"inventory-api","timestamp":"2026-06-29T01:31:19.467Z"}
{"level":"info","message":"POST /api/auth/logout - ::1","service":"inventory-api","timestamp":"2026-06-29T01:31:19.472Z"}
{"level":"info","message":"POST /api/auth/logout - ::1","service":"inventory-api","timestamp":"2026-06-29T01:31:19.478Z"}
{"level":"info","message":"POST /api/auth/logout - ::1","service":"inventory-api","timestamp":"2026-06-29T01:31:19.484Z"}
{"level":"info","message":"POST /api/auth/logout - ::1","service":"inventory-api","timestamp":"2026-06-29T01:31:19.488Z"}
{"level":"info","message":"POST /api/auth/logout - ::1","service":"inventory-api","timestamp":"2026-06-29T01:31:19.495Z"}
{"level":"info","message":"POST /api/auth/logout - ::1","service":"inventory-api","timestamp":"2026-06-29T01:31:19.500Z"}
{"level":"info","message":"POST /api/auth/logout - ::1","service":"inventory-api","timestamp":"2026-06-29T01:31:19.505Z"}
{"level":"info","message":"POST /api/auth/logout - ::1","service":"inventory-api","timestamp":"2026-06-29T01:31:19.511Z"}
{"level":"info","message":"POST /api/auth/logout - ::1","service":"inventory-api","timestamp":"2026-06-29T01:31:19.516Z"}
{"level":"info","message":"POST /api/auth/logout - ::1","service":"inventory-api","timestamp":"2026-06-29T01:31:19.521Z"}
{"level":"info","message":"POST /api/auth/logout - ::1","service":"inventory-api","timestamp":"2026-06-29T01:31:19.527Z"}
{"level":"info","message":"POST /api/auth/logout - ::1","service":"inventory-api","timestamp":"2026-06-29T01:31:19.533Z"}
{"level":"info","message":"POST /api/auth/logout - ::1","service":"inventory-api","timestamp":"2026-06-29T01:31:19.538Z"}
{"level":"info","message":"POST /api/auth/logout - ::1","service":"inventory-api","timestamp":"2026-06-29T01:31:19.544Z"}
{"level":"info","message":"POST /api/auth/logout - ::1","service":"inventory-api","timestamp":"2026-06-29T01:31:19.549Z"}
{"level":"info","message":"POST /api/auth/logout - ::1","service":"inventory-api","timestamp":"2026-06-29T01:31:19.554Z"}
{"level":"info","message":"POST /api/auth/logout - ::1","service":"inventory-api","timestamp":"2026-06-29T01:31:19.561Z"}
{"level":"info","message":"POST /api/auth/logout - ::1","service":"inventory-api","timestamp":"2026-06-29T01:31:19.566Z"}
{"level":"info","message":"POST /api/auth/logout - ::1","service":"inventory-api","timestamp":"2026-06-29T01:31:19.571Z"}
{"level":"info","message":"POST /api/auth/logout - ::1","service":"inventory-api","timestamp":"2026-06-29T01:31:19.576Z"}
{"level":"info","message":"POST /api/auth/logout - ::1","service":"inventory-api","timestamp":"2026-06-29T01:31:19.582Z"}
{"level":"info","message":"POST /api/auth/logout - ::1","service":"inventory-api","timestamp":"2026-06-29T01:31:19.587Z"}
{"level":"info","message":"POST /api/auth/logout - ::1","service":"inventory-api","timestamp":"2026-06-29T01:31:19.594Z"}
{"level":"info","message":"POST /api/auth/logout - ::1","service":"inventory-api","timestamp":"2026-06-29T01:31:19.599Z"}
{"level":"info","message":"POST /api/auth/logout - ::1","service":"inventory-api","timestamp":"2026-06-29T01:31:19.604Z"}
{"level":"info","message":"POST /api/auth/logout - ::1","service":"inventory-api","timestamp":"2026-06-29T01:31:19.611Z"}
{"level":"info","message":"POST /api/auth/logout - ::1","service":"inventory-api","timestamp":"2026-06-29T01:31:19.618Z"}
{"level":"info","message":"POST /api/auth/logout - ::1","service":"inventory-api","timestamp":"2026-06-29T01:31:19.623Z"}
{"level":"info","message":"POST /api/auth/logout - ::1","service":"inventory-api","timestamp":"2026-06-29T01:31:19.629Z"}
{"level":"info","message":"POST /api/auth/logout - ::1","service":"inventory-api","timestamp":"2026-06-29T01:31:19.634Z"}
{"level":"info","message":"POST /api/auth/logout - ::1","service":"inventory-api","timestamp":"2026-06-29T01:31:19.639Z"}
{"level":"info","message":"POST /api/auth/logout - ::1","service":"inventory-api","timestamp":"2026-06-29T01:31:19.645Z"}
{"level":"info","message":"POST /api/auth/logout - ::1","service":"inventory-api","timestamp":"2026-06-29T01:31:19.651Z"}
{"level":"info","message":"POST /api/auth/logout - ::1","service":"inventory-api","timestamp":"2026-06-29T01:31:19.656Z"}
{"level":"info","message":"POST /api/auth/logout - ::1","service":"inventory-api","timestamp":"2026-06-29T01:31:19.662Z"}
{"level":"info","message":"POST /api/auth/logout - ::1","service":"inventory-api","timestamp":"2026-06-29T01:31:19.667Z"}
{"level":"info","message":"POST /api/auth/logout - ::1","service":"inventory-api","timestamp":"2026-06-29T01:31:19.672Z"}
{"level":"info","message":"POST /api/auth/logout - ::1","service":"inventory-api","timestamp":"2026-06-29T01:31:19.678Z"}
{"level":"info","message":"POST /api/auth/logout - ::1","service":"inventory-api","timestamp":"2026-06-29T01:31:19.683Z"}
{"level":"info","message":"POST /api/auth/logout - ::1","service":"inventory-api","timestamp":"2026-06-29T01:31:19.688Z"}
{"level":"info","message":"POST /api/auth/logout - ::1","service":"inventory-api","timestamp":"2026-06-29T01:31:19.694Z"}
{"level":"info","message":"POST /api/auth/logout - ::1","service":"inventory-api","timestamp":"2026-06-29T01:31:19.700Z"}
{"level":"info","message":"POST /api/auth/logout - ::1","service":"inventory-api","timestamp":"2026-06-29T01:31:19.705Z"}
{"level":"info","message":"POST /api/auth/logout - ::1","service":"inventory-api","timestamp":"2026-06-29T01:31:19.711Z"}
{"level":"info","message":"POST /api/auth/logout - ::1","service":"inventory-api","timestamp":"2026-06-29T01:31:19.717Z"}
{"level":"info","message":"POST /api/auth/logout - ::1","service":"inventory-api","timestamp":"2026-06-29T01:31:19.722Z"}
{"level":"info","message":"POST /api/auth/logout - ::1","service":"inventory-api","timestamp":"2026-06-29T01:31:19.728Z"}
{"level":"info","message":"POST /api/auth/logout - ::1","service":"inventory-api","timestamp":"2026-06-29T01:31:19.733Z"}
{"level":"info","message":"POST /api/auth/logout - ::1","service":"inventory-api","timestamp":"2026-06-29T01:31:19.738Z"}
{"level":"info","message":"POST /api/auth/logout - ::1","service":"inventory-api","timestamp":"2026-06-29T01:31:19.744Z"}
{"level":"info","message":"POST /api/auth/logout - ::1","service":"inventory-api","timestamp":"2026-06-29T01:31:19.749Z"}
{"level":"info","message":"POST /api/auth/logout - ::1","service":"inventory-api","timestamp":"2026-06-29T01:31:19.754Z"}
{"level":"info","message":"POST /api/auth/logout - ::1","service":"inventory-api","timestamp":"2026-06-29T01:31:19.760Z"}
{"level":"info","message":"POST /api/auth/logout - ::1","service":"inventory-api","timestamp":"2026-06-29T01:31:19.765Z"}
{"level":"info","message":"POST /api/auth/logout - ::1","service":"inventory-api","timestamp":"2026-06-29T01:31:19.771Z"}
{"level":"info","message":"POST /api/auth/logout - ::1","service":"inventory-api","timestamp":"2026-06-29T01:31:19.776Z"}
{"level":"info","message":"POST /api/auth/logout - ::1","service":"inventory-api","timestamp":"2026-06-29T01:31:19.783Z"}
{"level":"info","message":"POST /api/auth/logout - ::1","service":"inventory-api","timestamp":"2026-06-29T01:31:19.788Z"}
{"level":"info","message":"POST /api/auth/logout - ::1","service":"inventory-api","timestamp":"2026-06-29T01:31:19.795Z"}
{"level":"info","message":"POST /api/auth/logout - ::1","service":"inventory-api","timestamp":"2026-06-29T01:31:19.800Z"}
{"level":"info","message":"POST /api/auth/logout - ::1","service":"inventory-api","timestamp":"2026-06-29T01:31:19.806Z"}
{"level":"info","message":"POST /api/auth/logout - ::1","service":"inventory-api","timestamp":"2026-06-29T01:31:19.813Z"}
{"level":"info","message":"POST /api/auth/logout - ::1","service":"inventory-api","timestamp":"2026-06-29T01:31:19.818Z"}
{"level":"info","message":"POST /api/auth/logout - ::1","service":"inventory-api","timestamp":"2026-06-29T01:31:19.823Z"}
{"level":"info","message":"POST /api/auth/logout - ::1","service":"inventory-api","timestamp":"2026-06-29T01:31:19.829Z"}
{"level":"info","message":"POST /api/auth/logout - ::1","service":"inventory-api","timestamp":"2026-06-29T01:31:19.834Z"}
{"level":"info","message":"POST /api/auth/logout - ::1","service":"inventory-api","timestamp":"2026-06-29T01:31:19.839Z"}
{"level":"info","message":"POST /api/auth/logout - ::1","service":"inventory-api","timestamp":"2026-06-29T01:31:19.845Z"}
{"level":"info","message":"POST /api/auth/logout - ::1","service":"inventory-api","timestamp":"2026-06-29T01:31:19.851Z"}
{"level":"info","message":"POST /api/auth/logout - ::1","service":"inventory-api","timestamp":"2026-06-29T01:31:19.856Z"}
{"level":"info","message":"POST /api/auth/logout - ::1","service":"inventory-api","timestamp":"2026-06-29T01:31:19.862Z"}
{"level":"info","message":"POST /api/auth/logout - ::1","service":"inventory-api","timestamp":"2026-06-29T01:31:19.867Z"}
{"level":"info","message":"POST /api/auth/logout - ::1","service":"inventory-api","timestamp":"2026-06-29T01:31:19.873Z"}
{"level":"info","message":"POST /api/auth/logout - ::1","service":"inventory-api","timestamp":"2026-06-29T01:31:19.881Z"}
{"level":"info","message":"POST /api/auth/logout - ::1","service":"inventory-api","timestamp":"2026-06-29T01:31:19.886Z"}
{"level":"info","message":"POST /api/auth/logout - ::1","service":"inventory-api","timestamp":"2026-06-29T01:31:19.892Z"}
{"level":"info","message":"POST /api/auth/logout - ::1","service":"inventory-api","timestamp":"2026-06-29T01:31:19.898Z"}
{"level":"info","message":"POST /api/auth/logout - ::1","service":"inventory-api","timestamp":"2026-06-29T01:31:19.903Z"}
{"level":"info","message":"POST /api/auth/logout - ::1","service":"inventory-api","timestamp":"2026-06-29T01:31:19.909Z"}
{"level":"info","message":"POST /api/auth/logout - ::1","service":"inventory-api","timestamp":"2026-06-29T01:31:19.915Z"}
{"level":"info","message":"POST /api/auth/logout - ::1","service":"inventory-api","timestamp":"2026-06-29T01:31:19.920Z"}
{"level":"info","message":"POST /api/auth/logout - ::1","service":"inventory-api","timestamp":"2026-06-29T01:31:19.926Z"}
{"level":"info","message":"POST /api/auth/logout - ::1","service":"inventory-api","timestamp":"2026-06-29T01:31:19.932Z"}
{"level":"info","message":"POST /api/auth/logout - ::1","service":"inventory-api","timestamp":"2026-06-29T01:31:19.937Z"}
{"level":"info","message":"POST /api/auth/logout - ::1","service":"inventory-api","timestamp":"2026-06-29T01:31:19.942Z"}
{"level":"info","message":"POST /api/auth/logout - ::1","service":"inventory-api","timestamp":"2026-06-29T01:31:19.947Z"}
{"level":"info","message":"POST /api/auth/logout - ::1","service":"inventory-api","timestamp":"2026-06-29T01:31:19.952Z"}
{"level":"info","message":"POST /api/auth/logout - ::1","service":"inventory-api","timestamp":"2026-06-29T01:31:19.957Z"}
{"level":"info","message":"POST /api/auth/logout - ::1","service":"inventory-api","timestamp":"2026-06-29T01:31:19.963Z"}
{"level":"info","message":"POST /api/auth/logout - ::1","service":"inventory-api","timestamp":"2026-06-29T01:31:19.968Z"}
{"level":"info","message":"POST /api/auth/logout - ::1","service":"inventory-api","timestamp":"2026-06-29T01:31:19.973Z"}
{"level":"info","message":"POST /api/auth/logout - ::1","service":"inventory-api","timestamp":"2026-06-29T01:31:19.979Z"}
{"level":"info","message":"POST /api/auth/logout - ::1","service":"inventory-api","timestamp":"2026-06-29T01:31:19.984Z"}
{"level":"info","message":"POST /api/auth/logout - ::1","service":"inventory-api","timestamp":"2026-06-29T01:31:19.989Z"}
{"level":"info","message":"POST /api/auth/logout - ::1","service":"inventory-api","timestamp":"2026-06-29T01:31:19.995Z"}
{"level":"info","message":"POST /api/auth/logout - ::1","service":"inventory-api","timestamp":"2026-06-29T01:31:20.000Z"}
{"level":"info","message":"POST /api/auth/logout - ::1","service":"inventory-api","timestamp":"2026-06-29T01:31:20.006Z"}
{"level":"info","message":"POST /api/auth/logout - ::1","service":"inventory-api","timestamp":"2026-06-29T01:31:20.013Z"}
{"level":"info","message":"POST /api/auth/logout - ::1","service":"inventory-api","timestamp":"2026-06-29T01:31:20.021Z"}
{"level":"info","message":"POST /api/auth/logout - ::1","service":"inventory-api","timestamp":"2026-06-29T01:31:20.030Z"}
{"level":"info","message":"POST /api/auth/logout - ::1","service":"inventory-api","timestamp":"2026-06-29T01:31:20.038Z"}
{"level":"info","message":"POST /api/auth/logout - ::1","service":"inventory-api","timestamp":"2026-06-29T01:31:20.046Z"}
{"level":"info","message":"POST /api/auth/logout - ::1","service":"inventory-api","timestamp":"2026-06-29T01:31:20.052Z"}
{"level":"info","message":"POST /api/auth/logout - ::1","service":"inventory-api","timestamp":"2026-06-29T01:31:20.057Z"}
{"level":"info","message":"POST /api/auth/logout - ::1","service":"inventory-api","timestamp":"2026-06-29T01:31:20.064Z"}
{"level":"info","message":"POST /api/auth/logout - ::1","service":"inventory-api","timestamp":"2026-06-29T01:31:20.069Z"}
{"level":"info","message":"POST /api/auth/logout - ::1","service":"inventory-api","timestamp":"2026-06-29T01:31:20.076Z"}
{"level":"info","message":"POST /api/auth/logout - ::1","service":"inventory-api","timestamp":"2026-06-29T01:31:20.083Z"}
{"level":"info","message":"POST /api/auth/logout - ::1","service":"inventory-api","timestamp":"2026-06-29T01:31:20.089Z"}
{"level":"info","message":"POST /api/auth/logout - ::1","service":"inventory-api","timestamp":"2026-06-29T01:31:20.096Z"}
{"level":"info","message":"POST /api/auth/logout - ::1","service":"inventory-api","timestamp":"2026-06-29T01:31:20.102Z"}
{"level":"info","message":"POST /api/auth/logout - ::1","service":"inventory-api","timestamp":"2026-06-29T01:31:20.108Z"}
{"level":"info","message":"POST /api/auth/logout - ::1","service":"inventory-api","timestamp":"2026-06-29T01:31:20.117Z"}
{"level":"info","message":"POST /api/auth/logout - ::1","service":"inventory-api","timestamp":"2026-06-29T01:31:20.122Z"}
{"level":"info","message":"POST /api/auth/logout - ::1","service":"inventory-api","timestamp":"2026-06-29T01:31:20.131Z"}
{"level":"info","message":"POST /api/auth/logout - ::1","service":"inventory-api","timestamp":"2026-06-29T01:31:20.138Z"}
{"level":"info","message":"POST /api/auth/logout - ::1","service":"inventory-api","timestamp":"2026-06-29T01:31:20.146Z"}
{"level":"info","message":"POST /api/auth/logout - ::1","service":"inventory-api","timestamp":"2026-06-29T01:31:20.153Z"}
{"level":"info","message":"POST /api/auth/logout - ::1","service":"inventory-api","timestamp":"2026-06-29T01:31:20.159Z"}
{"level":"info","message":"POST /api/auth/logout - ::1","service":"inventory-api","timestamp":"2026-06-29T01:31:20.165Z"}
{"level":"info","message":"POST /api/auth/logout - ::1","service":"inventory-api","timestamp":"2026-06-29T01:31:20.170Z"}
{"level":"info","message":"POST /api/auth/logout - ::1","service":"inventory-api","timestamp":"2026-06-29T01:31:20.176Z"}
{"level":"info","message":"POST /api/auth/logout - ::1","service":"inventory-api","timestamp":"2026-06-29T01:31:20.182Z"}
{"level":"info","message":"POST /api/auth/logout - ::1","service":"inventory-api","timestamp":"2026-06-29T01:31:20.188Z"}
{"level":"info","message":"POST /api/auth/logout - ::1","service":"inventory-api","timestamp":"2026-06-29T01:31:20.196Z"}
{"level":"info","message":"POST /api/auth/logout - ::1","service":"inventory-api","timestamp":"2026-06-29T01:31:20.203Z"}
{"level":"info","message":"POST /api/auth/logout - ::1","service":"inventory-api","timestamp":"2026-06-29T01:31:20.209Z"}
{"level":"info","message":"POST /api/auth/logout - ::1","service":"inventory-api","timestamp":"2026-06-29T01:31:20.217Z"}
{"level":"info","message":"POST /api/auth/logout - ::1","service":"inventory-api","timestamp":"2026-06-29T01:31:20.222Z"}
{"level":"info","message":"POST /api/auth/logout - ::1","service":"inventory-api","timestamp":"2026-06-29T01:31:20.227Z"}
{"level":"info","message":"POST /api/auth/logout - ::1","service":"inventory-api","timestamp":"2026-06-29T01:31:20.231Z"}
{"level":"info","message":"POST /api/auth/logout - ::1","service":"inventory-api","timestamp":"2026-06-29T01:31:20.237Z"}
{"level":"info","message":"POST /api/auth/logout - ::1","service":"inventory-api","timestamp":"2026-06-29T01:31:20.243Z"}
{"level":"info","message":"POST /api/auth/logout - ::1","service":"inventory-api","timestamp":"2026-06-29T01:31:20.249Z"}
{"level":"info","message":"POST /api/auth/logout - ::1","service":"inventory-api","timestamp":"2026-06-29T01:31:20.254Z"}
{"level":"info","message":"POST /api/auth/logout - ::1","service":"inventory-api","timestamp":"2026-06-29T01:31:20.259Z"}
{"level":"info","message":"POST /api/auth/logout - ::1","service":"inventory-api","timestamp":"2026-06-29T01:31:20.265Z"}
{"level":"info","message":"POST /api/auth/logout - ::1","service":"inventory-api","timestamp":"2026-06-29T01:31:20.270Z"}
{"level":"info","message":"POST /api/auth/logout - ::1","service":"inventory-api","timestamp":"2026-06-29T01:31:20.275Z"}
{"level":"info","message":"POST /api/auth/logout - ::1","service":"inventory-api","timestamp":"2026-06-29T01:31:20.280Z"}
{"level":"info","message":"POST /api/auth/logout - ::1","service":"inventory-api","timestamp":"2026-06-29T01:31:20.286Z"}
{"level":"info","message":"POST /api/auth/logout - ::1","service":"inventory-api","timestamp":"2026-06-29T01:31:20.291Z"}
{"level":"info","message":"POST /api/auth/logout - ::1","service":"inventory-api","timestamp":"2026-06-29T01:31:20.297Z"}
{"level":"info","message":"POST /api/auth/logout - ::1","service":"inventory-api","timestamp":"2026-06-29T01:31:20.302Z"}
{"level":"info","message":"POST /api/auth/logout - ::1","service":"inventory-api","timestamp":"2026-06-29T01:31:20.307Z"}
{"level":"info","message":"POST /api/auth/logout - ::1","service":"inventory-api","timestamp":"2026-06-29T01:31:20.312Z"}
{"level":"info","message":"POST /api/auth/logout - ::1","service":"inventory-api","timestamp":"2026-06-29T01:31:20.318Z"}
{"level":"info","message":"POST /api/auth/logout - ::1","service":"inventory-api","timestamp":"2026-06-29T01:31:20.323Z"}
{"level":"info","message":"POST /api/auth/logout - ::1","service":"inventory-api","timestamp":"2026-06-29T01:31:20.329Z"}
{"level":"info","message":"POST /api/auth/logout - ::1","service":"inventory-api","timestamp":"2026-06-29T01:31:20.335Z"}
{"level":"info","message":"POST /api/auth/logout - ::1","service":"inventory-api","timestamp":"2026-06-29T01:31:20.340Z"}
{"level":"info","message":"POST /api/auth/logout - ::1","service":"inventory-api","timestamp":"2026-06-29T01:31:20.346Z"}
{"level":"info","message":"POST /api/auth/logout - ::1","service":"inventory-api","timestamp":"2026-06-29T01:31:20.353Z"}
{"level":"info","message":"POST /api/auth/logout - ::1","service":"inventory-api","timestamp":"2026-06-29T01:31:20.359Z"}
{"level":"info","message":"POST /api/auth/logout - ::1","service":"inventory-api","timestamp":"2026-06-29T01:31:20.366Z"}
{"level":"info","message":"POST /api/auth/logout - ::1","service":"inventory-api","timestamp":"2026-06-29T01:31:20.371Z"}
{"level":"info","message":"POST /api/auth/logout - ::1","service":"inventory-api","timestamp":"2026-06-29T01:31:20.377Z"}
{"level":"info","message":"POST /api/auth/logout - ::1","service":"inventory-api","timestamp":"2026-06-29T01:31:20.384Z"}
{"level":"info","message":"POST /api/auth/logout - ::1","service":"inventory-api","timestamp":"2026-06-29T01:31:20.390Z"}
{"level":"info","message":"POST /api/auth/logout - ::1","service":"inventory-api","timestamp":"2026-06-29T01:31:20.397Z"}
{"level":"info","message":"POST /api/auth/logout - ::1","service":"inventory-api","timestamp":"2026-06-29T01:31:20.403Z"}
{"level":"info","message":"POST /api/auth/logout - ::1","service":"inventory-api","timestamp":"2026-06-29T01:31:20.436Z"}
{"level":"info","message":"POST /api/auth/logout - ::1","service":"inventory-api","timestamp":"2026-06-29T01:31:20.442Z"}
{"level":"info","message":"POST /api/auth/logout - ::1","service":"inventory-api","timestamp":"2026-06-29T01:31:20.451Z"}
{"level":"info","message":"POST /api/auth/logout - ::1","service":"inventory-api","timestamp":"2026-06-29T01:31:20.456Z"}
{"level":"info","message":"POST /api/auth/logout - ::1","service":"inventory-api","timestamp":"2026-06-29T01:31:20.464Z"}
{"level":"info","message":"POST /api/auth/logout - ::1","service":"inventory-api","timestamp":"2026-06-29T01:31:20.469Z"}
{"level":"info","message":"POST /api/auth/logout - ::1","service":"inventory-api","timestamp":"2026-06-29T01:31:20.475Z"}
{"level":"info","message":"POST /api/auth/logout - ::1","service":"inventory-api","timestamp":"2026-06-29T01:31:20.481Z"}
{"level":"info","message":"POST /api/auth/logout - ::1","service":"inventory-api","timestamp":"2026-06-29T01:31:20.487Z"}
{"level":"info","message":"POST /api/auth/logout - ::1","service":"inventory-api","timestamp":"2026-06-29T01:31:20.494Z"}
{"level":"info","message":"POST /api/auth/logout - ::1","service":"inventory-api","timestamp":"2026-06-29T01:31:20.500Z"}
{"level":"info","message":"POST /api/auth/logout - ::1","service":"inventory-api","timestamp":"2026-06-29T01:31:20.505Z"}
{"level":"info","message":"POST /api/auth/logout - ::1","service":"inventory-api","timestamp":"2026-06-29T01:31:20.512Z"}
{"level":"info","message":"POST /api/auth/logout - ::1","service":"inventory-api","timestamp":"2026-06-29T01:31:20.518Z"}
{"level":"info","message":"POST /api/auth/logout - ::1","service":"inventory-api","timestamp":"2026-06-29T01:31:20.524Z"}
{"level":"info","message":"POST /api/auth/logout - ::1","service":"inventory-api","timestamp":"2026-06-29T01:31:20.531Z"}
{"level":"info","message":"POST /api/auth/logout - ::1","service":"inventory-api","timestamp":"2026-06-29T01:31:20.537Z"}
{"level":"info","message":"POST /api/auth/logout - ::1","service":"inventory-api","timestamp":"2026-06-29T01:31:20.543Z"}
{"level":"info","message":"POST /api/auth/logout - ::1","service":"inventory-api","timestamp":"2026-06-29T01:31:20.550Z"}
{"level":"info","message":"POST /api/auth/logout - ::1","service":"inventory-api","timestamp":"2026-06-29T01:31:20.555Z"}
{"level":"info","message":"POST /api/auth/logout - ::1","service":"inventory-api","timestamp":"2026-06-29T01:31:20.564Z"}
{"level":"info","message":"POST /api/auth/logout - ::1","service":"inventory-api","timestamp":"2026-06-29T01:31:20.569Z"}
{"level":"info","message":"POST /api/auth/logout - ::1","service":"inventory-api","timestamp":"2026-06-29T01:31:20.575Z"}
{"level":"info","message":"POST /api/auth/logout - ::1","service":"inventory-api","timestamp":"2026-06-29T01:31:20.583Z"}
{"level":"info","message":"POST /api/auth/logout - ::1","service":"inventory-api","timestamp":"2026-06-29T01:31:20.589Z"}
{"level":"info","message":"POST /api/auth/logout - ::1","service":"inventory-api","timestamp":"2026-06-29T01:31:20.596Z"}
{"level":"info","message":"POST /api/auth/logout - ::1","service":"inventory-api","timestamp":"2026-06-29T01:31:20.604Z"}
{"level":"info","message":"POST /api/auth/logout - ::1","service":"inventory-api","timestamp":"2026-06-29T01:31:20.613Z"}
{"level":"info","message":"POST /api/auth/logout - ::1","service":"inventory-api","timestamp":"2026-06-29T01:31:20.622Z"}
{"level":"info","message":"POST /api/auth/logout - ::1","service":"inventory-api","timestamp":"2026-06-29T01:31:20.629Z"}
{"level":"info","message":"POST /api/auth/logout - ::1","service":"inventory-api","timestamp":"2026-06-29T01:31:20.635Z"}
{"level":"info","message":"POST /api/auth/logout - ::1","service":"inventory-api","timestamp":"2026-06-29T01:31:20.644Z"}
{"level":"info","message":"POST /api/auth/logout - ::1","service":"inventory-api","timestamp":"2026-06-29T01:31:20.652Z"}
{"level":"info","message":"POST /api/auth/logout - ::1","service":"inventory-api","timestamp":"2026-06-29T01:31:20.660Z"}
{"level":"info","message":"POST /api/auth/logout - ::1","service":"inventory-api","timestamp":"2026-06-29T01:31:20.667Z"}
{"level":"info","message":"POST /api/auth/logout - ::1","service":"inventory-api","timestamp":"2026-06-29T01:31:20.676Z"}
{"level":"info","message":"POST /api/auth/logout - ::1","service":"inventory-api","timestamp":"2026-06-29T01:31:20.684Z"}
{"level":"info","message":"POST /api/auth/logout - ::1","service":"inventory-api","timestamp":"2026-06-29T01:31:20.693Z"}
{"level":"info","message":"POST /api/auth/logout - ::1","service":"inventory-api","timestamp":"2026-06-29T01:31:20.700Z"}
{"level":"info","message":"POST /api/auth/logout - ::1","service":"inventory-api","timestamp":"2026-06-29T01:31:20.709Z"}
{"level":"info","message":"POST /api/auth/logout - ::1","service":"inventory-api","timestamp":"2026-06-29T01:31:20.717Z"}
{"level":"info","message":"POST /api/auth/logout - ::1","service":"inventory-api","timestamp":"2026-06-29T01:31:20.723Z"}
{"level":"info","message":"POST /api/auth/logout - ::1","service":"inventory-api","timestamp":"2026-06-29T01:31:20.730Z"}
{"level":"info","message":"POST /api/auth/logout - ::1","service":"inventory-api","timestamp":"2026-06-29T01:31:20.736Z"}
{"level":"info","message":"POST /api/auth/logout - ::1","service":"inventory-api","timestamp":"2026-06-29T01:31:20.742Z"}
{"level":"info","message":"POST /api/auth/logout - ::1","service":"inventory-api","timestamp":"2026-06-29T01:31:20.749Z"}
{"level":"info","message":"POST /api/auth/logout - ::1","service":"inventory-api","timestamp":"2026-06-29T01:31:20.755Z"}
{"level":"info","message":"POST /api/auth/logout - ::1","service":"inventory-api","timestamp":"2026-06-29T01:31:20.761Z"}
{"level":"info","message":"POST /api/auth/logout - ::1","service":"inventory-api","timestamp":"2026-06-29T01:31:20.767Z"}
{"level":"info","message":"POST /api/auth/logout - ::1","service":"inventory-api","timestamp":"2026-06-29T01:31:20.773Z"}
{"level":"info","message":"POST /api/auth/logout - ::1","service":"inventory-api","timestamp":"2026-06-29T01:31:20.781Z"}
{"level":"info","message":"POST /api/auth/logout - ::1","service":"inventory-api","timestamp":"2026-06-29T01:31:20.787Z"}
{"level":"info","message":"POST /api/auth/logout - ::1","service":"inventory-api","timestamp":"2026-06-29T01:31:20.792Z"}
{"level":"info","message":"POST /api/auth/logout - ::1","service":"inventory-api","timestamp":"2026-06-29T01:31:20.799Z"}
{"level":"info","message":"POST /api/auth/logout - ::1","service":"inventory-api","timestamp":"2026-06-29T01:31:20.805Z"}
{"level":"info","message":"POST /api/auth/logout - ::1","service":"inventory-api","timestamp":"2026-06-29T01:31:20.811Z"}
{"level":"info","message":"POST /api/auth/logout - ::1","service":"inventory-api","timestamp":"2026-06-29T01:31:20.819Z"}
{"level":"info","message":"POST /api/auth/logout - ::1","service":"inventory-api","timestamp":"2026-06-29T01:31:20.828Z"}
{"level":"info","message":"POST /api/auth/logout - ::1","service":"inventory-api","timestamp":"2026-06-29T01:31:20.839Z"}
{"level":"info","message":"POST /api/auth/logout - ::1","service":"inventory-api","timestamp":"2026-06-29T01:31:20.846Z"}
{"level":"info","message":"POST /api/auth/logout - ::1","service":"inventory-api","timestamp":"2026-06-29T01:31:20.854Z"}
{"level":"info","message":"POST /api/auth/logout - ::1","service":"inventory-api","timestamp":"2026-06-29T01:31:20.862Z"}
{"level":"info","message":"POST /api/auth/logout - ::1","service":"inventory-api","timestamp":"2026-06-29T01:31:20.870Z"}
{"level":"info","message":"POST /api/auth/logout - ::1","service":"inventory-api","timestamp":"2026-06-29T01:31:20.878Z"}
{"level":"info","message":"POST /api/auth/logout - ::1","service":"inventory-api","timestamp":"2026-06-29T01:31:20.885Z"}
{"level":"info","message":"POST /api/auth/logout - ::1","service":"inventory-api","timestamp":"2026-06-29T01:31:20.895Z"}
{"level":"info","message":"POST /api/auth/logout - ::1","service":"inventory-api","timestamp":"2026-06-29T01:31:20.905Z"}
{"level":"info","message":"POST /api/auth/logout - ::1","service":"inventory-api","timestamp":"2026-06-29T01:31:20.913Z"}
{"level":"info","message":"POST /api/auth/logout - ::1","service":"inventory-api","timestamp":"2026-06-29T01:31:20.920Z"}
{"level":"info","message":"POST /api/auth/logout - ::1","service":"inventory-api","timestamp":"2026-06-29T01:31:20.931Z"}
{"level":"info","message":"POST /api/auth/logout - ::1","service":"inventory-api","timestamp":"2026-06-29T01:31:20.939Z"}
{"level":"info","message":"POST /api/auth/logout - ::1","service":"inventory-api","timestamp":"2026-06-29T01:31:20.949Z"}
{"level":"info","message":"POST /api/auth/logout - ::1","service":"inventory-api","timestamp":"2026-06-29T01:31:20.955Z"}
{"level":"info","message":"POST /api/auth/logout - ::1","service":"inventory-api","timestamp":"2026-06-29T01:31:20.962Z"}
{"level":"info","message":"POST /api/auth/logout - ::1","service":"inventory-api","timestamp":"2026-06-29T01:31:20.968Z"}
{"level":"info","message":"POST /api/auth/logout - ::1","service":"inventory-api","timestamp":"2026-06-29T01:31:20.974Z"}
{"level":"info","message":"POST /api/auth/logout - ::1","service":"inventory-api","timestamp":"2026-06-29T01:31:20.983Z"}
{"level":"info","message":"POST /api/auth/logout - ::1","service":"inventory-api","timestamp":"2026-06-29T01:31:20.989Z"}
{"level":"info","message":"POST /api/auth/logout - ::1","service":"inventory-api","timestamp":"2026-06-29T01:31:20.997Z"}
{"level":"info","message":"POST /api/auth/logout - ::1","service":"inventory-api","timestamp":"2026-06-29T01:31:21.003Z"}
{"level":"info","message":"POST /api/auth/logout - ::1","service":"inventory-api","timestamp":"2026-06-29T01:31:21.009Z"}
{"level":"info","message":"POST /api/auth/logout - ::1","service":"inventory-api","timestamp":"2026-06-29T01:31:21.017Z"}
{"level":"info","message":"POST /api/auth/logout - ::1","service":"inventory-api","timestamp":"2026-06-29T01:31:21.024Z"}
{"level":"info","message":"POST /api/auth/logout - ::1","service":"inventory-api","timestamp":"2026-06-29T01:31:21.030Z"}
{"level":"info","message":"POST /api/auth/logout - ::1","service":"inventory-api","timestamp":"2026-06-29T01:31:21.036Z"}
{"level":"info","message":"POST /api/auth/logout - ::1","service":"inventory-api","timestamp":"2026-06-29T01:31:21.043Z"}
{"level":"info","message":"POST /api/auth/logout - ::1","service":"inventory-api","timestamp":"2026-06-29T01:31:21.052Z"}
{"level":"info","message":"POST /api/auth/logout - ::1","service":"inventory-api","timestamp":"2026-06-29T01:31:21.059Z"}
{"level":"info","message":"POST /api/auth/logout - ::1","service":"inventory-api","timestamp":"2026-06-29T01:31:21.067Z"}
{"level":"info","message":"POST /api/auth/logout - ::1","service":"inventory-api","timestamp":"2026-06-29T01:31:21.073Z"}
{"level":"info","message":"POST /api/auth/logout - ::1","service":"inventory-api","timestamp":"2026-06-29T01:31:21.079Z"}
{"level":"info","message":"POST /api/auth/logout - ::1","service":"inventory-api","timestamp":"2026-06-29T01:31:21.085Z"}
{"level":"info","message":"POST /api/auth/logout - ::1","service":"inventory-api","timestamp":"2026-06-29T01:31:21.091Z"}
{"level":"info","message":"POST /api/auth/logout - ::1","service":"inventory-api","timestamp":"2026-06-29T01:31:21.096Z"}
{"level":"info","message":"POST /api/auth/logout - ::1","service":"inventory-api","timestamp":"2026-06-29T01:31:21.102Z"}
{"level":"info","message":"POST /api/auth/logout - ::1","service":"inventory-api","timestamp":"2026-06-29T01:31:21.109Z"}
{"level":"info","message":"POST /api/auth/logout - ::1","service":"inventory-api","timestamp":"2026-06-29T01:31:21.116Z"}
{"level":"info","message":"POST /api/auth/logout - ::1","service":"inventory-api","timestamp":"2026-06-29T01:31:21.123Z"}
{"level":"info","message":"POST /api/auth/logout - ::1","service":"inventory-api","timestamp":"2026-06-29T01:31:21.132Z"}
{"level":"info","message":"POST /api/auth/logout - ::1","service":"inventory-api","timestamp":"2026-06-29T01:31:21.140Z"}
{"level":"info","message":"POST /api/auth/logout - ::1","service":"inventory-api","timestamp":"2026-06-29T01:31:21.163Z"}
{"level":"info","message":"POST /api/auth/logout - ::1","service":"inventory-api","timestamp":"2026-06-29T01:31:21.168Z"}
{"level":"info","message":"POST /api/auth/logout - ::1","service":"inventory-api","timestamp":"2026-06-29T01:31:21.175Z"}
{"level":"info","message":"POST /api/auth/logout - ::1","service":"inventory-api","timestamp":"2026-06-29T01:31:21.183Z"}
{"level":"info","message":"POST /api/auth/logout - ::1","service":"inventory-api","timestamp":"2026-06-29T01:31:21.189Z"}
{"level":"info","message":"POST /api/auth/logout - ::1","service":"inventory-api","timestamp":"2026-06-29T01:31:21.198Z"}
{"level":"info","message":"POST /api/auth/logout - ::1","service":"inventory-api","timestamp":"2026-06-29T01:31:21.205Z"}
{"level":"info","message":"POST /api/auth/logout - ::1","service":"inventory-api","timestamp":"2026-06-29T01:31:21.214Z"}
{"level":"info","message":"POST /api/auth/logout - ::1","service":"inventory-api","timestamp":"2026-06-29T01:31:21.221Z"}
{"level":"info","message":"POST /api/auth/logout - ::1","service":"inventory-api","timestamp":"2026-06-29T01:31:21.230Z"}
{"level":"info","message":"POST /api/auth/logout - ::1","service":"inventory-api","timestamp":"2026-06-29T01:31:21.236Z"}
{"level":"info","message":"POST /api/auth/logout - ::1","service":"inventory-api","timestamp":"2026-06-29T01:31:21.241Z"}
{"level":"info","message":"POST /api/auth/logout - ::1","service":"inventory-api","timestamp":"2026-06-29T01:31:21.248Z"}
{"level":"info","message":"POST /api/auth/logout - ::1","service":"inventory-api","timestamp":"2026-06-29T01:31:21.252Z"}
{"level":"info","message":"POST /api/auth/logout - ::1","service":"inventory-api","timestamp":"2026-06-29T01:31:21.258Z"}
{"level":"info","message":"POST /api/auth/logout - ::1","service":"inventory-api","timestamp":"2026-06-29T01:31:21.265Z"}
{"level":"info","message":"POST /api/auth/logout - ::1","service":"inventory-api","timestamp":"2026-06-29T01:31:21.270Z"}
{"level":"info","message":"POST /api/auth/logout - ::1","service":"inventory-api","timestamp":"2026-06-29T01:31:21.275Z"}
{"level":"info","message":"POST /api/auth/logout - ::1","service":"inventory-api","timestamp":"2026-06-29T01:31:21.281Z"}
{"level":"info","message":"POST /api/auth/logout - ::1","service":"inventory-api","timestamp":"2026-06-29T01:31:21.286Z"}
{"level":"info","message":"POST /api/auth/logout - ::1","service":"inventory-api","timestamp":"2026-06-29T01:31:21.297Z"}
{"level":"info","message":"POST /api/auth/logout - ::1","service":"inventory-api","timestamp":"2026-06-29T01:31:21.303Z"}
{"level":"info","message":"POST /api/auth/logout - ::1","service":"inventory-api","timestamp":"2026-06-29T01:31:21.310Z"}
{"level":"info","message":"POST /api/auth/logout - ::1","service":"inventory-api","timestamp":"2026-06-29T01:31:21.316Z"}
{"level":"info","message":"POST /api/auth/logout - ::1","service":"inventory-api","timestamp":"2026-06-29T01:31:21.395Z"}
{"level":"info","message":"POST /api/auth/logout - ::1","service":"inventory-api","timestamp":"2026-06-29T01:31:21.400Z"}
{"level":"info","message":"POST /api/auth/logout - ::1","service":"inventory-api","timestamp":"2026-06-29T01:31:21.404Z"}
{"level":"info","message":"POST /api/auth/logout - ::1","service":"inventory-api","timestamp":"2026-06-29T01:31:21.420Z"}
{"level":"info","message":"POST /api/auth/logout - ::1","service":"inventory-api","timestamp":"2026-06-29T01:31:21.426Z"}
{"level":"info","message":"POST /api/auth/logout - ::1","service":"inventory-api","timestamp":"2026-06-29T01:31:21.432Z"}
{"level":"info","message":"POST /api/auth/logout - ::1","service":"inventory-api","timestamp":"2026-06-29T01:31:21.437Z"}
{"level":"info","message":"POST /api/auth/logout - ::1","service":"inventory-api","timestamp":"2026-06-29T01:31:21.442Z"}
{"level":"info","message":"POST /api/auth/logout - ::1","service":"inventory-api","timestamp":"2026-06-29T01:31:21.448Z"}
{"level":"info","message":"POST /api/auth/logout - ::1","service":"inventory-api","timestamp":"2026-06-29T01:31:21.452Z"}
{"level":"info","message":"POST /api/auth/logout - ::1","service":"inventory-api","timestamp":"2026-06-29T01:31:21.457Z"}
{"level":"info","message":"POST /api/auth/logout - ::1","service":"inventory-api","timestamp":"2026-06-29T01:31:21.463Z"}
{"level":"info","message":"POST /api/auth/logout - ::1","service":"inventory-api","timestamp":"2026-06-29T01:31:21.468Z"}
{"level":"info","message":"POST /api/auth/logout - ::1","service":"inventory-api","timestamp":"2026-06-29T01:31:21.472Z"}
{"level":"info","message":"POST /api/auth/logout - ::1","service":"inventory-api","timestamp":"2026-06-29T01:31:21.479Z"}
{"level":"info","message":"POST /api/auth/logout - ::1","service":"inventory-api","timestamp":"2026-06-29T01:31:21.484Z"}
{"level":"info","message":"POST /api/auth/logout - ::1","service":"inventory-api","timestamp":"2026-06-29T01:31:21.488Z"}
{"level":"info","message":"POST /api/auth/logout - ::1","service":"inventory-api","timestamp":"2026-06-29T01:31:21.495Z"}
{"level":"info","message":"POST /api/auth/logout - ::1","service":"inventory-api","timestamp":"2026-06-29T01:31:21.500Z"}
{"level":"info","message":"POST /api/auth/logout - ::1","service":"inventory-api","timestamp":"2026-06-29T01:31:21.504Z"}
{"level":"info","message":"POST /api/auth/logout - ::1","service":"inventory-api","timestamp":"2026-06-29T01:31:21.510Z"}
{"level":"info","message":"POST /api/auth/logout - ::1","service":"inventory-api","timestamp":"2026-06-29T01:31:21.515Z"}
{"level":"info","message":"POST /api/auth/logout - ::1","service":"inventory-api","timestamp":"2026-06-29T01:31:21.520Z"}
{"level":"info","message":"POST /api/auth/logout - ::1","service":"inventory-api","timestamp":"2026-06-29T01:31:21.527Z"}
{"level":"info","message":"POST /api/auth/logout - ::1","service":"inventory-api","timestamp":"2026-06-29T01:31:21.532Z"}
{"level":"info","message":"POST /api/auth/logout - ::1","service":"inventory-api","timestamp":"2026-06-29T01:31:21.536Z"}
{"level":"info","message":"POST /api/auth/logout - ::1","service":"inventory-api","timestamp":"2026-06-29T01:31:21.542Z"}
{"level":"info","message":"POST /api/auth/logout - ::1","service":"inventory-api","timestamp":"2026-06-29T01:31:21.547Z"}
{"level":"info","message":"POST /api/auth/logout - ::1","service":"inventory-api","timestamp":"2026-06-29T01:31:21.552Z"}
{"level":"info","message":"POST /api/auth/logout - ::1","service":"inventory-api","timestamp":"2026-06-29T01:31:21.559Z"}
{"level":"info","message":"POST /api/auth/logout - ::1","service":"inventory-api","timestamp":"2026-06-29T01:31:21.564Z"}
{"level":"info","message":"POST /api/auth/logout - ::1","service":"inventory-api","timestamp":"2026-06-29T01:31:21.569Z"}
{"level":"info","message":"POST /api/auth/logout - ::1","service":"inventory-api","timestamp":"2026-06-29T01:31:21.576Z"}
{"level":"info","message":"POST /api/auth/logout - ::1","service":"inventory-api","timestamp":"2026-06-29T01:31:21.582Z"}
{"level":"info","message":"POST /api/auth/logout - ::1","service":"inventory-api","timestamp":"2026-06-29T01:31:21.586Z"}
{"level":"info","message":"POST /api/auth/logout - ::1","service":"inventory-api","timestamp":"2026-06-29T01:31:21.592Z"}
{"level":"info","message":"POST /api/auth/logout - ::1","service":"inventory-api","timestamp":"2026-06-29T01:31:21.597Z"}
{"level":"info","message":"POST /api/auth/logout - ::1","service":"inventory-api","timestamp":"2026-06-29T01:31:21.601Z"}
{"level":"info","message":"POST /api/auth/logout - ::1","service":"inventory-api","timestamp":"2026-06-29T01:31:21.605Z"}
{"level":"info","message":"POST /api/auth/logout - ::1","service":"inventory-api","timestamp":"2026-06-29T01:31:21.613Z"}
{"level":"info","message":"POST /api/auth/logout - ::1","service":"inventory-api","timestamp":"2026-06-29T01:31:21.617Z"}
{"level":"info","message":"POST /api/auth/logout - ::1","service":"inventory-api","timestamp":"2026-06-29T01:31:21.621Z"}
{"level":"info","message":"POST /api/auth/logout - ::1","service":"inventory-api","timestamp":"2026-06-29T01:31:21.626Z"}
{"level":"info","message":"POST /api/auth/logout - ::1","service":"inventory-api","timestamp":"2026-06-29T01:31:21.630Z"}
{"level":"info","message":"POST /api/auth/logout - ::1","service":"inventory-api","timestamp":"2026-06-29T01:31:21.634Z"}
{"level":"info","message":"POST /api/auth/logout - ::1","service":"inventory-api","timestamp":"2026-06-29T01:31:21.639Z"}
{"level":"info","message":"POST /api/auth/logout - ::1","service":"inventory-api","timestamp":"2026-06-29T01:31:21.646Z"}
{"level":"info","message":"POST /api/auth/logout - ::1","service":"inventory-api","timestamp":"2026-06-29T01:31:21.651Z"}
{"level":"info","message":"POST /api/auth/logout - ::1","service":"inventory-api","timestamp":"2026-06-29T01:31:21.655Z"}
{"level":"info","message":"POST /api/auth/logout - ::1","service":"inventory-api","timestamp":"2026-06-29T01:31:21.662Z"}
{"level":"info","message":"POST /api/auth/logout - ::1","service":"inventory-api","timestamp":"2026-06-29T01:31:21.667Z"}
{"level":"info","message":"POST /api/auth/logout - ::1","service":"inventory-api","timestamp":"2026-06-29T01:31:21.671Z"}
{"level":"info","message":"POST /api/auth/logout - ::1","service":"inventory-api","timestamp":"2026-06-29T01:31:21.678Z"}
{"level":"info","message":"POST /api/auth/logout - ::1","service":"inventory-api","timestamp":"2026-06-29T01:31:21.683Z"}
{"level":"info","message":"POST /api/auth/logout - ::1","service":"inventory-api","timestamp":"2026-06-29T01:31:21.688Z"}
{"level":"info","message":"POST /api/auth/logout - ::1","service":"inventory-api","timestamp":"2026-06-29T01:31:21.695Z"}
{"level":"info","message":"POST /api/auth/logout - ::1","service":"inventory-api","timestamp":"2026-06-29T01:31:21.699Z"}
{"level":"info","message":"POST /api/auth/logout - ::1","service":"inventory-api","timestamp":"2026-06-29T01:31:21.704Z"}
{"level":"info","message":"POST /api/auth/logout - ::1","service":"inventory-api","timestamp":"2026-06-29T01:31:21.713Z"}
{"level":"info","message":"POST /api/auth/logout - ::1","service":"inventory-api","timestamp":"2026-06-29T01:31:21.718Z"}
{"level":"info","message":"POST /api/auth/logout - ::1","service":"inventory-api","timestamp":"2026-06-29T01:31:21.722Z"}
{"level":"info","message":"POST /api/auth/logout - ::1","service":"inventory-api","timestamp":"2026-06-29T01:31:21.729Z"}
{"level":"info","message":"POST /api/auth/logout - ::1","service":"inventory-api","timestamp":"2026-06-29T01:31:21.734Z"}
{"level":"info","message":"POST /api/auth/logout - ::1","service":"inventory-api","timestamp":"2026-06-29T01:31:21.738Z"}
{"level":"info","message":"POST /api/auth/logout - ::1","service":"inventory-api","timestamp":"2026-06-29T01:31:21.745Z"}
{"level":"info","message":"POST /api/auth/logout - ::1","service":"inventory-api","timestamp":"2026-06-29T01:31:21.750Z"}
{"level":"info","message":"POST /api/auth/logout - ::1","service":"inventory-api","timestamp":"2026-06-29T01:31:21.754Z"}
{"level":"info","message":"POST /api/auth/logout - ::1","service":"inventory-api","timestamp":"2026-06-29T01:31:21.759Z"}
{"level":"info","message":"POST /api/auth/logout - ::1","service":"inventory-api","timestamp":"2026-06-29T01:31:21.764Z"}
{"level":"info","message":"POST /api/auth/logout - ::1","service":"inventory-api","timestamp":"2026-06-29T01:31:21.768Z"}
{"level":"info","message":"POST /api/auth/logout - ::1","service":"inventory-api","timestamp":"2026-06-29T01:31:21.773Z"}
{"level":"info","message":"POST /api/auth/logout - ::1","service":"inventory-api","timestamp":"2026-06-29T01:31:21.779Z"}
{"level":"info","message":"POST /api/auth/logout - ::1","service":"inventory-api","timestamp":"2026-06-29T01:31:21.785Z"}
{"level":"info","message":"POST /api/auth/logout - ::1","service":"inventory-api","timestamp":"2026-06-29T01:31:21.789Z"}
{"level":"info","message":"POST /api/auth/logout - ::1","service":"inventory-api","timestamp":"2026-06-29T01:31:21.795Z"}
{"level":"info","message":"POST /api/auth/logout - ::1","service":"inventory-api","timestamp":"2026-06-29T01:31:21.799Z"}
{"level":"info","message":"POST /api/auth/logout - ::1","service":"inventory-api","timestamp":"2026-06-29T01:31:21.804Z"}
{"level":"info","message":"POST /api/auth/logout - ::1","service":"inventory-api","timestamp":"2026-06-29T01:31:21.811Z"}
{"level":"info","message":"POST /api/auth/logout - ::1","service":"inventory-api","timestamp":"2026-06-29T01:31:21.815Z"}
{"level":"info","message":"POST /api/auth/logout - ::1","service":"inventory-api","timestamp":"2026-06-29T01:31:21.819Z"}
{"level":"info","message":"POST /api/auth/logout - ::1","service":"inventory-api","timestamp":"2026-06-29T01:31:21.824Z"}
{"level":"info","message":"POST /api/auth/logout - ::1","service":"inventory-api","timestamp":"2026-06-29T01:31:21.829Z"}
{"level":"info","message":"POST /api/auth/logout - ::1","service":"inventory-api","timestamp":"2026-06-29T01:31:21.832Z"}
{"level":"info","message":"POST /api/auth/logout - ::1","service":"inventory-api","timestamp":"2026-06-29T01:31:21.836Z"}
{"level":"info","message":"POST /api/auth/logout - ::1","service":"inventory-api","timestamp":"2026-06-29T01:31:21.843Z"}
{"level":"info","message":"POST /api/auth/logout - ::1","service":"inventory-api","timestamp":"2026-06-29T01:31:21.848Z"}
{"level":"info","message":"POST /api/auth/logout - ::1","service":"inventory-api","timestamp":"2026-06-29T01:31:21.852Z"}
{"level":"info","message":"POST /api/auth/logout - ::1","service":"inventory-api","timestamp":"2026-06-29T01:31:21.861Z"}
{"level":"info","message":"POST /api/auth/logout - ::1","service":"inventory-api","timestamp":"2026-06-29T01:31:21.866Z"}
{"level":"info","message":"POST /api/auth/logout - ::1","service":"inventory-api","timestamp":"2026-06-29T01:31:21.870Z"}
{"level":"info","message":"POST /api/auth/logout - ::1","service":"inventory-api","timestamp":"2026-06-29T01:31:21.875Z"}
{"level":"info","message":"POST /api/auth/logout - ::1","service":"inventory-api","timestamp":"2026-06-29T01:31:21.879Z"}
{"level":"info","message":"POST /api/auth/logout - ::1","service":"inventory-api","timestamp":"2026-06-29T01:31:21.883Z"}
{"level":"info","message":"POST /api/auth/logout - ::1","service":"inventory-api","timestamp":"2026-06-29T01:31:21.887Z"}
{"level":"info","message":"POST /api/auth/logout - ::1","service":"inventory-api","timestamp":"2026-06-29T01:31:21.893Z"}
{"level":"info","message":"POST /api/auth/logout - ::1","service":"inventory-api","timestamp":"2026-06-29T01:31:21.897Z"}
{"level":"info","message":"POST /api/auth/logout - ::1","service":"inventory-api","timestamp":"2026-06-29T01:31:21.901Z"}
{"level":"info","message":"POST /api/auth/logout - ::1","service":"inventory-api","timestamp":"2026-06-29T01:31:21.905Z"}
{"level":"info","message":"POST /api/auth/logout - ::1","service":"inventory-api","timestamp":"2026-06-29T01:31:21.911Z"}
{"level":"info","message":"POST /api/auth/logout - ::1","service":"inventory-api","timestamp":"2026-06-29T01:31:21.915Z"}
{"level":"info","message":"POST /api/auth/logout - ::1","service":"inventory-api","timestamp":"2026-06-29T01:31:21.919Z"}
{"level":"info","message":"POST /api/auth/logout - ::1","service":"inventory-api","timestamp":"2026-06-29T01:31:21.924Z"}
{"level":"info","message":"POST /api/auth/logout - ::1","service":"inventory-api","timestamp":"2026-06-29T01:31:21.930Z"}
{"level":"info","message":"POST /api/auth/logout - ::1","service":"inventory-api","timestamp":"2026-06-29T01:31:21.934Z"}
{"level":"info","message":"POST /api/auth/logout - ::1","service":"inventory-api","timestamp":"2026-06-29T01:31:21.938Z"}
{"level":"info","message":"POST /api/auth/logout - ::1","service":"inventory-api","timestamp":"2026-06-29T01:31:21.946Z"}
{"level":"info","message":"POST /api/auth/logout - ::1","service":"inventory-api","timestamp":"2026-06-29T01:31:21.950Z"}
{"level":"info","message":"POST /api/auth/logout - ::1","service":"inventory-api","timestamp":"2026-06-29T01:31:21.953Z"}
{"level":"info","message":"POST /api/auth/logout - ::1","service":"inventory-api","timestamp":"2026-06-29T01:31:21.959Z"}
{"level":"info","message":"POST /api/auth/logout - ::1","service":"inventory-api","timestamp":"2026-06-29T01:31:21.964Z"}
{"level":"info","message":"POST /api/auth/logout - ::1","service":"inventory-api","timestamp":"2026-06-29T01:31:21.970Z"}
{"level":"info","message":"POST /api/auth/logout - ::1","service":"inventory-api","timestamp":"2026-06-29T01:31:21.975Z"}
{"level":"info","message":"POST /api/auth/logout - ::1","service":"inventory-api","timestamp":"2026-06-29T01:31:21.979Z"}
{"level":"info","message":"POST /api/auth/logout - ::1","service":"inventory-api","timestamp":"2026-06-29T01:31:21.983Z"}
{"level":"info","message":"POST /api/auth/logout - ::1","service":"inventory-api","timestamp":"2026-06-29T01:31:21.987Z"}
{"level":"info","message":"POST /api/auth/logout - ::1","service":"inventory-api","timestamp":"2026-06-29T01:31:21.993Z"}
{"level":"info","message":"POST /api/auth/logout - ::1","service":"inventory-api","timestamp":"2026-06-29T01:31:21.997Z"}
{"level":"info","message":"POST /api/auth/logout - ::1","service":"inventory-api","timestamp":"2026-06-29T01:31:22.001Z"}
{"level":"info","message":"POST /api/auth/logout - ::1","service":"inventory-api","timestamp":"2026-06-29T01:31:22.005Z"}
{"level":"info","message":"POST /api/auth/logout - ::1","service":"inventory-api","timestamp":"2026-06-29T01:31:22.010Z"}
{"level":"info","message":"POST /api/auth/logout - ::1","service":"inventory-api","timestamp":"2026-06-29T01:31:22.014Z"}
{"level":"info","message":"POST /api/auth/logout - ::1","service":"inventory-api","timestamp":"2026-06-29T01:31:22.019Z"}
{"level":"info","message":"POST /api/auth/logout - ::1","service":"inventory-api","timestamp":"2026-06-29T01:31:22.024Z"}
{"level":"info","message":"POST /api/auth/logout - ::1","service":"inventory-api","timestamp":"2026-06-29T01:31:22.028Z"}
{"level":"info","message":"POST /api/auth/logout - ::1","service":"inventory-api","timestamp":"2026-06-29T01:31:22.032Z"}
{"level":"info","message":"POST /api/auth/logout - ::1","service":"inventory-api","timestamp":"2026-06-29T01:31:22.036Z"}
{"level":"info","message":"POST /api/auth/logout - ::1","service":"inventory-api","timestamp":"2026-06-29T01:31:22.042Z"}
{"level":"info","message":"POST /api/auth/logout - ::1","service":"inventory-api","timestamp":"2026-06-29T01:31:22.046Z"}
{"level":"info","message":"POST /api/auth/logout - ::1","service":"inventory-api","timestamp":"2026-06-29T01:31:22.051Z"}
{"level":"info","message":"POST /api/auth/logout - ::1","service":"inventory-api","timestamp":"2026-06-29T01:31:22.057Z"}
{"level":"info","message":"POST /api/auth/logout - ::1","service":"inventory-api","timestamp":"2026-06-29T01:31:22.063Z"}
{"level":"info","message":"POST /api/auth/logout - ::1","service":"inventory-api","timestamp":"2026-06-29T01:31:22.068Z"}
{"level":"info","message":"POST /api/auth/logout - ::1","service":"inventory-api","timestamp":"2026-06-29T01:31:22.074Z"}
{"level":"info","message":"POST /api/auth/logout - ::1","service":"inventory-api","timestamp":"2026-06-29T01:31:22.080Z"}
{"level":"info","message":"POST /api/auth/logout - ::1","service":"inventory-api","timestamp":"2026-06-29T01:31:22.085Z"}
{"level":"info","message":"POST /api/auth/logout - ::1","service":"inventory-api","timestamp":"2026-06-29T01:31:22.091Z"}
{"level":"info","message":"POST /api/auth/logout - ::1","service":"inventory-api","timestamp":"2026-06-29T01:31:22.098Z"}
{"level":"info","message":"POST /api/auth/logout - ::1","service":"inventory-api","timestamp":"2026-06-29T01:31:22.103Z"}
{"level":"info","message":"POST /api/auth/logout - ::1","service":"inventory-api","timestamp":"2026-06-29T01:31:22.109Z"}
{"level":"info","message":"POST /api/auth/logout - ::1","service":"inventory-api","timestamp":"2026-06-29T01:31:22.114Z"}
{"level":"info","message":"POST /api/auth/logout - ::1","service":"inventory-api","timestamp":"2026-06-29T01:31:22.119Z"}
{"level":"info","message":"POST /api/auth/logout - ::1","service":"inventory-api","timestamp":"2026-06-29T01:31:22.124Z"}
{"level":"info","message":"POST /api/auth/logout - ::1","service":"inventory-api","timestamp":"2026-06-29T01:31:22.131Z"}
{"level":"info","message":"POST /api/auth/logout - ::1","service":"inventory-api","timestamp":"2026-06-29T01:31:22.135Z"}
{"level":"info","message":"POST /api/auth/logout - ::1","service":"inventory-api","timestamp":"2026-06-29T01:31:22.142Z"}
{"level":"info","message":"POST /api/auth/logout - ::1","service":"inventory-api","timestamp":"2026-06-29T01:31:22.148Z"}
{"level":"info","message":"POST /api/auth/logout - ::1","service":"inventory-api","timestamp":"2026-06-29T01:31:22.153Z"}
{"level":"info","message":"POST /api/auth/logout - ::1","service":"inventory-api","timestamp":"2026-06-29T01:31:22.159Z"}
{"level":"info","message":"POST /api/auth/logout - ::1","service":"inventory-api","timestamp":"2026-06-29T01:31:22.166Z"}
{"level":"info","message":"POST /api/auth/logout - ::1","service":"inventory-api","timestamp":"2026-06-29T01:31:22.171Z"}
{"level":"info","message":"POST /api/auth/logout - ::1","service":"inventory-api","timestamp":"2026-06-29T01:31:22.180Z"}
{"level":"info","message":"POST /api/auth/logout - ::1","service":"inventory-api","timestamp":"2026-06-29T01:31:22.185Z"}
{"level":"info","message":"POST /api/auth/logout - ::1","service":"inventory-api","timestamp":"2026-06-29T01:31:22.192Z"}
{"level":"info","message":"POST /api/auth/logout - ::1","service":"inventory-api","timestamp":"2026-06-29T01:31:22.198Z"}
{"level":"info","message":"POST /api/auth/logout - ::1","service":"inventory-api","timestamp":"2026-06-29T01:31:22.203Z"}
{"level":"info","message":"POST /api/auth/logout - ::1","service":"inventory-api","timestamp":"2026-06-29T01:31:22.209Z"}
{"level":"info","message":"POST /api/auth/logout - ::1","service":"inventory-api","timestamp":"2026-06-29T01:31:22.214Z"}
{"level":"info","message":"POST /api/auth/logout - ::1","service":"inventory-api","timestamp":"2026-06-29T01:31:22.219Z"}
{"level":"info","message":"POST /api/auth/logout - ::1","service":"inventory-api","timestamp":"2026-06-29T01:31:22.226Z"}
{"level":"info","message":"POST /api/auth/logout - ::1","service":"inventory-api","timestamp":"2026-06-29T01:31:22.232Z"}
{"level":"info","message":"POST /api/auth/logout - ::1","service":"inventory-api","timestamp":"2026-06-29T01:31:22.237Z"}
{"level":"info","message":"POST /api/auth/logout - ::1","service":"inventory-api","timestamp":"2026-06-29T01:31:22.245Z"}
{"level":"info","message":"POST /api/auth/logout - ::1","service":"inventory-api","timestamp":"2026-06-29T01:31:22.249Z"}
{"level":"info","message":"POST /api/auth/logout - ::1","service":"inventory-api","timestamp":"2026-06-29T01:31:22.255Z"}
{"level":"info","message":"POST /api/auth/logout - ::1","service":"inventory-api","timestamp":"2026-06-29T01:31:22.262Z"}
{"level":"info","message":"POST /api/auth/logout - ::1","service":"inventory-api","timestamp":"2026-06-29T01:31:22.267Z"}
{"level":"info","message":"POST /api/auth/logout - ::1","service":"inventory-api","timestamp":"2026-06-29T01:31:22.272Z"}
{"level":"info","message":"POST /api/auth/logout - ::1","service":"inventory-api","timestamp":"2026-06-29T01:31:22.279Z"}
{"level":"info","message":"POST /api/auth/logout - ::1","service":"inventory-api","timestamp":"2026-06-29T01:31:22.285Z"}
{"level":"info","message":"POST /api/auth/logout - ::1","service":"inventory-api","timestamp":"2026-06-29T01:31:22.291Z"}
{"level":"info","message":"POST /api/auth/logout - ::1","service":"inventory-api","timestamp":"2026-06-29T01:31:22.297Z"}
{"level":"info","message":"POST /api/auth/logout - ::1","service":"inventory-api","timestamp":"2026-06-29T01:31:22.304Z"}
{"level":"info","message":"POST /api/auth/logout - ::1","service":"inventory-api","timestamp":"2026-06-29T01:31:22.311Z"}
{"level":"info","message":"POST /api/auth/logout - ::1","service":"inventory-api","timestamp":"2026-06-29T01:31:22.316Z"}
{"level":"info","message":"POST /api/auth/logout - ::1","service":"inventory-api","timestamp":"2026-06-29T01:31:22.321Z"}
{"level":"info","message":"POST /api/auth/logout - ::1","service":"inventory-api","timestamp":"2026-06-29T01:31:22.329Z"}
{"level":"info","message":"POST /api/auth/logout - ::1","service":"inventory-api","timestamp":"2026-06-29T01:31:22.334Z"}
{"level":"info","message":"POST /api/auth/logout - ::1","service":"inventory-api","timestamp":"2026-06-29T01:31:22.340Z"}
{"level":"info","message":"POST /api/auth/logout - ::1","service":"inventory-api","timestamp":"2026-06-29T01:31:22.347Z"}
{"level":"info","message":"POST /api/auth/logout - ::1","service":"inventory-api","timestamp":"2026-06-29T01:31:22.352Z"}
{"level":"info","message":"POST /api/auth/logout - ::1","service":"inventory-api","timestamp":"2026-06-29T01:31:22.358Z"}
{"level":"info","message":"POST /api/auth/logout - ::1","service":"inventory-api","timestamp":"2026-06-29T01:31:22.364Z"}
{"level":"info","message":"POST /api/auth/logout - ::1","service":"inventory-api","timestamp":"2026-06-29T01:31:22.370Z"}
{"level":"info","message":"POST /api/auth/logout - ::1","service":"inventory-api","timestamp":"2026-06-29T01:31:22.378Z"}
{"level":"info","message":"POST /api/auth/logout - ::1","service":"inventory-api","timestamp":"2026-06-29T01:31:22.383Z"}
{"level":"info","message":"POST /api/auth/logout - ::1","service":"inventory-api","timestamp":"2026-06-29T01:31:22.389Z"}
{"level":"info","message":"POST /api/auth/logout - ::1","service":"inventory-api","timestamp":"2026-06-29T01:31:22.395Z"}
{"level":"info","message":"POST /api/auth/logout - ::1","service":"inventory-api","timestamp":"2026-06-29T01:31:22.401Z"}
{"level":"info","message":"POST /api/auth/logout - ::1","service":"inventory-api","timestamp":"2026-06-29T01:31:22.407Z"}
{"level":"info","message":"POST /api/auth/logout - ::1","service":"inventory-api","timestamp":"2026-06-29T01:31:22.413Z"}
{"level":"info","message":"POST /api/auth/logout - ::1","service":"inventory-api","timestamp":"2026-06-29T01:31:22.419Z"}
{"level":"info","message":"POST /api/auth/logout - ::1","service":"inventory-api","timestamp":"2026-06-29T01:31:22.424Z"}
{"level":"info","message":"POST /api/auth/logout - ::1","service":"inventory-api","timestamp":"2026-06-29T01:31:22.431Z"}
{"level":"info","message":"POST /api/auth/logout - ::1","service":"inventory-api","timestamp":"2026-06-29T01:31:22.436Z"}
{"level":"info","message":"POST /api/auth/logout - ::1","service":"inventory-api","timestamp":"2026-06-29T01:31:22.442Z"}
{"level":"info","message":"POST /api/auth/logout - ::1","service":"inventory-api","timestamp":"2026-06-29T01:31:22.448Z"}
{"level":"info","message":"POST /api/auth/logout - ::1","service":"inventory-api","timestamp":"2026-06-29T01:31:22.453Z"}
{"level":"info","message":"POST /api/auth/logout - ::1","service":"inventory-api","timestamp":"2026-06-29T01:31:22.459Z"}
{"level":"info","message":"POST /api/auth/logout - ::1","service":"inventory-api","timestamp":"2026-06-29T01:31:22.465Z"}
{"level":"info","message":"POST /api/auth/logout - ::1","service":"inventory-api","timestamp":"2026-06-29T01:31:22.470Z"}
{"level":"info","message":"POST /api/auth/logout - ::1","service":"inventory-api","timestamp":"2026-06-29T01:31:22.476Z"}
{"level":"info","message":"POST /api/auth/logout - ::1","service":"inventory-api","timestamp":"2026-06-29T01:31:22.481Z"}
{"level":"info","message":"POST /api/auth/logout - ::1","service":"inventory-api","timestamp":"2026-06-29T01:31:22.486Z"}
{"level":"info","message":"POST /api/auth/logout - ::1","service":"inventory-api","timestamp":"2026-06-29T01:31:22.493Z"}
{"level":"info","message":"POST /api/auth/logout - ::1","service":"inventory-api","timestamp":"2026-06-29T01:31:22.498Z"}
{"level":"info","message":"POST /api/auth/logout - ::1","service":"inventory-api","timestamp":"2026-06-29T01:31:22.503Z"}
{"level":"info","message":"POST /api/auth/logout - ::1","service":"inventory-api","timestamp":"2026-06-29T01:31:22.509Z"}
{"level":"info","message":"POST /api/auth/logout - ::1","service":"inventory-api","timestamp":"2026-06-29T01:31:22.514Z"}
{"level":"info","message":"POST /api/auth/logout - ::1","service":"inventory-api","timestamp":"2026-06-29T01:31:22.519Z"}
{"level":"info","message":"POST /api/auth/logout - ::1","service":"inventory-api","timestamp":"2026-06-29T01:31:22.526Z"}
{"level":"info","message":"POST /api/auth/logout - ::1","service":"inventory-api","timestamp":"2026-06-29T01:31:22.531Z"}
{"level":"info","message":"POST /api/auth/logout - ::1","service":"inventory-api","timestamp":"2026-06-29T01:31:22.536Z"}
{"level":"info","message":"POST /api/auth/logout - ::1","service":"inventory-api","timestamp":"2026-06-29T01:31:22.542Z"}
{"level":"info","message":"POST /api/auth/logout - ::1","service":"inventory-api","timestamp":"2026-06-29T01:31:22.547Z"}
{"level":"info","message":"POST /api/auth/logout - ::1","service":"inventory-api","timestamp":"2026-06-29T01:31:22.552Z"}
{"level":"info","message":"POST /api/auth/logout - ::1","service":"inventory-api","timestamp":"2026-06-29T01:31:22.559Z"}
{"level":"info","message":"POST /api/auth/logout - ::1","service":"inventory-api","timestamp":"2026-06-29T01:31:22.564Z"}
{"level":"info","message":"POST /api/auth/logout - ::1","service":"inventory-api","timestamp":"2026-06-29T01:31:22.569Z"}
{"level":"info","message":"POST /api/auth/logout - ::1","service":"inventory-api","timestamp":"2026-06-29T01:31:22.575Z"}
{"level":"info","message":"POST /api/auth/logout - ::1","service":"inventory-api","timestamp":"2026-06-29T01:31:22.580Z"}
{"level":"info","message":"POST /api/auth/logout - ::1","service":"inventory-api","timestamp":"2026-06-29T01:31:22.585Z"}
{"level":"info","message":"POST /api/auth/logout - ::1","service":"inventory-api","timestamp":"2026-06-29T01:31:22.591Z"}
{"level":"info","message":"POST /api/auth/logout - ::1","service":"inventory-api","timestamp":"2026-06-29T01:31:22.598Z"}
{"level":"info","message":"POST /api/auth/logout - ::1","service":"inventory-api","timestamp":"2026-06-29T01:31:22.603Z"}
{"level":"info","message":"POST /api/auth/logout - ::1","service":"inventory-api","timestamp":"2026-06-29T01:31:22.609Z"}
{"level":"info","message":"POST /api/auth/logout - ::1","service":"inventory-api","timestamp":"2026-06-29T01:31:22.615Z"}
{"level":"info","message":"POST /api/auth/logout - ::1","service":"inventory-api","timestamp":"2026-06-29T01:31:22.621Z"}
{"level":"info","message":"POST /api/auth/logout - ::1","service":"inventory-api","timestamp":"2026-06-29T01:31:22.628Z"}
{"level":"info","message":"POST /api/auth/logout - ::1","service":"inventory-api","timestamp":"2026-06-29T01:31:22.633Z"}
{"level":"info","message":"POST /api/auth/logout - ::1","service":"inventory-api","timestamp":"2026-06-29T01:31:22.638Z"}
{"level":"info","message":"POST /api/auth/logout - ::1","service":"inventory-api","timestamp":"2026-06-29T01:31:22.645Z"}
{"level":"info","message":"POST /api/auth/logout - ::1","service":"inventory-api","timestamp":"2026-06-29T01:31:22.650Z"}
{"level":"info","message":"POST /api/auth/logout - ::1","service":"inventory-api","timestamp":"2026-06-29T01:31:22.655Z"}
{"level":"info","message":"POST /api/auth/logout - ::1","service":"inventory-api","timestamp":"2026-06-29T01:31:22.662Z"}
{"level":"info","message":"POST /api/auth/logout - ::1","service":"inventory-api","timestamp":"2026-06-29T01:31:22.667Z"}
{"level":"info","message":"POST /api/auth/logout - ::1","service":"inventory-api","timestamp":"2026-06-29T01:31:22.672Z"}
{"level":"info","message":"POST /api/auth/logout - ::1","service":"inventory-api","timestamp":"2026-06-29T01:31:22.679Z"}
{"level":"info","message":"POST /api/auth/logout - ::1","service":"inventory-api","timestamp":"2026-06-29T01:31:22.688Z"}
{"level":"info","message":"POST /api/auth/logout - ::1","service":"inventory-api","timestamp":"2026-06-29T01:31:22.697Z"}
{"level":"info","message":"POST /api/auth/logout - ::1","service":"inventory-api","timestamp":"2026-06-29T01:31:22.702Z"}
{"level":"info","message":"POST /api/auth/logout - ::1","service":"inventory-api","timestamp":"2026-06-29T01:31:22.711Z"}
{"level":"info","message":"POST /api/auth/logout - ::1","service":"inventory-api","timestamp":"2026-06-29T01:31:22.717Z"}
{"level":"info","message":"POST /api/auth/logout - ::1","service":"inventory-api","timestamp":"2026-06-29T01:31:22.724Z"}
{"level":"info","message":"POST /api/auth/logout - ::1","service":"inventory-api","timestamp":"2026-06-29T01:31:22.731Z"}
{"level":"info","message":"POST /api/auth/logout - ::1","service":"inventory-api","timestamp":"2026-06-29T01:31:22.736Z"}
{"level":"info","message":"POST /api/auth/logout - ::1","service":"inventory-api","timestamp":"2026-06-29T01:31:22.744Z"}
{"level":"info","message":"POST /api/auth/logout - ::1","service":"inventory-api","timestamp":"2026-06-29T01:31:22.750Z"}
{"level":"info","message":"POST /api/auth/logout - ::1","service":"inventory-api","timestamp":"2026-06-29T01:31:22.758Z"}
{"level":"info","message":"POST /api/auth/logout - ::1","service":"inventory-api","timestamp":"2026-06-29T01:31:22.765Z"}
{"level":"info","message":"POST /api/auth/logout - ::1","service":"inventory-api","timestamp":"2026-06-29T01:31:22.771Z"}
{"level":"info","message":"POST /api/auth/logout - ::1","service":"inventory-api","timestamp":"2026-06-29T01:31:22.778Z"}
{"level":"info","message":"POST /api/auth/logout - ::1","service":"inventory-api","timestamp":"2026-06-29T01:31:22.783Z"}
{"level":"info","message":"POST /api/auth/logout - ::1","service":"inventory-api","timestamp":"2026-06-29T01:31:22.787Z"}
{"level":"info","message":"POST /api/auth/logout - ::1","service":"inventory-api","timestamp":"2026-06-29T01:31:22.793Z"}
{"level":"info","message":"POST /api/auth/logout - ::1","service":"inventory-api","timestamp":"2026-06-29T01:31:22.797Z"}
{"level":"info","message":"POST /api/auth/logout - ::1","service":"inventory-api","timestamp":"2026-06-29T01:31:22.802Z"}
{"level":"info","message":"POST /api/auth/logout - ::1","service":"inventory-api","timestamp":"2026-06-29T01:31:22.808Z"}
{"level":"info","message":"POST /api/auth/logout - ::1","service":"inventory-api","timestamp":"2026-06-29T01:31:22.813Z"}
{"level":"info","message":"POST /api/auth/logout - ::1","service":"inventory-api","timestamp":"2026-06-29T01:31:22.817Z"}
{"level":"info","message":"POST /api/auth/logout - ::1","service":"inventory-api","timestamp":"2026-06-29T01:31:22.821Z"}
{"level":"info","message":"POST /api/auth/logout - ::1","service":"inventory-api","timestamp":"2026-06-29T01:31:22.827Z"}
{"level":"info","message":"POST /api/auth/logout - ::1","service":"inventory-api","timestamp":"2026-06-29T01:31:22.831Z"}
{"level":"info","message":"POST /api/auth/logout - ::1","service":"inventory-api","timestamp":"2026-06-29T01:31:22.836Z"}
{"level":"info","message":"POST /api/auth/logout - ::1","service":"inventory-api","timestamp":"2026-06-29T01:31:22.840Z"}
{"level":"info","message":"POST /api/auth/logout - ::1","service":"inventory-api","timestamp":"2026-06-29T01:31:22.846Z"}
{"level":"info","message":"POST /api/auth/logout - ::1","service":"inventory-api","timestamp":"2026-06-29T01:31:22.850Z"}
{"level":"info","message":"POST /api/auth/logout - ::1","service":"inventory-api","timestamp":"2026-06-29T01:31:22.854Z"}
{"level":"info","message":"POST /api/auth/logout - ::1","service":"inventory-api","timestamp":"2026-06-29T01:31:22.859Z"}
{"level":"info","message":"POST /api/auth/logout - ::1","service":"inventory-api","timestamp":"2026-06-29T01:31:22.862Z"}
{"level":"info","message":"POST /api/auth/logout - ::1","service":"inventory-api","timestamp":"2026-06-29T01:31:22.867Z"}
{"level":"info","message":"POST /api/auth/logout - ::1","service":"inventory-api","timestamp":"2026-06-29T01:31:22.872Z"}
{"level":"info","message":"POST /api/auth/logout - ::1","service":"inventory-api","timestamp":"2026-06-29T01:31:22.879Z"}
{"level":"info","message":"POST /api/auth/logout - ::1","service":"inventory-api","timestamp":"2026-06-29T01:31:22.884Z"}
{"level":"info","message":"POST /api/auth/logout - ::1","service":"inventory-api","timestamp":"2026-06-29T01:31:22.889Z"}
{"level":"info","message":"POST /api/auth/logout - ::1","service":"inventory-api","timestamp":"2026-06-29T01:31:22.896Z"}
{"level":"info","message":"POST /api/auth/logout - ::1","service":"inventory-api","timestamp":"2026-06-29T01:31:22.901Z"}
{"level":"info","message":"POST /api/auth/logout - ::1","service":"inventory-api","timestamp":"2026-06-29T01:31:22.905Z"}
{"level":"info","message":"POST /api/auth/logout - ::1","service":"inventory-api","timestamp":"2026-06-29T01:31:22.912Z"}
{"level":"info","message":"POST /api/auth/logout - ::1","service":"inventory-api","timestamp":"2026-06-29T01:31:22.917Z"}
{"level":"info","message":"POST /api/auth/logout - ::1","service":"inventory-api","timestamp":"2026-06-29T01:31:22.922Z"}
{"level":"info","message":"POST /api/auth/logout - ::1","service":"inventory-api","timestamp":"2026-06-29T01:31:22.929Z"}
{"level":"info","message":"POST /api/auth/logout - ::1","service":"inventory-api","timestamp":"2026-06-29T01:31:22.934Z"}
{"level":"info","message":"POST /api/auth/logout - ::1","service":"inventory-api","timestamp":"2026-06-29T01:31:22.939Z"}
{"level":"info","message":"POST /api/auth/logout - ::1","service":"inventory-api","timestamp":"2026-06-29T01:31:22.947Z"}
{"level":"info","message":"POST /api/auth/logout - ::1","service":"inventory-api","timestamp":"2026-06-29T01:31:22.951Z"}
{"level":"info","message":"POST /api/auth/logout - ::1","service":"inventory-api","timestamp":"2026-06-29T01:31:22.957Z"}
{"level":"info","message":"POST /api/auth/logout - ::1","service":"inventory-api","timestamp":"2026-06-29T01:31:22.962Z"}
{"level":"info","message":"POST /api/auth/logout - ::1","service":"inventory-api","timestamp":"2026-06-29T01:31:22.967Z"}
{"level":"info","message":"POST /api/auth/logout - ::1","service":"inventory-api","timestamp":"2026-06-29T01:31:22.972Z"}
{"level":"info","message":"POST /api/auth/logout - ::1","service":"inventory-api","timestamp":"2026-06-29T01:31:22.979Z"}
{"level":"info","message":"POST /api/auth/logout - ::1","service":"inventory-api","timestamp":"2026-06-29T01:31:22.984Z"}
{"level":"info","message":"POST /api/auth/logout - ::1","service":"inventory-api","timestamp":"2026-06-29T01:31:22.988Z"}
{"level":"info","message":"POST /api/auth/logout - ::1","service":"inventory-api","timestamp":"2026-06-29T01:31:22.995Z"}
{"level":"info","message":"POST /api/auth/logout - ::1","service":"inventory-api","timestamp":"2026-06-29T01:31:23.000Z"}
{"level":"info","message":"POST /api/auth/logout - ::1","service":"inventory-api","timestamp":"2026-06-29T01:31:23.005Z"}
{"level":"info","message":"POST /api/auth/logout - ::1","service":"inventory-api","timestamp":"2026-06-29T01:31:23.012Z"}
{"level":"info","message":"POST /api/auth/logout - ::1","service":"inventory-api","timestamp":"2026-06-29T01:31:23.016Z"}
{"level":"info","message":"POST /api/auth/logout - ::1","service":"inventory-api","timestamp":"2026-06-29T01:31:23.021Z"}
{"level":"info","message":"POST /api/auth/logout - ::1","service":"inventory-api","timestamp":"2026-06-29T01:31:23.028Z"}
{"level":"info","message":"POST /api/auth/logout - ::1","service":"inventory-api","timestamp":"2026-06-29T01:31:23.033Z"}
{"level":"info","message":"POST /api/auth/logout - ::1","service":"inventory-api","timestamp":"2026-06-29T01:31:23.038Z"}
{"level":"info","message":"POST /api/auth/logout - ::1","service":"inventory-api","timestamp":"2026-06-29T01:31:23.045Z"}
{"level":"info","message":"POST /api/auth/logout - ::1","service":"inventory-api","timestamp":"2026-06-29T01:31:23.049Z"}
{"level":"info","message":"POST /api/auth/logout - ::1","service":"inventory-api","timestamp":"2026-06-29T01:31:23.054Z"}
{"level":"info","message":"POST /api/auth/logout - ::1","service":"inventory-api","timestamp":"2026-06-29T01:31:23.062Z"}
{"level":"info","message":"POST /api/auth/logout - ::1","service":"inventory-api","timestamp":"2026-06-29T01:31:23.068Z"}
{"level":"info","message":"POST /api/auth/logout - ::1","service":"inventory-api","timestamp":"2026-06-29T01:31:23.073Z"}
{"level":"info","message":"POST /api/auth/logout - ::1","service":"inventory-api","timestamp":"2026-06-29T01:31:23.080Z"}
{"level":"info","message":"POST /api/auth/logout - ::1","service":"inventory-api","timestamp":"2026-06-29T01:31:23.085Z"}
{"level":"info","message":"POST /api/auth/logout - ::1","service":"inventory-api","timestamp":"2026-06-29T01:31:23.092Z"}
{"level":"info","message":"POST /api/auth/logout - ::1","service":"inventory-api","timestamp":"2026-06-29T01:31:23.099Z"}
{"level":"info","message":"POST /api/auth/logout - ::1","service":"inventory-api","timestamp":"2026-06-29T01:31:23.103Z"}
{"level":"info","message":"POST /api/auth/logout - ::1","service":"inventory-api","timestamp":"2026-06-29T01:31:23.109Z"}
{"level":"info","message":"POST /api/auth/logout - ::1","service":"inventory-api","timestamp":"2026-06-29T01:31:23.114Z"}
{"level":"info","message":"POST /api/auth/logout - ::1","service":"inventory-api","timestamp":"2026-06-29T01:31:23.119Z"}
{"level":"info","message":"POST /api/auth/logout - ::1","service":"inventory-api","timestamp":"2026-06-29T01:31:23.125Z"}
{"level":"info","message":"POST /api/auth/logout - ::1","service":"inventory-api","timestamp":"2026-06-29T01:31:23.131Z"}
{"level":"info","message":"POST /api/auth/logout - ::1","service":"inventory-api","timestamp":"2026-06-29T01:31:23.136Z"}
{"level":"info","message":"POST /api/auth/logout - ::1","service":"inventory-api","timestamp":"2026-06-29T01:31:23.142Z"}
{"level":"info","message":"POST /api/auth/logout - ::1","service":"inventory-api","timestamp":"2026-06-29T01:31:23.147Z"}
{"level":"info","message":"POST /api/auth/logout - ::1","service":"inventory-api","timestamp":"2026-06-29T01:31:23.152Z"}
{"level":"info","message":"POST /api/auth/logout - ::1","service":"inventory-api","timestamp":"2026-06-29T01:31:23.158Z"}
{"level":"info","message":"POST /api/auth/logout - ::1","service":"inventory-api","timestamp":"2026-06-29T01:31:23.164Z"}
{"level":"info","message":"POST /api/auth/logout - ::1","service":"inventory-api","timestamp":"2026-06-29T01:31:23.171Z"}
{"level":"info","message":"POST /api/auth/logout - ::1","service":"inventory-api","timestamp":"2026-06-29T01:31:23.178Z"}
{"level":"info","message":"POST /api/auth/logout - ::1","service":"inventory-api","timestamp":"2026-06-29T01:31:23.183Z"}
{"level":"info","message":"POST /api/auth/logout - ::1","service":"inventory-api","timestamp":"2026-06-29T01:31:23.188Z"}
{"level":"info","message":"POST /api/auth/logout - ::1","service":"inventory-api","timestamp":"2026-06-29T01:31:23.194Z"}
{"level":"info","message":"POST /api/auth/logout - ::1","service":"inventory-api","timestamp":"2026-06-29T01:31:23.199Z"}
{"level":"info","message":"POST /api/auth/logout - ::1","service":"inventory-api","timestamp":"2026-06-29T01:31:23.204Z"}
{"level":"info","message":"POST /api/auth/logout - ::1","service":"inventory-api","timestamp":"2026-06-29T01:31:23.210Z"}
{"level":"info","message":"POST /api/auth/logout - ::1","service":"inventory-api","timestamp":"2026-06-29T01:31:23.215Z"}
{"level":"info","message":"POST /api/auth/logout - ::1","service":"inventory-api","timestamp":"2026-06-29T01:31:23.220Z"}
{"level":"info","message":"POST /api/auth/logout - ::1","service":"inventory-api","timestamp":"2026-06-29T01:31:23.227Z"}
{"level":"info","message":"POST /api/auth/logout - ::1","service":"inventory-api","timestamp":"2026-06-29T01:31:23.232Z"}
{"level":"info","message":"POST /api/auth/logout - ::1","service":"inventory-api","timestamp":"2026-06-29T01:31:23.236Z"}
{"level":"info","message":"POST /api/auth/logout - ::1","service":"inventory-api","timestamp":"2026-06-29T01:31:23.243Z"}
{"level":"info","message":"POST /api/auth/logout - ::1","service":"inventory-api","timestamp":"2026-06-29T01:31:23.248Z"}
{"level":"info","message":"POST /api/auth/logout - ::1","service":"inventory-api","timestamp":"2026-06-29T01:31:23.253Z"}
{"level":"info","message":"POST /api/auth/logout - ::1","service":"inventory-api","timestamp":"2026-06-29T01:31:23.259Z"}
{"level":"info","message":"POST /api/auth/logout - ::1","service":"inventory-api","timestamp":"2026-06-29T01:31:23.264Z"}
{"level":"info","message":"POST /api/auth/logout - ::1","service":"inventory-api","timestamp":"2026-06-29T01:31:23.269Z"}
{"level":"info","message":"POST /api/auth/logout - ::1","service":"inventory-api","timestamp":"2026-06-29T01:31:23.274Z"}
{"level":"info","message":"POST /api/auth/logout - ::1","service":"inventory-api","timestamp":"2026-06-29T01:31:23.280Z"}
{"level":"info","message":"POST /api/auth/logout - ::1","service":"inventory-api","timestamp":"2026-06-29T01:31:23.285Z"}
{"level":"info","message":"POST /api/auth/logout - ::1","service":"inventory-api","timestamp":"2026-06-29T01:31:23.291Z"}
{"level":"info","message":"POST /api/auth/logout - ::1","service":"inventory-api","timestamp":"2026-06-29T01:31:23.297Z"}
{"level":"info","message":"POST /api/auth/logout - ::1","service":"inventory-api","timestamp":"2026-06-29T01:31:23.301Z"}
{"level":"info","message":"POST /api/auth/logout - ::1","service":"inventory-api","timestamp":"2026-06-29T01:31:23.307Z"}
{"level":"info","message":"POST /api/auth/logout - ::1","service":"inventory-api","timestamp":"2026-06-29T01:31:23.313Z"}
{"level":"info","message":"POST /api/auth/logout - ::1","service":"inventory-api","timestamp":"2026-06-29T01:31:23.318Z"}
{"level":"info","message":"POST /api/auth/logout - ::1","service":"inventory-api","timestamp":"2026-06-29T01:31:23.324Z"}
{"level":"info","message":"POST /api/auth/logout - ::1","service":"inventory-api","timestamp":"2026-06-29T01:31:23.329Z"}
{"level":"info","message":"POST /api/auth/logout - ::1","service":"inventory-api","timestamp":"2026-06-29T01:31:23.334Z"}
{"level":"info","message":"POST /api/auth/logout - ::1","service":"inventory-api","timestamp":"2026-06-29T01:31:23.340Z"}
{"level":"info","message":"POST /api/auth/logout - ::1","service":"inventory-api","timestamp":"2026-06-29T01:31:23.346Z"}
{"level":"info","message":"POST /api/auth/logout - ::1","service":"inventory-api","timestamp":"2026-06-29T01:31:23.351Z"}
{"level":"info","message":"POST /api/auth/logout - ::1","service":"inventory-api","timestamp":"2026-06-29T01:31:23.356Z"}
{"level":"info","message":"POST /api/auth/logout - ::1","service":"inventory-api","timestamp":"2026-06-29T01:31:23.362Z"}
{"level":"info","message":"POST /api/auth/logout - ::1","service":"inventory-api","timestamp":"2026-06-29T01:31:23.367Z"}
{"level":"info","message":"POST /api/auth/logout - ::1","service":"inventory-api","timestamp":"2026-06-29T01:31:23.372Z"}
{"level":"info","message":"POST /api/auth/logout - ::1","service":"inventory-api","timestamp":"2026-06-29T01:31:23.379Z"}
{"level":"info","message":"POST /api/auth/logout - ::1","service":"inventory-api","timestamp":"2026-06-29T01:31:23.384Z"}
{"level":"info","message":"POST /api/auth/logout - ::1","service":"inventory-api","timestamp":"2026-06-29T01:31:23.389Z"}
{"level":"info","message":"POST /api/auth/logout - ::1","service":"inventory-api","timestamp":"2026-06-29T01:31:23.396Z"}
{"level":"info","message":"POST /api/auth/logout - ::1","service":"inventory-api","timestamp":"2026-06-29T01:31:23.401Z"}
{"level":"info","message":"POST /api/auth/logout - ::1","service":"inventory-api","timestamp":"2026-06-29T01:31:23.407Z"}
{"level":"info","message":"POST /api/auth/logout - ::1","service":"inventory-api","timestamp":"2026-06-29T01:31:23.413Z"}
{"level":"info","message":"POST /api/auth/logout - ::1","service":"inventory-api","timestamp":"2026-06-29T01:31:23.418Z"}
{"level":"info","message":"POST /api/auth/logout - ::1","service":"inventory-api","timestamp":"2026-06-29T01:31:23.425Z"}
{"level":"info","message":"POST /api/auth/logout - ::1","service":"inventory-api","timestamp":"2026-06-29T01:31:23.430Z"}
{"level":"info","message":"POST /api/auth/logout - ::1","service":"inventory-api","timestamp":"2026-06-29T01:31:23.435Z"}
{"level":"info","message":"POST /api/auth/logout - ::1","service":"inventory-api","timestamp":"2026-06-29T01:31:23.441Z"}
{"level":"info","message":"POST /api/auth/logout - ::1","service":"inventory-api","timestamp":"2026-06-29T01:31:23.447Z"}
{"level":"info","message":"POST /api/auth/logout - ::1","service":"inventory-api","timestamp":"2026-06-29T01:31:23.452Z"}
{"level":"info","message":"POST /api/auth/logout - ::1","service":"inventory-api","timestamp":"2026-06-29T01:31:23.457Z"}
{"level":"info","message":"POST /api/auth/logout - ::1","service":"inventory-api","timestamp":"2026-06-29T01:31:23.463Z"}
{"level":"info","message":"POST /api/auth/logout - ::1","service":"inventory-api","timestamp":"2026-06-29T01:31:23.470Z"}
{"level":"info","message":"POST /api/auth/logout - ::1","service":"inventory-api","timestamp":"2026-06-29T01:31:23.476Z"}
{"level":"info","message":"POST /api/auth/logout - ::1","service":"inventory-api","timestamp":"2026-06-29T01:31:23.481Z"}
{"level":"info","message":"POST /api/auth/logout - ::1","service":"inventory-api","timestamp":"2026-06-29T01:31:23.486Z"}
{"level":"info","message":"POST /api/auth/logout - ::1","service":"inventory-api","timestamp":"2026-06-29T01:31:23.492Z"}
{"level":"info","message":"POST /api/auth/logout - ::1","service":"inventory-api","timestamp":"2026-06-29T01:31:23.498Z"}
{"level":"info","message":"POST /api/auth/logout - ::1","service":"inventory-api","timestamp":"2026-06-29T01:31:23.503Z"}
{"level":"info","message":"POST /api/auth/logout - ::1","service":"inventory-api","timestamp":"2026-06-29T01:31:23.509Z"}
{"level":"info","message":"POST /api/auth/logout - ::1","service":"inventory-api","timestamp":"2026-06-29T01:31:23.514Z"}
{"level":"info","message":"POST /api/auth/logout - ::1","service":"inventory-api","timestamp":"2026-06-29T01:31:23.519Z"}
{"level":"info","message":"POST /api/auth/logout - ::1","service":"inventory-api","timestamp":"2026-06-29T01:31:23.526Z"}
{"level":"info","message":"POST /api/auth/logout - ::1","service":"inventory-api","timestamp":"2026-06-29T01:31:23.531Z"}
{"level":"info","message":"POST /api/auth/logout - ::1","service":"inventory-api","timestamp":"2026-06-29T01:31:23.536Z"}
{"level":"info","message":"POST /api/auth/logout - ::1","service":"inventory-api","timestamp":"2026-06-29T01:31:23.543Z"}
{"level":"info","message":"POST /api/auth/logout - ::1","service":"inventory-api","timestamp":"2026-06-29T01:31:23.548Z"}
{"level":"info","message":"POST /api/auth/logout - ::1","service":"inventory-api","timestamp":"2026-06-29T01:31:23.553Z"}
{"level":"info","message":"POST /api/auth/logout - ::1","service":"inventory-api","timestamp":"2026-06-29T01:31:23.559Z"}
{"level":"info","message":"POST /api/auth/logout - ::1","service":"inventory-api","timestamp":"2026-06-29T01:31:23.565Z"}
{"level":"info","message":"POST /api/auth/logout - ::1","service":"inventory-api","timestamp":"2026-06-29T01:31:23.570Z"}
{"level":"info","message":"POST /api/auth/logout - ::1","service":"inventory-api","timestamp":"2026-06-29T01:31:23.576Z"}
{"level":"info","message":"POST /api/auth/logout - ::1","service":"inventory-api","timestamp":"2026-06-29T01:31:23.581Z"}
{"level":"info","message":"POST /api/auth/logout - ::1","service":"inventory-api","timestamp":"2026-06-29T01:31:23.586Z"}
{"level":"info","message":"POST /api/auth/logout - ::1","service":"inventory-api","timestamp":"2026-06-29T01:31:23.593Z"}
{"level":"info","message":"POST /api/auth/logout - ::1","service":"inventory-api","timestamp":"2026-06-29T01:31:23.597Z"}
{"level":"info","message":"POST /api/auth/logout - ::1","service":"inventory-api","timestamp":"2026-06-29T01:31:23.602Z"}
{"level":"info","message":"POST /api/auth/logout - ::1","service":"inventory-api","timestamp":"2026-06-29T01:31:23.609Z"}
{"level":"info","message":"POST /api/auth/logout - ::1","service":"inventory-api","timestamp":"2026-06-29T01:31:23.614Z"}
{"level":"info","message":"POST /api/auth/logout - ::1","service":"inventory-api","timestamp":"2026-06-29T01:31:23.619Z"}
{"level":"info","message":"POST /api/auth/logout - ::1","service":"inventory-api","timestamp":"2026-06-29T01:31:23.625Z"}
{"level":"info","message":"POST /api/auth/logout - ::1","service":"inventory-api","timestamp":"2026-06-29T01:31:23.630Z"}
{"level":"info","message":"POST /api/auth/logout - ::1","service":"inventory-api","timestamp":"2026-06-29T01:31:23.635Z"}
{"level":"info","message":"POST /api/auth/logout - ::1","service":"inventory-api","timestamp":"2026-06-29T01:31:23.640Z"}
{"level":"info","message":"POST /api/auth/logout - ::1","service":"inventory-api","timestamp":"2026-06-29T01:31:23.647Z"}
{"level":"info","message":"POST /api/auth/logout - ::1","service":"inventory-api","timestamp":"2026-06-29T01:31:23.651Z"}
{"level":"info","message":"POST /api/auth/logout - ::1","service":"inventory-api","timestamp":"2026-06-29T01:31:23.657Z"}
{"level":"info","message":"POST /api/auth/logout - ::1","service":"inventory-api","timestamp":"2026-06-29T01:31:23.663Z"}
{"level":"info","message":"POST /api/auth/logout - ::1","service":"inventory-api","timestamp":"2026-06-29T01:31:23.668Z"}
{"level":"info","message":"POST /api/auth/logout - ::1","service":"inventory-api","timestamp":"2026-06-29T01:31:23.673Z"}
{"level":"info","message":"POST /api/auth/logout - ::1","service":"inventory-api","timestamp":"2026-06-29T01:31:23.679Z"}
{"level":"info","message":"POST /api/auth/logout - ::1","service":"inventory-api","timestamp":"2026-06-29T01:31:23.684Z"}
{"level":"info","message":"POST /api/auth/logout - ::1","service":"inventory-api","timestamp":"2026-06-29T01:31:23.690Z"}
{"level":"info","message":"POST /api/auth/logout - ::1","service":"inventory-api","timestamp":"2026-06-29T01:31:23.695Z"}
{"level":"info","message":"POST /api/auth/logout - ::1","service":"inventory-api","timestamp":"2026-06-29T01:31:23.701Z"}
{"level":"info","message":"POST /api/auth/logout - ::1","service":"inventory-api","timestamp":"2026-06-29T01:31:23.706Z"}
{"level":"info","message":"POST /api/auth/logout - ::1","service":"inventory-api","timestamp":"2026-06-29T01:31:23.713Z"}
{"level":"info","message":"POST /api/auth/logout - ::1","service":"inventory-api","timestamp":"2026-06-29T01:31:23.718Z"}
{"level":"info","message":"POST /api/auth/logout - ::1","service":"inventory-api","timestamp":"2026-06-29T01:31:23.725Z"}
{"level":"info","message":"POST /api/auth/logout - ::1","service":"inventory-api","timestamp":"2026-06-29T01:31:23.730Z"}
{"level":"info","message":"POST /api/auth/logout - ::1","service":"inventory-api","timestamp":"2026-06-29T01:31:23.735Z"}
{"level":"info","message":"POST /api/auth/logout - ::1","service":"inventory-api","timestamp":"2026-06-29T01:31:23.741Z"}
{"level":"info","message":"POST /api/auth/logout - ::1","service":"inventory-api","timestamp":"2026-06-29T01:31:23.746Z"}
{"level":"info","message":"POST /api/auth/logout - ::1","service":"inventory-api","timestamp":"2026-06-29T01:31:23.752Z"}
{"level":"info","message":"POST /api/auth/logout - ::1","service":"inventory-api","timestamp":"2026-06-29T01:31:23.758Z"}
{"level":"info","message":"POST /api/auth/logout - ::1","service":"inventory-api","timestamp":"2026-06-29T01:31:23.764Z"}
{"level":"info","message":"POST /api/auth/logout - ::1","service":"inventory-api","timestamp":"2026-06-29T01:31:23.769Z"}
{"level":"info","message":"POST /api/auth/logout - ::1","service":"inventory-api","timestamp":"2026-06-29T01:31:23.775Z"}
{"level":"info","message":"POST /api/auth/logout - ::1","service":"inventory-api","timestamp":"2026-06-29T01:31:23.780Z"}
{"level":"info","message":"POST /api/auth/logout - ::1","service":"inventory-api","timestamp":"2026-06-29T01:31:23.785Z"}
{"level":"info","message":"POST /api/auth/logout - ::1","service":"inventory-api","timestamp":"2026-06-29T01:31:23.792Z"}
{"level":"info","message":"POST /api/auth/logout - ::1","service":"inventory-api","timestamp":"2026-06-29T01:31:23.798Z"}
{"level":"info","message":"POST /api/auth/logout - ::1","service":"inventory-api","timestamp":"2026-06-29T01:31:23.804Z"}
{"level":"info","message":"POST /api/auth/logout - ::1","service":"inventory-api","timestamp":"2026-06-29T01:31:23.812Z"}
{"level":"info","message":"POST /api/auth/logout - ::1","service":"inventory-api","timestamp":"2026-06-29T01:31:23.817Z"}
{"level":"info","message":"POST /api/auth/logout - ::1","service":"inventory-api","timestamp":"2026-06-29T01:31:23.823Z"}
{"level":"info","message":"POST /api/auth/logout - ::1","service":"inventory-api","timestamp":"2026-06-29T01:31:23.828Z"}
{"level":"info","message":"POST /api/auth/logout - ::1","service":"inventory-api","timestamp":"2026-06-29T01:31:23.833Z"}
{"level":"info","message":"POST /api/auth/logout - ::1","service":"inventory-api","timestamp":"2026-06-29T01:31:23.838Z"}
{"level":"info","message":"POST /api/auth/logout - ::1","service":"inventory-api","timestamp":"2026-06-29T01:31:23.845Z"}
{"level":"info","message":"POST /api/auth/logout - ::1","service":"inventory-api","timestamp":"2026-06-29T01:31:23.850Z"}
{"level":"info","message":"POST /api/auth/logout - ::1","service":"inventory-api","timestamp":"2026-06-29T01:31:23.855Z"}
{"level":"info","message":"POST /api/auth/logout - ::1","service":"inventory-api","timestamp":"2026-06-29T01:31:23.861Z"}
{"level":"info","message":"POST /api/auth/logout - ::1","service":"inventory-api","timestamp":"2026-06-29T01:31:23.866Z"}
{"level":"info","message":"POST /api/auth/logout - ::1","service":"inventory-api","timestamp":"2026-06-29T01:31:23.871Z"}
{"level":"info","message":"POST /api/auth/logout - ::1","service":"inventory-api","timestamp":"2026-06-29T01:31:23.879Z"}
{"level":"info","message":"POST /api/auth/logout - ::1","service":"inventory-api","timestamp":"2026-06-29T01:31:23.884Z"}
{"level":"info","message":"POST /api/auth/logout - ::1","service":"inventory-api","timestamp":"2026-06-29T01:31:23.890Z"}
{"level":"info","message":"POST /api/auth/logout - ::1","service":"inventory-api","timestamp":"2026-06-29T01:31:23.896Z"}
{"level":"info","message":"POST /api/auth/logout - ::1","service":"inventory-api","timestamp":"2026-06-29T01:31:23.901Z"}
{"level":"info","message":"POST /api/auth/logout - ::1","service":"inventory-api","timestamp":"2026-06-29T01:31:23.907Z"}
{"level":"info","message":"POST /api/auth/logout - ::1","service":"inventory-api","timestamp":"2026-06-29T01:31:23.913Z"}
{"level":"info","message":"POST /api/auth/logout - ::1","service":"inventory-api","timestamp":"2026-06-29T01:31:23.918Z"}
{"level":"info","message":"POST /api/auth/logout - ::1","service":"inventory-api","timestamp":"2026-06-29T01:31:23.924Z"}
{"level":"info","message":"POST /api/auth/logout - ::1","service":"inventory-api","timestamp":"2026-06-29T01:31:23.929Z"}
{"level":"info","message":"POST /api/auth/logout - ::1","service":"inventory-api","timestamp":"2026-06-29T01:31:23.934Z"}
{"level":"info","message":"POST /api/auth/logout - ::1","service":"inventory-api","timestamp":"2026-06-29T01:31:23.940Z"}
{"level":"info","message":"POST /api/auth/logout - ::1","service":"inventory-api","timestamp":"2026-06-29T01:31:23.946Z"}
{"level":"info","message":"POST /api/auth/logout - ::1","service":"inventory-api","timestamp":"2026-06-29T01:31:23.953Z"}
{"level":"info","message":"POST /api/auth/logout - ::1","service":"inventory-api","timestamp":"2026-06-29T01:31:23.963Z"}
{"level":"info","message":"POST /api/auth/logout - ::1","service":"inventory-api","timestamp":"2026-06-29T01:31:23.968Z"}
{"level":"info","message":"POST /api/auth/logout - ::1","service":"inventory-api","timestamp":"2026-06-29T01:31:23.974Z"}
{"level":"info","message":"POST /api/auth/logout - ::1","service":"inventory-api","timestamp":"2026-06-29T01:31:23.980Z"}
{"level":"info","message":"POST /api/auth/logout - ::1","service":"inventory-api","timestamp":"2026-06-29T01:31:23.986Z"}
{"level":"info","message":"POST /api/auth/logout - ::1","service":"inventory-api","timestamp":"2026-06-29T01:31:23.994Z"}
{"level":"info","message":"POST /api/auth/logout - ::1","service":"inventory-api","timestamp":"2026-06-29T01:31:23.999Z"}
{"level":"info","message":"POST /api/auth/logout - ::1","service":"inventory-api","timestamp":"2026-06-29T01:31:24.004Z"}
{"level":"info","message":"POST /api/auth/logout - ::1","service":"inventory-api","timestamp":"2026-06-29T01:31:24.011Z"}
{"level":"info","message":"POST /api/auth/logout - ::1","service":"inventory-api","timestamp":"2026-06-29T01:31:24.016Z"}
{"level":"info","message":"POST /api/auth/logout - ::1","service":"inventory-api","timestamp":"2026-06-29T01:31:24.021Z"}
{"level":"info","message":"POST /api/auth/logout - ::1","service":"inventory-api","timestamp":"2026-06-29T01:31:24.029Z"}
{"level":"info","message":"POST /api/auth/logout - ::1","service":"inventory-api","timestamp":"2026-06-29T01:31:24.034Z"}
{"level":"info","message":"POST /api/auth/logout - ::1","service":"inventory-api","timestamp":"2026-06-29T01:31:24.040Z"}
{"level":"info","message":"POST /api/auth/logout - ::1","service":"inventory-api","timestamp":"2026-06-29T01:31:24.047Z"}
{"level":"info","message":"POST /api/auth/logout - ::1","service":"inventory-api","timestamp":"2026-06-29T01:31:24.052Z"}
{"level":"info","message":"POST /api/auth/logout - ::1","service":"inventory-api","timestamp":"2026-06-29T01:31:24.058Z"}
{"level":"info","message":"POST /api/auth/logout - ::1","service":"inventory-api","timestamp":"2026-06-29T01:31:24.064Z"}
{"level":"info","message":"POST /api/auth/logout - ::1","service":"inventory-api","timestamp":"2026-06-29T01:31:24.069Z"}
{"level":"info","message":"POST /api/auth/logout - ::1","service":"inventory-api","timestamp":"2026-06-29T01:31:24.076Z"}
{"level":"info","message":"POST /api/auth/logout - ::1","service":"inventory-api","timestamp":"2026-06-29T01:31:24.081Z"}
{"level":"info","message":"POST /api/auth/logout - ::1","service":"inventory-api","timestamp":"2026-06-29T01:31:24.086Z"}
{"level":"info","message":"POST /api/auth/logout - ::1","service":"inventory-api","timestamp":"2026-06-29T01:31:24.093Z"}
{"level":"info","message":"POST /api/auth/logout - ::1","service":"inventory-api","timestamp":"2026-06-29T01:31:24.098Z"}
{"level":"info","message":"POST /api/auth/logout - ::1","service":"inventory-api","timestamp":"2026-06-29T01:31:24.104Z"}
{"level":"info","message":"POST /api/auth/logout - ::1","service":"inventory-api","timestamp":"2026-06-29T01:31:24.110Z"}
{"level":"info","message":"POST /api/auth/logout - ::1","service":"inventory-api","timestamp":"2026-06-29T01:31:24.116Z"}
{"level":"info","message":"POST /api/auth/logout - ::1","service":"inventory-api","timestamp":"2026-06-29T01:31:24.121Z"}
{"level":"info","message":"POST /api/auth/logout - ::1","service":"inventory-api","timestamp":"2026-06-29T01:31:24.128Z"}
{"level":"info","message":"POST /api/auth/logout - ::1","service":"inventory-api","timestamp":"2026-06-29T01:31:24.133Z"}
{"level":"info","message":"POST /api/auth/logout - ::1","service":"inventory-api","timestamp":"2026-06-29T01:31:24.138Z"}
{"level":"info","message":"POST /api/auth/logout - ::1","service":"inventory-api","timestamp":"2026-06-29T01:31:24.146Z"}
{"level":"info","message":"POST /api/auth/logout - ::1","service":"inventory-api","timestamp":"2026-06-29T01:31:24.152Z"}
{"level":"info","message":"POST /api/auth/logout - ::1","service":"inventory-api","timestamp":"2026-06-29T01:31:24.158Z"}
{"level":"info","message":"POST /api/auth/logout - ::1","service":"inventory-api","timestamp":"2026-06-29T01:31:24.164Z"}
{"level":"info","message":"POST /api/auth/logout - ::1","service":"inventory-api","timestamp":"2026-06-29T01:31:24.169Z"}
{"level":"info","message":"POST /api/auth/logout - ::1","service":"inventory-api","timestamp":"2026-06-29T01:31:24.198Z"}
{"level":"info","message":"POST /api/auth/logout - ::1","service":"inventory-api","timestamp":"2026-06-29T01:31:24.204Z"}
{"level":"info","message":"POST /api/auth/logout - ::1","service":"inventory-api","timestamp":"2026-06-29T01:31:24.212Z"}
{"level":"info","message":"POST /api/auth/logout - ::1","service":"inventory-api","timestamp":"2026-06-29T01:31:24.219Z"}
{"level":"info","message":"POST /api/auth/logout - ::1","service":"inventory-api","timestamp":"2026-06-29T01:31:24.226Z"}
{"level":"info","message":"POST /api/auth/logout - ::1","service":"inventory-api","timestamp":"2026-06-29T01:31:24.231Z"}
{"level":"info","message":"POST /api/auth/logout - ::1","service":"inventory-api","timestamp":"2026-06-29T01:31:24.236Z"}
{"level":"info","message":"POST /api/auth/logout - ::1","service":"inventory-api","timestamp":"2026-06-29T01:31:24.243Z"}
{"level":"info","message":"POST /api/auth/logout - ::1","service":"inventory-api","timestamp":"2026-06-29T01:31:24.249Z"}
{"level":"info","message":"POST /api/auth/logout - ::1","service":"inventory-api","timestamp":"2026-06-29T01:31:24.253Z"}
{"level":"info","message":"POST /api/auth/logout - ::1","service":"inventory-api","timestamp":"2026-06-29T01:31:24.261Z"}
{"level":"info","message":"POST /api/auth/logout - ::1","service":"inventory-api","timestamp":"2026-06-29T01:31:24.266Z"}
{"level":"info","message":"POST /api/auth/logout - ::1","service":"inventory-api","timestamp":"2026-06-29T01:31:24.271Z"}
{"level":"info","message":"POST /api/auth/logout - ::1","service":"inventory-api","timestamp":"2026-06-29T01:31:24.277Z"}
{"level":"info","message":"POST /api/auth/logout - ::1","service":"inventory-api","timestamp":"2026-06-29T01:31:24.282Z"}
{"level":"info","message":"POST /api/auth/logout - ::1","service":"inventory-api","timestamp":"2026-06-29T01:31:24.287Z"}
{"level":"info","message":"POST /api/auth/logout - ::1","service":"inventory-api","timestamp":"2026-06-29T01:31:24.293Z"}
{"level":"info","message":"POST /api/auth/logout - ::1","service":"inventory-api","timestamp":"2026-06-29T01:31:24.298Z"}
{"level":"info","message":"POST /api/auth/logout - ::1","service":"inventory-api","timestamp":"2026-06-29T01:31:24.303Z"}
{"level":"info","message":"POST /api/auth/logout - ::1","service":"inventory-api","timestamp":"2026-06-29T01:31:24.309Z"}
{"level":"info","message":"POST /api/auth/logout - ::1","service":"inventory-api","timestamp":"2026-06-29T01:31:24.315Z"}
{"level":"info","message":"POST /api/auth/logout - ::1","service":"inventory-api","timestamp":"2026-06-29T01:31:24.320Z"}
{"level":"info","message":"POST /api/auth/logout - ::1","service":"inventory-api","timestamp":"2026-06-29T01:31:24.327Z"}
{"level":"info","message":"POST /api/auth/logout - ::1","service":"inventory-api","timestamp":"2026-06-29T01:31:24.332Z"}
{"level":"info","message":"POST /api/auth/logout - ::1","service":"inventory-api","timestamp":"2026-06-29T01:31:24.337Z"}
{"level":"info","message":"POST /api/auth/logout - ::1","service":"inventory-api","timestamp":"2026-06-29T01:31:24.344Z"}
{"level":"info","message":"POST /api/auth/logout - ::1","service":"inventory-api","timestamp":"2026-06-29T01:31:24.349Z"}
{"level":"info","message":"POST /api/auth/logout - ::1","service":"inventory-api","timestamp":"2026-06-29T01:31:24.355Z"}
{"level":"info","message":"POST /api/auth/logout - ::1","service":"inventory-api","timestamp":"2026-06-29T01:31:24.362Z"}
{"level":"info","message":"POST /api/auth/logout - ::1","service":"inventory-api","timestamp":"2026-06-29T01:31:24.367Z"}
{"level":"info","message":"POST /api/auth/logout - ::1","service":"inventory-api","timestamp":"2026-06-29T01:31:24.372Z"}
{"level":"info","message":"POST /api/auth/logout - ::1","service":"inventory-api","timestamp":"2026-06-29T01:31:24.379Z"}
{"level":"info","message":"POST /api/auth/logout - ::1","service":"inventory-api","timestamp":"2026-06-29T01:31:24.384Z"}
{"level":"info","message":"POST /api/auth/logout - ::1","service":"inventory-api","timestamp":"2026-06-29T01:31:24.390Z"}
{"level":"info","message":"POST /api/auth/logout - ::1","service":"inventory-api","timestamp":"2026-06-29T01:31:24.396Z"}
{"level":"info","message":"POST /api/auth/logout - ::1","service":"inventory-api","timestamp":"2026-06-29T01:31:24.401Z"}
{"level":"info","message":"POST /api/auth/logout - ::1","service":"inventory-api","timestamp":"2026-06-29T01:31:24.406Z"}
{"level":"info","message":"POST /api/auth/logout - ::1","service":"inventory-api","timestamp":"2026-06-29T01:31:24.413Z"}
{"level":"info","message":"POST /api/auth/logout - ::1","service":"inventory-api","timestamp":"2026-06-29T01:31:24.417Z"}
{"level":"info","message":"POST /api/auth/logout - ::1","service":"inventory-api","timestamp":"2026-06-29T01:31:24.424Z"}
{"level":"info","message":"POST /api/auth/logout - ::1","service":"inventory-api","timestamp":"2026-06-29T01:31:24.430Z"}
{"level":"info","message":"POST /api/auth/logout - ::1","service":"inventory-api","timestamp":"2026-06-29T01:31:24.435Z"}
{"level":"info","message":"POST /api/auth/logout - ::1","service":"inventory-api","timestamp":"2026-06-29T01:31:24.442Z"}
{"level":"info","message":"POST /api/auth/logout - ::1","service":"inventory-api","timestamp":"2026-06-29T01:31:24.447Z"}
{"level":"info","message":"POST /api/auth/logout - ::1","service":"inventory-api","timestamp":"2026-06-29T01:31:24.452Z"}
{"level":"info","message":"POST /api/auth/logout - ::1","service":"inventory-api","timestamp":"2026-06-29T01:31:24.459Z"}
{"level":"info","message":"POST /api/auth/logout - ::1","service":"inventory-api","timestamp":"2026-06-29T01:31:24.464Z"}
{"level":"info","message":"POST /api/auth/logout - ::1","service":"inventory-api","timestamp":"2026-06-29T01:31:24.469Z"}
{"level":"info","message":"POST /api/auth/logout - ::1","service":"inventory-api","timestamp":"2026-06-29T01:31:24.475Z"}
{"level":"info","message":"POST /api/auth/logout - ::1","service":"inventory-api","timestamp":"2026-06-29T01:31:24.480Z"}
{"level":"info","message":"POST /api/auth/logout - ::1","service":"inventory-api","timestamp":"2026-06-29T01:31:24.485Z"}
{"level":"info","message":"POST /api/auth/logout - ::1","service":"inventory-api","timestamp":"2026-06-29T01:31:24.493Z"}
{"level":"info","message":"POST /api/auth/logout - ::1","service":"inventory-api","timestamp":"2026-06-29T01:31:24.498Z"}
{"level":"info","message":"POST /api/auth/logout - ::1","service":"inventory-api","timestamp":"2026-06-29T01:31:24.503Z"}
{"level":"info","message":"POST /api/auth/logout - ::1","service":"inventory-api","timestamp":"2026-06-29T01:31:24.513Z"}
{"level":"info","message":"POST /api/auth/logout - ::1","service":"inventory-api","timestamp":"2026-06-29T01:31:24.517Z"}
{"level":"info","message":"POST /api/auth/logout - ::1","service":"inventory-api","timestamp":"2026-06-29T01:31:24.524Z"}
{"level":"info","message":"POST /api/auth/logout - ::1","service":"inventory-api","timestamp":"2026-06-29T01:31:24.530Z"}
{"level":"info","message":"POST /api/auth/logout - ::1","service":"inventory-api","timestamp":"2026-06-29T01:31:24.534Z"}
{"level":"info","message":"POST /api/auth/logout - ::1","service":"inventory-api","timestamp":"2026-06-29T01:31:24.540Z"}
{"level":"info","message":"POST /api/auth/logout - ::1","service":"inventory-api","timestamp":"2026-06-29T01:31:24.547Z"}
{"level":"info","message":"POST /api/auth/logout - ::1","service":"inventory-api","timestamp":"2026-06-29T01:31:24.552Z"}
{"level":"info","message":"POST /api/auth/logout - ::1","service":"inventory-api","timestamp":"2026-06-29T01:31:24.558Z"}
{"level":"info","message":"POST /api/auth/logout - ::1","service":"inventory-api","timestamp":"2026-06-29T01:31:24.563Z"}
{"level":"info","message":"POST /api/auth/logout - ::1","service":"inventory-api","timestamp":"2026-06-29T01:31:24.568Z"}
{"level":"info","message":"POST /api/auth/logout - ::1","service":"inventory-api","timestamp":"2026-06-29T01:31:24.574Z"}
{"level":"info","message":"POST /api/auth/logout - ::1","service":"inventory-api","timestamp":"2026-06-29T01:31:24.580Z"}
{"level":"info","message":"POST /api/auth/logout - ::1","service":"inventory-api","timestamp":"2026-06-29T01:31:24.585Z"}
{"level":"info","message":"POST /api/auth/logout - ::1","service":"inventory-api","timestamp":"2026-06-29T01:31:24.590Z"}
{"level":"info","message":"POST /api/auth/logout - ::1","service":"inventory-api","timestamp":"2026-06-29T01:31:24.596Z"}
{"level":"info","message":"POST /api/auth/logout - ::1","service":"inventory-api","timestamp":"2026-06-29T01:31:24.601Z"}
{"level":"info","message":"POST /api/auth/logout - ::1","service":"inventory-api","timestamp":"2026-06-29T01:31:24.606Z"}
{"level":"info","message":"POST /api/auth/logout - ::1","service":"inventory-api","timestamp":"2026-06-29T01:31:24.612Z"}
{"level":"info","message":"POST /api/auth/logout - ::1","service":"inventory-api","timestamp":"2026-06-29T01:31:24.617Z"}
{"level":"info","message":"POST /api/auth/logout - ::1","service":"inventory-api","timestamp":"2026-06-29T01:31:24.623Z"}
{"level":"info","message":"POST /api/auth/logout - ::1","service":"inventory-api","timestamp":"2026-06-29T01:31:24.628Z"}
{"level":"info","message":"POST /api/auth/logout - ::1","service":"inventory-api","timestamp":"2026-06-29T01:31:24.633Z"}
{"level":"info","message":"POST /api/auth/logout - ::1","service":"inventory-api","timestamp":"2026-06-29T01:31:24.638Z"}
{"level":"info","message":"POST /api/auth/logout - ::1","service":"inventory-api","timestamp":"2026-06-29T01:31:24.645Z"}
{"level":"info","message":"POST /api/auth/logout - ::1","service":"inventory-api","timestamp":"2026-06-29T01:31:24.650Z"}
{"level":"info","message":"POST /api/auth/logout - ::1","service":"inventory-api","timestamp":"2026-06-29T01:31:24.655Z"}
{"level":"info","message":"POST /api/auth/logout - ::1","service":"inventory-api","timestamp":"2026-06-29T01:31:24.661Z"}
{"level":"info","message":"POST /api/auth/logout - ::1","service":"inventory-api","timestamp":"2026-06-29T01:31:24.666Z"}
{"level":"info","message":"POST /api/auth/logout - ::1","service":"inventory-api","timestamp":"2026-06-29T01:31:24.671Z"}
{"level":"info","message":"POST /api/auth/logout - ::1","service":"inventory-api","timestamp":"2026-06-29T01:31:24.678Z"}
{"level":"info","message":"POST /api/auth/logout - ::1","service":"inventory-api","timestamp":"2026-06-29T01:31:24.683Z"}
{"level":"info","message":"POST /api/auth/logout - ::1","service":"inventory-api","timestamp":"2026-06-29T01:31:24.688Z"}
{"level":"info","message":"POST /api/auth/logout - ::1","service":"inventory-api","timestamp":"2026-06-29T01:31:24.694Z"}
{"level":"info","message":"POST /api/auth/logout - ::1","service":"inventory-api","timestamp":"2026-06-29T01:31:24.699Z"}
{"level":"info","message":"POST /api/auth/logout - ::1","service":"inventory-api","timestamp":"2026-06-29T01:31:24.704Z"}
{"level":"info","message":"POST /api/auth/logout - ::1","service":"inventory-api","timestamp":"2026-06-29T01:31:24.711Z"}
{"level":"info","message":"POST /api/auth/logout - ::1","service":"inventory-api","timestamp":"2026-06-29T01:31:24.716Z"}
{"level":"info","message":"POST /api/auth/logout - ::1","service":"inventory-api","timestamp":"2026-06-29T01:31:24.721Z"}
{"level":"info","message":"POST /api/auth/logout - ::1","service":"inventory-api","timestamp":"2026-06-29T01:31:24.728Z"}
{"level":"info","message":"POST /api/auth/logout - ::1","service":"inventory-api","timestamp":"2026-06-29T01:31:24.733Z"}
{"level":"info","message":"POST /api/auth/logout - ::1","service":"inventory-api","timestamp":"2026-06-29T01:31:24.737Z"}
{"level":"info","message":"POST /api/auth/logout - ::1","service":"inventory-api","timestamp":"2026-06-29T01:31:24.744Z"}
{"level":"info","message":"POST /api/auth/logout - ::1","service":"inventory-api","timestamp":"2026-06-29T01:31:24.749Z"}
{"level":"info","message":"POST /api/auth/logout - ::1","service":"inventory-api","timestamp":"2026-06-29T01:31:24.754Z"}
{"level":"info","message":"POST /api/auth/logout - ::1","service":"inventory-api","timestamp":"2026-06-29T01:31:24.761Z"}
{"level":"info","message":"POST /api/auth/logout - ::1","service":"inventory-api","timestamp":"2026-06-29T01:31:24.766Z"}
{"level":"info","message":"POST /api/auth/logout - ::1","service":"inventory-api","timestamp":"2026-06-29T01:31:24.771Z"}
{"level":"info","message":"POST /api/auth/logout - ::1","service":"inventory-api","timestamp":"2026-06-29T01:31:24.778Z"}
{"level":"info","message":"POST /api/auth/logout - ::1","service":"inventory-api","timestamp":"2026-06-29T01:31:24.783Z"}
{"level":"info","message":"POST /api/auth/logout - ::1","service":"inventory-api","timestamp":"2026-06-29T01:31:24.788Z"}
{"level":"info","message":"POST /api/auth/logout - ::1","service":"inventory-api","timestamp":"2026-06-29T01:31:24.795Z"}
{"level":"info","message":"POST /api/auth/logout - ::1","service":"inventory-api","timestamp":"2026-06-29T01:31:24.801Z"}
{"level":"info","message":"POST /api/auth/logout - ::1","service":"inventory-api","timestamp":"2026-06-29T01:31:24.806Z"}
{"level":"info","message":"POST /api/auth/logout - ::1","service":"inventory-api","timestamp":"2026-06-29T01:31:24.812Z"}
{"level":"info","message":"POST /api/auth/logout - ::1","service":"inventory-api","timestamp":"2026-06-29T01:31:24.817Z"}
{"level":"info","message":"POST /api/auth/logout - ::1","service":"inventory-api","timestamp":"2026-06-29T01:31:24.823Z"}
{"level":"info","message":"POST /api/auth/logout - ::1","service":"inventory-api","timestamp":"2026-06-29T01:31:24.830Z"}
{"level":"info","message":"POST /api/auth/logout - ::1","service":"inventory-api","timestamp":"2026-06-29T01:31:24.836Z"}
{"level":"info","message":"POST /api/auth/logout - ::1","service":"inventory-api","timestamp":"2026-06-29T01:31:24.846Z"}
{"level":"info","message":"POST /api/auth/logout - ::1","service":"inventory-api","timestamp":"2026-06-29T01:31:24.853Z"}
{"level":"info","message":"POST /api/auth/logout - ::1","service":"inventory-api","timestamp":"2026-06-29T01:31:24.865Z"}
{"level":"info","message":"POST /api/auth/logout - ::1","service":"inventory-api","timestamp":"2026-06-29T01:31:24.870Z"}
{"level":"info","message":"POST /api/auth/logout - ::1","service":"inventory-api","timestamp":"2026-06-29T01:31:24.876Z"}
{"level":"info","message":"POST /api/auth/logout - ::1","service":"inventory-api","timestamp":"2026-06-29T01:31:24.881Z"}
{"level":"info","message":"POST /api/auth/logout - ::1","service":"inventory-api","timestamp":"2026-06-29T01:31:24.886Z"}
{"level":"info","message":"POST /api/auth/logout - ::1","service":"inventory-api","timestamp":"2026-06-29T01:31:24.895Z"}
{"level":"info","message":"POST /api/auth/logout - ::1","service":"inventory-api","timestamp":"2026-06-29T01:31:24.902Z"}
{"level":"info","message":"POST /api/auth/logout - ::1","service":"inventory-api","timestamp":"2026-06-29T01:31:24.909Z"}
{"level":"info","message":"POST /api/auth/logout - ::1","service":"inventory-api","timestamp":"2026-06-29T01:31:24.927Z"}
{"level":"info","message":"POST /api/auth/logout - ::1","service":"inventory-api","timestamp":"2026-06-29T01:31:24.933Z"}
{"level":"info","message":"POST /api/auth/logout - ::1","service":"inventory-api","timestamp":"2026-06-29T01:31:24.954Z"}
{"level":"info","message":"POST /api/auth/logout - ::1","service":"inventory-api","timestamp":"2026-06-29T01:31:24.990Z"}
{"level":"info","message":"POST /api/auth/logout - ::1","service":"inventory-api","timestamp":"2026-06-29T01:31:24.994Z"}
{"level":"info","message":"POST /api/auth/logout - ::1","service":"inventory-api","timestamp":"2026-06-29T01:31:24.998Z"}
{"level":"info","message":"POST /api/auth/logout - ::1","service":"inventory-api","timestamp":"2026-06-29T01:31:25.005Z"}
{"level":"info","message":"POST /api/auth/logout - ::1","service":"inventory-api","timestamp":"2026-06-29T01:31:25.013Z"}
{"level":"info","message":"POST /api/auth/logout - ::1","service":"inventory-api","timestamp":"2026-06-29T01:31:25.017Z"}
{"level":"info","message":"POST /api/auth/logout - ::1","service":"inventory-api","timestamp":"2026-06-29T01:31:25.021Z"}
{"level":"info","message":"POST /api/auth/logout - ::1","service":"inventory-api","timestamp":"2026-06-29T01:31:25.027Z"}
{"level":"info","message":"POST /api/auth/logout - ::1","service":"inventory-api","timestamp":"2026-06-29T01:31:25.030Z"}
{"level":"info","message":"POST /api/auth/logout - ::1","service":"inventory-api","timestamp":"2026-06-29T01:31:25.034Z"}
{"level":"info","message":"POST /api/auth/logout - ::1","service":"inventory-api","timestamp":"2026-06-29T01:31:25.038Z"}
{"level":"info","message":"POST /api/auth/logout - ::1","service":"inventory-api","timestamp":"2026-06-29T01:31:25.043Z"}
{"level":"info","message":"POST /api/auth/logout - ::1","service":"inventory-api","timestamp":"2026-06-29T01:31:25.046Z"}
{"level":"info","message":"POST /api/auth/logout - ::1","service":"inventory-api","timestamp":"2026-06-29T01:31:25.050Z"}
{"level":"info","message":"POST /api/auth/logout - ::1","service":"inventory-api","timestamp":"2026-06-29T01:31:25.054Z"}
{"level":"info","message":"POST /api/auth/logout - ::1","service":"inventory-api","timestamp":"2026-06-29T01:31:25.058Z"}
{"level":"info","message":"POST /api/auth/logout - ::1","service":"inventory-api","timestamp":"2026-06-29T01:31:25.062Z"}
{"level":"info","message":"POST /api/auth/logout - ::1","service":"inventory-api","timestamp":"2026-06-29T01:31:25.067Z"}
{"level":"info","message":"POST /api/auth/logout - ::1","service":"inventory-api","timestamp":"2026-06-29T01:31:25.072Z"}
{"level":"info","message":"POST /api/auth/logout - ::1","service":"inventory-api","timestamp":"2026-06-29T01:31:25.078Z"}
{"level":"info","message":"POST /api/auth/logout - ::1","service":"inventory-api","timestamp":"2026-06-29T01:31:25.083Z"}
{"level":"info","message":"POST /api/auth/logout - ::1","service":"inventory-api","timestamp":"2026-06-29T01:31:25.088Z"}
{"level":"info","message":"POST /api/auth/logout - ::1","service":"inventory-api","timestamp":"2026-06-29T01:31:25.094Z"}
{"level":"info","message":"POST /api/auth/logout - ::1","service":"inventory-api","timestamp":"2026-06-29T01:31:25.099Z"}
{"level":"info","message":"POST /api/auth/logout - ::1","service":"inventory-api","timestamp":"2026-06-29T01:31:25.104Z"}
{"level":"info","message":"POST /api/auth/logout - ::1","service":"inventory-api","timestamp":"2026-06-29T01:31:25.110Z"}
{"level":"info","message":"POST /api/auth/logout - ::1","service":"inventory-api","timestamp":"2026-06-29T01:31:25.115Z"}
{"level":"info","message":"POST /api/auth/logout - ::1","service":"inventory-api","timestamp":"2026-06-29T01:31:25.120Z"}
{"level":"info","message":"POST /api/auth/logout - ::1","service":"inventory-api","timestamp":"2026-06-29T01:31:25.126Z"}
{"level":"info","message":"POST /api/auth/logout - ::1","service":"inventory-api","timestamp":"2026-06-29T01:31:25.131Z"}
{"level":"info","message":"POST /api/auth/logout - ::1","service":"inventory-api","timestamp":"2026-06-29T01:31:25.136Z"}
{"level":"info","message":"POST /api/auth/logout - ::1","service":"inventory-api","timestamp":"2026-06-29T01:31:25.142Z"}
{"level":"info","message":"POST /api/auth/logout - ::1","service":"inventory-api","timestamp":"2026-06-29T01:31:25.147Z"}
{"level":"info","message":"POST /api/auth/logout - ::1","service":"inventory-api","timestamp":"2026-06-29T01:31:25.152Z"}
{"level":"info","message":"POST /api/auth/logout - ::1","service":"inventory-api","timestamp":"2026-06-29T01:31:25.158Z"}
{"level":"info","message":"POST /api/auth/logout - ::1","service":"inventory-api","timestamp":"2026-06-29T01:31:25.165Z"}
{"level":"info","message":"POST /api/auth/logout - ::1","service":"inventory-api","timestamp":"2026-06-29T01:31:25.171Z"}
{"level":"info","message":"POST /api/auth/logout - ::1","service":"inventory-api","timestamp":"2026-06-29T01:31:25.183Z"}
{"level":"info","message":"POST /api/auth/logout - ::1","service":"inventory-api","timestamp":"2026-06-29T01:31:25.188Z"}
{"level":"info","message":"POST /api/auth/logout - ::1","service":"inventory-api","timestamp":"2026-06-29T01:31:25.195Z"}
{"level":"info","message":"POST /api/auth/logout - ::1","service":"inventory-api","timestamp":"2026-06-29T01:31:25.200Z"}
{"level":"info","message":"POST /api/auth/logout - ::1","service":"inventory-api","timestamp":"2026-06-29T01:31:25.205Z"}
{"level":"info","message":"POST /api/auth/logout - ::1","service":"inventory-api","timestamp":"2026-06-29T01:31:25.211Z"}
{"level":"info","message":"POST /api/auth/logout - ::1","service":"inventory-api","timestamp":"2026-06-29T01:31:25.216Z"}
{"level":"info","message":"POST /api/auth/logout - ::1","service":"inventory-api","timestamp":"2026-06-29T01:31:25.221Z"}
{"level":"info","message":"POST /api/auth/logout - ::1","service":"inventory-api","timestamp":"2026-06-29T01:31:25.227Z"}
{"level":"info","message":"POST /api/auth/logout - ::1","service":"inventory-api","timestamp":"2026-06-29T01:31:25.232Z"}
{"level":"info","message":"POST /api/auth/logout - ::1","service":"inventory-api","timestamp":"2026-06-29T01:31:25.236Z"}
{"level":"info","message":"POST /api/auth/logout - ::1","service":"inventory-api","timestamp":"2026-06-29T01:31:25.245Z"}
{"level":"info","message":"POST /api/auth/logout - ::1","service":"inventory-api","timestamp":"2026-06-29T01:31:25.250Z"}
{"level":"info","message":"POST /api/auth/logout - ::1","service":"inventory-api","timestamp":"2026-06-29T01:31:25.256Z"}
{"level":"info","message":"POST /api/auth/logout - ::1","service":"inventory-api","timestamp":"2026-06-29T01:31:25.261Z"}
{"level":"info","message":"POST /api/auth/logout - ::1","service":"inventory-api","timestamp":"2026-06-29T01:31:25.266Z"}
{"level":"info","message":"POST /api/auth/logout - ::1","service":"inventory-api","timestamp":"2026-06-29T01:31:25.271Z"}
{"level":"info","message":"POST /api/auth/logout - ::1","service":"inventory-api","timestamp":"2026-06-29T01:31:25.277Z"}
{"level":"info","message":"POST /api/auth/logout - ::1","service":"inventory-api","timestamp":"2026-06-29T01:31:25.282Z"}
{"level":"info","message":"POST /api/auth/logout - ::1","service":"inventory-api","timestamp":"2026-06-29T01:31:25.288Z"}
{"level":"info","message":"POST /api/auth/logout - ::1","service":"inventory-api","timestamp":"2026-06-29T01:31:25.295Z"}
{"level":"info","message":"POST /api/auth/logout - ::1","service":"inventory-api","timestamp":"2026-06-29T01:31:25.300Z"}
{"level":"info","message":"POST /api/auth/logout - ::1","service":"inventory-api","timestamp":"2026-06-29T01:31:25.305Z"}
{"level":"info","message":"POST /api/auth/logout - ::1","service":"inventory-api","timestamp":"2026-06-29T01:31:25.311Z"}
{"level":"info","message":"POST /api/auth/logout - ::1","service":"inventory-api","timestamp":"2026-06-29T01:31:25.316Z"}
{"level":"info","message":"POST /api/auth/logout - ::1","service":"inventory-api","timestamp":"2026-06-29T01:31:25.321Z"}
{"level":"info","message":"POST /api/auth/logout - ::1","service":"inventory-api","timestamp":"2026-06-29T01:31:25.327Z"}
{"level":"info","message":"POST /api/auth/logout - ::1","service":"inventory-api","timestamp":"2026-06-29T01:31:25.332Z"}
{"level":"info","message":"POST /api/auth/logout - ::1","service":"inventory-api","timestamp":"2026-06-29T01:31:25.337Z"}
{"level":"info","message":"POST /api/auth/logout - ::1","service":"inventory-api","timestamp":"2026-06-29T01:31:25.343Z"}
{"level":"info","message":"POST /api/auth/logout - ::1","service":"inventory-api","timestamp":"2026-06-29T01:31:25.348Z"}
{"level":"info","message":"POST /api/auth/logout - ::1","service":"inventory-api","timestamp":"2026-06-29T01:31:25.353Z"}
{"level":"info","message":"POST /api/auth/logout - ::1","service":"inventory-api","timestamp":"2026-06-29T01:31:25.359Z"}
{"level":"info","message":"POST /api/auth/logout - ::1","service":"inventory-api","timestamp":"2026-06-29T01:31:25.364Z"}
{"level":"info","message":"POST /api/auth/logout - ::1","service":"inventory-api","timestamp":"2026-06-29T01:31:25.369Z"}
{"level":"info","message":"POST /api/auth/logout - ::1","service":"inventory-api","timestamp":"2026-06-29T01:31:25.375Z"}
{"level":"info","message":"POST /api/auth/logout - ::1","service":"inventory-api","timestamp":"2026-06-29T01:31:25.380Z"}
{"level":"info","message":"POST /api/auth/logout - ::1","service":"inventory-api","timestamp":"2026-06-29T01:31:25.384Z"}
{"level":"info","message":"POST /api/auth/logout - ::1","service":"inventory-api","timestamp":"2026-06-29T01:31:25.390Z"}
{"level":"info","message":"POST /api/auth/logout - ::1","service":"inventory-api","timestamp":"2026-06-29T01:31:25.396Z"}
{"level":"info","message":"POST /api/auth/logout - ::1","service":"inventory-api","timestamp":"2026-06-29T01:31:25.400Z"}
{"level":"info","message":"POST /api/auth/logout - ::1","service":"inventory-api","timestamp":"2026-06-29T01:31:25.406Z"}
{"level":"info","message":"POST /api/auth/logout - ::1","service":"inventory-api","timestamp":"2026-06-29T01:31:25.412Z"}
{"level":"info","message":"POST /api/auth/logout - ::1","service":"inventory-api","timestamp":"2026-06-29T01:31:25.417Z"}
{"level":"info","message":"POST /api/auth/logout - ::1","service":"inventory-api","timestamp":"2026-06-29T01:31:25.422Z"}
{"level":"info","message":"POST /api/auth/logout - ::1","service":"inventory-api","timestamp":"2026-06-29T01:31:25.430Z"}
{"level":"info","message":"POST /api/auth/logout - ::1","service":"inventory-api","timestamp":"2026-06-29T01:31:25.434Z"}
{"level":"info","message":"POST /api/auth/logout - ::1","service":"inventory-api","timestamp":"2026-06-29T01:31:25.440Z"}
{"level":"info","message":"POST /api/auth/logout - ::1","service":"inventory-api","timestamp":"2026-06-29T01:31:25.446Z"}
{"level":"info","message":"POST /api/auth/logout - ::1","service":"inventory-api","timestamp":"2026-06-29T01:31:25.451Z"}
{"level":"info","message":"POST /api/auth/logout - ::1","service":"inventory-api","timestamp":"2026-06-29T01:31:25.456Z"}
{"level":"info","message":"POST /api/auth/logout - ::1","service":"inventory-api","timestamp":"2026-06-29T01:31:25.462Z"}
{"level":"info","message":"POST /api/auth/logout - ::1","service":"inventory-api","timestamp":"2026-06-29T01:31:25.467Z"}
{"level":"info","message":"POST /api/auth/logout - ::1","service":"inventory-api","timestamp":"2026-06-29T01:31:25.540Z"}
{"level":"info","message":"POST /api/auth/logout - ::1","service":"inventory-api","timestamp":"2026-06-29T01:31:25.549Z"}
{"level":"info","message":"POST /api/auth/logout - ::1","service":"inventory-api","timestamp":"2026-06-29T01:31:25.553Z"}
{"level":"info","message":"POST /api/auth/logout - ::1","service":"inventory-api","timestamp":"2026-06-29T01:31:25.557Z"}
{"level":"info","message":"POST /api/auth/logout - ::1","service":"inventory-api","timestamp":"2026-06-29T01:31:25.569Z"}
{"level":"info","message":"POST /api/auth/logout - ::1","service":"inventory-api","timestamp":"2026-06-29T01:31:25.574Z"}
{"level":"info","message":"POST /api/auth/logout - ::1","service":"inventory-api","timestamp":"2026-06-29T01:31:25.577Z"}
{"level":"info","message":"POST /api/auth/logout - ::1","service":"inventory-api","timestamp":"2026-06-29T01:31:25.581Z"}
{"level":"info","message":"POST /api/auth/logout - ::1","service":"inventory-api","timestamp":"2026-06-29T01:31:25.584Z"}
{"level":"info","message":"POST /api/auth/logout - ::1","service":"inventory-api","timestamp":"2026-06-29T01:31:25.587Z"}
{"level":"info","message":"POST /api/auth/logout - ::1","service":"inventory-api","timestamp":"2026-06-29T01:31:25.591Z"}
{"level":"info","message":"POST /api/auth/logout - ::1","service":"inventory-api","timestamp":"2026-06-29T01:31:25.595Z"}
{"level":"info","message":"POST /api/auth/logout - ::1","service":"inventory-api","timestamp":"2026-06-29T01:31:25.598Z"}
{"level":"info","message":"POST /api/auth/logout - ::1","service":"inventory-api","timestamp":"2026-06-29T01:31:25.602Z"}
{"level":"info","message":"POST /api/auth/logout - ::1","service":"inventory-api","timestamp":"2026-06-29T01:31:25.605Z"}
{"level":"info","message":"POST /api/auth/logout - ::1","service":"inventory-api","timestamp":"2026-06-29T01:31:25.610Z"}
{"level":"info","message":"POST /api/auth/logout - ::1","service":"inventory-api","timestamp":"2026-06-29T01:31:25.613Z"}
{"level":"info","message":"POST /api/auth/logout - ::1","service":"inventory-api","timestamp":"2026-06-29T01:31:25.616Z"}
{"level":"info","message":"POST /api/auth/logout - ::1","service":"inventory-api","timestamp":"2026-06-29T01:31:25.620Z"}
{"level":"info","message":"POST /api/auth/logout - ::1","service":"inventory-api","timestamp":"2026-06-29T01:31:25.624Z"}
{"level":"info","message":"POST /api/auth/logout - ::1","service":"inventory-api","timestamp":"2026-06-29T01:31:25.628Z"}
{"level":"info","message":"POST /api/auth/logout - ::1","service":"inventory-api","timestamp":"2026-06-29T01:31:25.632Z"}
{"level":"info","message":"POST /api/auth/logout - ::1","service":"inventory-api","timestamp":"2026-06-29T01:31:25.635Z"}
{"level":"info","message":"POST /api/auth/logout - ::1","service":"inventory-api","timestamp":"2026-06-29T01:31:25.639Z"}
{"level":"info","message":"POST /api/auth/logout - ::1","service":"inventory-api","timestamp":"2026-06-29T01:31:25.644Z"}
{"level":"info","message":"POST /api/auth/logout - ::1","service":"inventory-api","timestamp":"2026-06-29T01:31:25.648Z"}
{"level":"info","message":"POST /api/auth/logout - ::1","service":"inventory-api","timestamp":"2026-06-29T01:31:25.651Z"}
{"level":"info","message":"POST /api/auth/logout - ::1","service":"inventory-api","timestamp":"2026-06-29T01:31:25.656Z"}
{"level":"info","message":"POST /api/auth/logout - ::1","service":"inventory-api","timestamp":"2026-06-29T01:31:25.661Z"}
{"level":"info","message":"POST /api/auth/logout - ::1","service":"inventory-api","timestamp":"2026-06-29T01:31:25.666Z"}
{"level":"info","message":"POST /api/auth/logout - ::1","service":"inventory-api","timestamp":"2026-06-29T01:31:25.671Z"}
{"level":"info","message":"POST /api/auth/logout - ::1","service":"inventory-api","timestamp":"2026-06-29T01:31:25.677Z"}
{"level":"info","message":"POST /api/auth/logout - ::1","service":"inventory-api","timestamp":"2026-06-29T01:31:25.682Z"}
{"level":"info","message":"POST /api/auth/logout - ::1","service":"inventory-api","timestamp":"2026-06-29T01:31:25.687Z"}
{"level":"info","message":"POST /api/auth/logout - ::1","service":"inventory-api","timestamp":"2026-06-29T01:31:25.693Z"}
{"level":"info","message":"POST /api/auth/logout - ::1","service":"inventory-api","timestamp":"2026-06-29T01:31:25.698Z"}
{"level":"info","message":"POST /api/auth/logout - ::1","service":"inventory-api","timestamp":"2026-06-29T01:31:25.703Z"}
{"level":"info","message":"POST /api/auth/logout - ::1","service":"inventory-api","timestamp":"2026-06-29T01:31:25.709Z"}
{"level":"info","message":"POST /api/auth/logout - ::1","service":"inventory-api","timestamp":"2026-06-29T01:31:25.714Z"}
{"level":"info","message":"POST /api/auth/logout - ::1","service":"inventory-api","timestamp":"2026-06-29T01:31:25.719Z"}
{"level":"info","message":"POST /api/auth/logout - ::1","service":"inventory-api","timestamp":"2026-06-29T01:31:25.725Z"}
{"level":"info","message":"POST /api/auth/logout - ::1","service":"inventory-api","timestamp":"2026-06-29T01:31:25.731Z"}
{"level":"info","message":"POST /api/auth/logout - ::1","service":"inventory-api","timestamp":"2026-06-29T01:31:25.736Z"}
{"level":"info","message":"POST /api/auth/logout - ::1","service":"inventory-api","timestamp":"2026-06-29T01:31:25.742Z"}
{"level":"info","message":"POST /api/auth/logout - ::1","service":"inventory-api","timestamp":"2026-06-29T01:31:25.748Z"}
{"level":"info","message":"POST /api/auth/logout - ::1","service":"inventory-api","timestamp":"2026-06-29T01:31:25.753Z"}
{"level":"info","message":"POST /api/auth/logout - ::1","service":"inventory-api","timestamp":"2026-06-29T01:31:25.759Z"}
{"level":"info","message":"POST /api/auth/logout - ::1","service":"inventory-api","timestamp":"2026-06-29T01:31:25.765Z"}
{"level":"info","message":"POST /api/auth/logout - ::1","service":"inventory-api","timestamp":"2026-06-29T01:31:25.769Z"}
{"level":"info","message":"POST /api/auth/logout - ::1","service":"inventory-api","timestamp":"2026-06-29T01:31:25.775Z"}
{"level":"info","message":"POST /api/auth/logout - ::1","service":"inventory-api","timestamp":"2026-06-29T01:31:25.781Z"}
{"level":"info","message":"POST /api/auth/logout - ::1","service":"inventory-api","timestamp":"2026-06-29T01:31:25.786Z"}
{"level":"info","message":"POST /api/auth/logout - ::1","service":"inventory-api","timestamp":"2026-06-29T01:31:25.791Z"}
{"level":"info","message":"POST /api/auth/logout - ::1","service":"inventory-api","timestamp":"2026-06-29T01:31:25.797Z"}
{"level":"info","message":"POST /api/auth/logout - ::1","service":"inventory-api","timestamp":"2026-06-29T01:31:25.802Z"}
{"level":"info","message":"POST /api/auth/logout - ::1","service":"inventory-api","timestamp":"2026-06-29T01:31:25.808Z"}
{"level":"info","message":"POST /api/auth/logout - ::1","service":"inventory-api","timestamp":"2026-06-29T01:31:25.814Z"}
{"level":"info","message":"POST /api/auth/logout - ::1","service":"inventory-api","timestamp":"2026-06-29T01:31:25.819Z"}
{"level":"info","message":"POST /api/auth/logout - ::1","service":"inventory-api","timestamp":"2026-06-29T01:31:25.824Z"}
{"level":"info","message":"POST /api/auth/logout - ::1","service":"inventory-api","timestamp":"2026-06-29T01:31:25.830Z"}
{"level":"info","message":"POST /api/auth/logout - ::1","service":"inventory-api","timestamp":"2026-06-29T01:31:25.835Z"}
{"level":"info","message":"POST /api/auth/logout - ::1","service":"inventory-api","timestamp":"2026-06-29T01:31:25.848Z"}
{"level":"info","message":"POST /api/auth/logout - ::1","service":"inventory-api","timestamp":"2026-06-29T01:31:25.858Z"}
{"level":"info","message":"POST /api/auth/logout - ::1","service":"inventory-api","timestamp":"2026-06-29T01:31:25.864Z"}
{"level":"info","message":"POST /api/auth/logout - ::1","service":"inventory-api","timestamp":"2026-06-29T01:31:25.870Z"}
{"level":"info","message":"POST /api/auth/logout - ::1","service":"inventory-api","timestamp":"2026-06-29T01:31:25.878Z"}
{"level":"info","message":"POST /api/auth/logout - ::1","service":"inventory-api","timestamp":"2026-06-29T01:31:25.885Z"}
{"level":"info","message":"POST /api/auth/logout - ::1","service":"inventory-api","timestamp":"2026-06-29T01:31:25.890Z"}
{"level":"info","message":"POST /api/auth/logout - ::1","service":"inventory-api","timestamp":"2026-06-29T01:31:25.896Z"}
{"level":"info","message":"POST /api/auth/logout - ::1","service":"inventory-api","timestamp":"2026-06-29T01:31:25.900Z"}
{"level":"info","message":"POST /api/auth/logout - ::1","service":"inventory-api","timestamp":"2026-06-29T01:31:25.904Z"}
{"level":"info","message":"POST /api/auth/logout - ::1","service":"inventory-api","timestamp":"2026-06-29T01:31:25.910Z"}
{"level":"info","message":"POST /api/auth/logout - ::1","service":"inventory-api","timestamp":"2026-06-29T01:31:25.914Z"}
{"level":"info","message":"POST /api/auth/logout - ::1","service":"inventory-api","timestamp":"2026-06-29T01:31:25.918Z"}
{"level":"info","message":"POST /api/auth/logout - ::1","service":"inventory-api","timestamp":"2026-06-29T01:31:25.922Z"}
{"level":"info","message":"POST /api/auth/logout - ::1","service":"inventory-api","timestamp":"2026-06-29T01:31:25.927Z"}
{"level":"info","message":"POST /api/auth/logout - ::1","service":"inventory-api","timestamp":"2026-06-29T01:31:25.931Z"}
{"level":"info","message":"POST /api/auth/logout - ::1","service":"inventory-api","timestamp":"2026-06-29T01:31:25.934Z"}
{"level":"info","message":"POST /api/auth/logout - ::1","service":"inventory-api","timestamp":"2026-06-29T01:31:25.937Z"}
{"level":"info","message":"POST /api/auth/logout - ::1","service":"inventory-api","timestamp":"2026-06-29T01:31:25.943Z"}
{"level":"info","message":"POST /api/auth/logout - ::1","service":"inventory-api","timestamp":"2026-06-29T01:31:25.947Z"}
{"level":"info","message":"POST /api/auth/logout - ::1","service":"inventory-api","timestamp":"2026-06-29T01:31:25.950Z"}
{"level":"info","message":"POST /api/auth/logout - ::1","service":"inventory-api","timestamp":"2026-06-29T01:31:25.954Z"}
{"level":"info","message":"POST /api/auth/logout - ::1","service":"inventory-api","timestamp":"2026-06-29T01:31:25.959Z"}
{"level":"info","message":"POST /api/auth/logout - ::1","service":"inventory-api","timestamp":"2026-06-29T01:31:25.963Z"}
{"level":"info","message":"POST /api/auth/logout - ::1","service":"inventory-api","timestamp":"2026-06-29T01:31:25.967Z"}
{"level":"info","message":"POST /api/auth/logout - ::1","service":"inventory-api","timestamp":"2026-06-29T01:31:25.970Z"}
{"level":"info","message":"POST /api/auth/logout - ::1","service":"inventory-api","timestamp":"2026-06-29T01:31:25.975Z"}
{"level":"info","message":"POST /api/auth/logout - ::1","service":"inventory-api","timestamp":"2026-06-29T01:31:25.979Z"}
{"level":"info","message":"POST /api/auth/logout - ::1","service":"inventory-api","timestamp":"2026-06-29T01:31:25.983Z"}
{"level":"info","message":"POST /api/auth/logout - ::1","service":"inventory-api","timestamp":"2026-06-29T01:31:25.987Z"}
{"level":"info","message":"POST /api/auth/logout - ::1","service":"inventory-api","timestamp":"2026-06-29T01:31:25.991Z"}
{"level":"info","message":"POST /api/auth/logout - ::1","service":"inventory-api","timestamp":"2026-06-29T01:31:25.995Z"}
{"level":"info","message":"POST /api/auth/logout - ::1","service":"inventory-api","timestamp":"2026-06-29T01:31:25.999Z"}
{"level":"info","message":"POST /api/auth/logout - ::1","service":"inventory-api","timestamp":"2026-06-29T01:31:26.003Z"}
{"level":"info","message":"POST /api/auth/logout - ::1","service":"inventory-api","timestamp":"2026-06-29T01:31:26.007Z"}
{"level":"info","message":"POST /api/auth/logout - ::1","service":"inventory-api","timestamp":"2026-06-29T01:31:26.012Z"}
{"level":"info","message":"POST /api/auth/logout - ::1","service":"inventory-api","timestamp":"2026-06-29T01:31:26.016Z"}
{"level":"info","message":"POST /api/auth/logout - ::1","service":"inventory-api","timestamp":"2026-06-29T01:31:26.020Z"}
{"level":"info","message":"POST /api/auth/logout - ::1","service":"inventory-api","timestamp":"2026-06-29T01:31:26.026Z"}
{"level":"info","message":"POST /api/auth/logout - ::1","service":"inventory-api","timestamp":"2026-06-29T01:31:26.032Z"}
{"level":"info","message":"POST /api/auth/logout - ::1","service":"inventory-api","timestamp":"2026-06-29T01:31:26.036Z"}
{"level":"info","message":"POST /api/auth/logout - ::1","service":"inventory-api","timestamp":"2026-06-29T01:31:26.042Z"}
{"level":"info","message":"POST /api/auth/logout - ::1","service":"inventory-api","timestamp":"2026-06-29T01:31:26.048Z"}
{"level":"info","message":"POST /api/auth/logout - ::1","service":"inventory-api","timestamp":"2026-06-29T01:31:26.052Z"}
{"level":"info","message":"POST /api/auth/logout - ::1","service":"inventory-api","timestamp":"2026-06-29T01:31:26.058Z"}
{"level":"info","message":"POST /api/auth/logout - ::1","service":"inventory-api","timestamp":"2026-06-29T01:31:26.064Z"}
{"level":"info","message":"POST /api/auth/logout - ::1","service":"inventory-api","timestamp":"2026-06-29T01:31:26.069Z"}
{"level":"info","message":"POST /api/auth/logout - ::1","service":"inventory-api","timestamp":"2026-06-29T01:31:26.074Z"}
{"level":"info","message":"POST /api/auth/logout - ::1","service":"inventory-api","timestamp":"2026-06-29T01:31:26.080Z"}
{"level":"info","message":"POST /api/auth/logout - ::1","service":"inventory-api","timestamp":"2026-06-29T01:31:26.085Z"}
{"level":"info","message":"POST /api/auth/logout - ::1","service":"inventory-api","timestamp":"2026-06-29T01:31:26.091Z"}
{"level":"info","message":"POST /api/auth/logout - ::1","service":"inventory-api","timestamp":"2026-06-29T01:31:26.096Z"}
{"level":"info","message":"POST /api/auth/logout - ::1","service":"inventory-api","timestamp":"2026-06-29T01:31:26.101Z"}
{"level":"info","message":"POST /api/auth/logout - ::1","service":"inventory-api","timestamp":"2026-06-29T01:31:26.107Z"}
{"level":"info","message":"POST /api/auth/logout - ::1","service":"inventory-api","timestamp":"2026-06-29T01:31:26.113Z"}
{"level":"info","message":"POST /api/auth/logout - ::1","service":"inventory-api","timestamp":"2026-06-29T01:31:26.117Z"}
{"level":"info","message":"POST /api/auth/logout - ::1","service":"inventory-api","timestamp":"2026-06-29T01:31:26.123Z"}
{"level":"info","message":"POST /api/auth/logout - ::1","service":"inventory-api","timestamp":"2026-06-29T01:31:26.129Z"}
{"level":"info","message":"POST /api/auth/logout - ::1","service":"inventory-api","timestamp":"2026-06-29T01:31:26.134Z"}
{"level":"info","message":"POST /api/auth/logout - ::1","service":"inventory-api","timestamp":"2026-06-29T01:31:26.139Z"}
{"level":"info","message":"POST /api/auth/logout - ::1","service":"inventory-api","timestamp":"2026-06-29T01:31:26.145Z"}
{"level":"info","message":"POST /api/auth/logout - ::1","service":"inventory-api","timestamp":"2026-06-29T01:31:26.150Z"}
{"level":"info","message":"POST /api/auth/logout - ::1","service":"inventory-api","timestamp":"2026-06-29T01:31:26.155Z"}
{"level":"info","message":"POST /api/auth/logout - ::1","service":"inventory-api","timestamp":"2026-06-29T01:31:26.161Z"}
{"level":"info","message":"POST /api/auth/logout - ::1","service":"inventory-api","timestamp":"2026-06-29T01:31:26.166Z"}
{"level":"info","message":"POST /api/auth/logout - ::1","service":"inventory-api","timestamp":"2026-06-29T01:31:26.170Z"}
{"level":"info","message":"POST /api/auth/logout - ::1","service":"inventory-api","timestamp":"2026-06-29T01:31:26.176Z"}
{"level":"info","message":"POST /api/auth/logout - ::1","service":"inventory-api","timestamp":"2026-06-29T01:31:26.182Z"}
{"level":"info","message":"POST /api/auth/logout - ::1","service":"inventory-api","timestamp":"2026-06-29T01:31:26.186Z"}
{"level":"info","message":"POST /api/auth/logout - ::1","service":"inventory-api","timestamp":"2026-06-29T01:31:26.193Z"}
{"level":"info","message":"POST /api/auth/logout - ::1","service":"inventory-api","timestamp":"2026-06-29T01:31:26.198Z"}
{"level":"info","message":"POST /api/auth/logout - ::1","service":"inventory-api","timestamp":"2026-06-29T01:31:26.203Z"}
{"level":"info","message":"POST /api/auth/logout - ::1","service":"inventory-api","timestamp":"2026-06-29T01:31:26.208Z"}
{"level":"info","message":"POST /api/auth/logout - ::1","service":"inventory-api","timestamp":"2026-06-29T01:31:26.214Z"}
{"level":"info","message":"POST /api/auth/logout - ::1","service":"inventory-api","timestamp":"2026-06-29T01:31:26.218Z"}
{"level":"info","message":"POST /api/auth/logout - ::1","service":"inventory-api","timestamp":"2026-06-29T01:31:26.224Z"}
{"level":"info","message":"POST /api/auth/logout - ::1","service":"inventory-api","timestamp":"2026-06-29T01:31:26.229Z"}
{"level":"info","message":"POST /api/auth/logout - ::1","service":"inventory-api","timestamp":"2026-06-29T01:31:26.234Z"}
{"level":"info","message":"POST /api/auth/logout - ::1","service":"inventory-api","timestamp":"2026-06-29T01:31:26.240Z"}
{"level":"info","message":"POST /api/auth/logout - ::1","service":"inventory-api","timestamp":"2026-06-29T01:31:26.246Z"}
{"level":"info","message":"POST /api/auth/logout - ::1","service":"inventory-api","timestamp":"2026-06-29T01:31:26.250Z"}
{"level":"info","message":"POST /api/auth/logout - ::1","service":"inventory-api","timestamp":"2026-06-29T01:31:26.256Z"}
{"level":"info","message":"POST /api/auth/logout - ::1","service":"inventory-api","timestamp":"2026-06-29T01:31:26.262Z"}
{"level":"info","message":"POST /api/auth/logout - ::1","service":"inventory-api","timestamp":"2026-06-29T01:31:26.266Z"}
{"level":"info","message":"POST /api/auth/logout - ::1","service":"inventory-api","timestamp":"2026-06-29T01:31:26.271Z"}
{"level":"info","message":"POST /api/auth/logout - ::1","service":"inventory-api","timestamp":"2026-06-29T01:31:26.277Z"}
{"level":"info","message":"POST /api/auth/logout - ::1","service":"inventory-api","timestamp":"2026-06-29T01:31:26.282Z"}
{"level":"info","message":"POST /api/auth/logout - ::1","service":"inventory-api","timestamp":"2026-06-29T01:31:26.287Z"}
{"level":"info","message":"POST /api/auth/logout - ::1","service":"inventory-api","timestamp":"2026-06-29T01:31:26.293Z"}
{"level":"info","message":"POST /api/auth/logout - ::1","service":"inventory-api","timestamp":"2026-06-29T01:31:26.298Z"}
{"level":"info","message":"POST /api/auth/logout - ::1","service":"inventory-api","timestamp":"2026-06-29T01:31:26.303Z"}
{"level":"info","message":"POST /api/auth/logout - ::1","service":"inventory-api","timestamp":"2026-06-29T01:31:26.308Z"}
{"level":"info","message":"POST /api/auth/logout - ::1","service":"inventory-api","timestamp":"2026-06-29T01:31:26.313Z"}
{"level":"info","message":"POST /api/auth/logout - ::1","service":"inventory-api","timestamp":"2026-06-29T01:31:26.319Z"}
{"level":"info","message":"POST /api/auth/logout - ::1","service":"inventory-api","timestamp":"2026-06-29T01:31:26.325Z"}
{"level":"info","message":"POST /api/auth/logout - ::1","service":"inventory-api","timestamp":"2026-06-29T01:31:26.330Z"}
{"level":"info","message":"POST /api/auth/logout - ::1","service":"inventory-api","timestamp":"2026-06-29T01:31:26.335Z"}
{"level":"info","message":"POST /api/auth/logout - ::1","service":"inventory-api","timestamp":"2026-06-29T01:31:26.341Z"}
{"level":"info","message":"POST /api/auth/logout - ::1","service":"inventory-api","timestamp":"2026-06-29T01:31:26.347Z"}
{"level":"info","message":"POST /api/auth/logout - ::1","service":"inventory-api","timestamp":"2026-06-29T01:31:26.351Z"}
{"level":"info","message":"POST /api/auth/logout - ::1","service":"inventory-api","timestamp":"2026-06-29T01:31:26.357Z"}
{"level":"info","message":"POST /api/auth/logout - ::1","service":"inventory-api","timestamp":"2026-06-29T01:31:26.363Z"}
{"level":"info","message":"POST /api/auth/logout - ::1","service":"inventory-api","timestamp":"2026-06-29T01:31:26.368Z"}
{"level":"info","message":"POST /api/auth/logout - ::1","service":"inventory-api","timestamp":"2026-06-29T01:31:26.373Z"}
{"level":"info","message":"POST /api/auth/logout - ::1","service":"inventory-api","timestamp":"2026-06-29T01:31:26.379Z"}
{"level":"info","message":"POST /api/auth/logout - ::1","service":"inventory-api","timestamp":"2026-06-29T01:31:26.384Z"}
{"level":"info","message":"POST /api/auth/logout - ::1","service":"inventory-api","timestamp":"2026-06-29T01:31:26.389Z"}
{"level":"info","message":"POST /api/auth/logout - ::1","service":"inventory-api","timestamp":"2026-06-29T01:31:26.395Z"}
{"level":"info","message":"POST /api/auth/logout - ::1","service":"inventory-api","timestamp":"2026-06-29T01:31:26.400Z"}
{"level":"info","message":"POST /api/auth/logout - ::1","service":"inventory-api","timestamp":"2026-06-29T01:31:26.405Z"}
{"level":"info","message":"POST /api/auth/logout - ::1","service":"inventory-api","timestamp":"2026-06-29T01:31:26.411Z"}
{"level":"info","message":"POST /api/auth/logout - ::1","service":"inventory-api","timestamp":"2026-06-29T01:31:26.416Z"}
{"level":"info","message":"POST /api/auth/logout - ::1","service":"inventory-api","timestamp":"2026-06-29T01:31:26.421Z"}
{"level":"info","message":"POST /api/auth/logout - ::1","service":"inventory-api","timestamp":"2026-06-29T01:31:26.427Z"}
{"level":"info","message":"POST /api/auth/logout - ::1","service":"inventory-api","timestamp":"2026-06-29T01:31:26.432Z"}
{"level":"info","message":"POST /api/auth/logout - ::1","service":"inventory-api","timestamp":"2026-06-29T01:31:26.437Z"}
{"level":"info","message":"POST /api/auth/logout - ::1","service":"inventory-api","timestamp":"2026-06-29T01:31:26.443Z"}
{"level":"info","message":"POST /api/auth/logout - ::1","service":"inventory-api","timestamp":"2026-06-29T01:31:26.448Z"}
{"level":"info","message":"POST /api/auth/logout - ::1","service":"inventory-api","timestamp":"2026-06-29T01:31:26.453Z"}
{"level":"info","message":"POST /api/auth/logout - ::1","service":"inventory-api","timestamp":"2026-06-29T01:31:26.459Z"}
{"level":"info","message":"POST /api/auth/logout - ::1","service":"inventory-api","timestamp":"2026-06-29T01:31:26.464Z"}
{"level":"info","message":"POST /api/auth/logout - ::1","service":"inventory-api","timestamp":"2026-06-29T01:31:26.469Z"}
{"level":"info","message":"POST /api/auth/logout - ::1","service":"inventory-api","timestamp":"2026-06-29T01:31:26.475Z"}
{"level":"info","message":"POST /api/auth/logout - ::1","service":"inventory-api","timestamp":"2026-06-29T01:31:26.480Z"}
{"level":"info","message":"POST /api/auth/logout - ::1","service":"inventory-api","timestamp":"2026-06-29T01:31:26.485Z"}
{"level":"info","message":"POST /api/auth/logout - ::1","service":"inventory-api","timestamp":"2026-06-29T01:31:26.491Z"}
{"level":"info","message":"POST /api/auth/logout - ::1","service":"inventory-api","timestamp":"2026-06-29T01:31:26.496Z"}
{"level":"info","message":"POST /api/auth/logout - ::1","service":"inventory-api","timestamp":"2026-06-29T01:31:26.501Z"}
{"level":"info","message":"POST /api/auth/logout - ::1","service":"inventory-api","timestamp":"2026-06-29T01:31:26.507Z"}
{"level":"info","message":"POST /api/auth/logout - ::1","service":"inventory-api","timestamp":"2026-06-29T01:31:26.512Z"}
{"level":"info","message":"POST /api/auth/logout - ::1","service":"inventory-api","timestamp":"2026-06-29T01:31:26.517Z"}
{"level":"info","message":"POST /api/auth/logout - ::1","service":"inventory-api","timestamp":"2026-06-29T01:31:26.522Z"}
{"level":"info","message":"POST /api/auth/logout - ::1","service":"inventory-api","timestamp":"2026-06-29T01:31:26.528Z"}
{"level":"info","message":"POST /api/auth/logout - ::1","service":"inventory-api","timestamp":"2026-06-29T01:31:26.534Z"}
{"level":"info","message":"POST /api/auth/logout - ::1","service":"inventory-api","timestamp":"2026-06-29T01:31:26.539Z"}
{"level":"info","message":"POST /api/auth/logout - ::1","service":"inventory-api","timestamp":"2026-06-29T01:31:26.546Z"}
{"level":"info","message":"POST /api/auth/logout - ::1","service":"inventory-api","timestamp":"2026-06-29T01:31:26.550Z"}
{"level":"info","message":"POST /api/auth/logout - ::1","service":"inventory-api","timestamp":"2026-06-29T01:31:26.555Z"}
{"level":"info","message":"POST /api/auth/logout - ::1","service":"inventory-api","timestamp":"2026-06-29T01:31:26.562Z"}
{"level":"info","message":"POST /api/auth/logout - ::1","service":"inventory-api","timestamp":"2026-06-29T01:31:26.566Z"}
{"level":"info","message":"POST /api/auth/logout - ::1","service":"inventory-api","timestamp":"2026-06-29T01:31:26.571Z"}
{"level":"info","message":"POST /api/auth/logout - ::1","service":"inventory-api","timestamp":"2026-06-29T01:31:26.577Z"}
{"level":"info","message":"POST /api/auth/logout - ::1","service":"inventory-api","timestamp":"2026-06-29T01:31:26.582Z"}
{"level":"info","message":"POST /api/auth/logout - ::1","service":"inventory-api","timestamp":"2026-06-29T01:31:26.587Z"}
{"level":"info","message":"POST /api/auth/logout - ::1","service":"inventory-api","timestamp":"2026-06-29T01:31:26.592Z"}
{"level":"info","message":"POST /api/auth/logout - ::1","service":"inventory-api","timestamp":"2026-06-29T01:31:26.597Z"}
{"level":"info","message":"POST /api/auth/logout - ::1","service":"inventory-api","timestamp":"2026-06-29T01:31:26.603Z"}
{"level":"info","message":"POST /api/auth/logout - ::1","service":"inventory-api","timestamp":"2026-06-29T01:31:26.608Z"}
{"level":"info","message":"POST /api/auth/logout - ::1","service":"inventory-api","timestamp":"2026-06-29T01:31:26.613Z"}
{"level":"info","message":"POST /api/auth/logout - ::1","service":"inventory-api","timestamp":"2026-06-29T01:31:26.618Z"}
{"level":"info","message":"POST /api/auth/logout - ::1","service":"inventory-api","timestamp":"2026-06-29T01:31:26.624Z"}
{"level":"info","message":"POST /api/auth/logout - ::1","service":"inventory-api","timestamp":"2026-06-29T01:31:26.629Z"}
{"level":"info","message":"POST /api/auth/logout - ::1","service":"inventory-api","timestamp":"2026-06-29T01:31:26.634Z"}
{"level":"info","message":"POST /api/auth/logout - ::1","service":"inventory-api","timestamp":"2026-06-29T01:31:26.638Z"}
{"level":"info","message":"POST /api/auth/logout - ::1","service":"inventory-api","timestamp":"2026-06-29T01:31:26.645Z"}
{"level":"info","message":"POST /api/auth/logout - ::1","service":"inventory-api","timestamp":"2026-06-29T01:31:26.650Z"}
{"level":"info","message":"POST /api/auth/logout - ::1","service":"inventory-api","timestamp":"2026-06-29T01:31:26.655Z"}
{"level":"info","message":"POST /api/auth/logout - ::1","service":"inventory-api","timestamp":"2026-06-29T01:31:26.664Z"}
{"level":"info","message":"POST /api/auth/logout - ::1","service":"inventory-api","timestamp":"2026-06-29T01:31:26.668Z"}
{"level":"info","message":"POST /api/auth/logout - ::1","service":"inventory-api","timestamp":"2026-06-29T01:31:26.674Z"}
{"level":"info","message":"POST /api/auth/logout - ::1","service":"inventory-api","timestamp":"2026-06-29T01:31:26.680Z"}
{"level":"info","message":"POST /api/auth/logout - ::1","service":"inventory-api","timestamp":"2026-06-29T01:31:26.684Z"}
{"level":"info","message":"POST /api/auth/logout - ::1","service":"inventory-api","timestamp":"2026-06-29T01:31:26.689Z"}
{"level":"info","message":"POST /api/auth/logout - ::1","service":"inventory-api","timestamp":"2026-06-29T01:31:26.695Z"}
{"level":"info","message":"POST /api/auth/logout - ::1","service":"inventory-api","timestamp":"2026-06-29T01:31:26.700Z"}
{"level":"info","message":"POST /api/auth/logout - ::1","service":"inventory-api","timestamp":"2026-06-29T01:31:26.705Z"}
{"level":"info","message":"POST /api/auth/logout - ::1","service":"inventory-api","timestamp":"2026-06-29T01:31:26.711Z"}
{"level":"info","message":"POST /api/auth/logout - ::1","service":"inventory-api","timestamp":"2026-06-29T01:31:26.716Z"}
{"level":"info","message":"POST /api/auth/logout - ::1","service":"inventory-api","timestamp":"2026-06-29T01:31:26.721Z"}
{"level":"info","message":"POST /api/auth/logout - ::1","service":"inventory-api","timestamp":"2026-06-29T01:31:26.727Z"}
{"level":"info","message":"POST /api/auth/logout - ::1","service":"inventory-api","timestamp":"2026-06-29T01:31:26.732Z"}
{"level":"info","message":"POST /api/auth/logout - ::1","service":"inventory-api","timestamp":"2026-06-29T01:31:26.737Z"}
{"level":"info","message":"POST /api/auth/logout - ::1","service":"inventory-api","timestamp":"2026-06-29T01:31:26.742Z"}
{"level":"info","message":"POST /api/auth/logout - ::1","service":"inventory-api","timestamp":"2026-06-29T01:31:26.748Z"}
{"level":"info","message":"POST /api/auth/logout - ::1","service":"inventory-api","timestamp":"2026-06-29T01:31:26.753Z"}
{"level":"info","message":"POST /api/auth/logout - ::1","service":"inventory-api","timestamp":"2026-06-29T01:31:26.758Z"}
{"level":"info","message":"POST /api/auth/logout - ::1","service":"inventory-api","timestamp":"2026-06-29T01:31:26.764Z"}
{"level":"info","message":"POST /api/auth/logout - ::1","service":"inventory-api","timestamp":"2026-06-29T01:31:26.769Z"}
{"level":"info","message":"POST /api/auth/logout - ::1","service":"inventory-api","timestamp":"2026-06-29T01:31:26.775Z"}
{"level":"info","message":"POST /api/auth/logout - ::1","service":"inventory-api","timestamp":"2026-06-29T01:31:26.781Z"}
{"level":"info","message":"POST /api/auth/logout - ::1","service":"inventory-api","timestamp":"2026-06-29T01:31:26.786Z"}
{"level":"info","message":"POST /api/auth/logout - ::1","service":"inventory-api","timestamp":"2026-06-29T01:31:26.792Z"}
{"level":"info","message":"POST /api/auth/logout - ::1","service":"inventory-api","timestamp":"2026-06-29T01:31:26.797Z"}
{"level":"info","message":"POST /api/auth/logout - ::1","service":"inventory-api","timestamp":"2026-06-29T01:31:26.802Z"}
{"level":"info","message":"POST /api/auth/logout - ::1","service":"inventory-api","timestamp":"2026-06-29T01:31:26.808Z"}
{"level":"info","message":"POST /api/auth/logout - ::1","service":"inventory-api","timestamp":"2026-06-29T01:31:26.814Z"}
{"level":"info","message":"POST /api/auth/logout - ::1","service":"inventory-api","timestamp":"2026-06-29T01:31:26.818Z"}
{"level":"info","message":"POST /api/auth/logout - ::1","service":"inventory-api","timestamp":"2026-06-29T01:31:26.824Z"}
{"level":"info","message":"POST /api/auth/logout - ::1","service":"inventory-api","timestamp":"2026-06-29T01:31:26.830Z"}
{"level":"info","message":"POST /api/auth/logout - ::1","service":"inventory-api","timestamp":"2026-06-29T01:31:26.835Z"}
{"level":"info","message":"POST /api/auth/logout - ::1","service":"inventory-api","timestamp":"2026-06-29T01:31:26.841Z"}
{"level":"info","message":"POST /api/auth/logout - ::1","service":"inventory-api","timestamp":"2026-06-29T01:31:26.846Z"}
{"level":"info","message":"POST /api/auth/logout - ::1","service":"inventory-api","timestamp":"2026-06-29T01:31:26.851Z"}
{"level":"info","message":"POST /api/auth/logout - ::1","service":"inventory-api","timestamp":"2026-06-29T01:31:26.857Z"}
{"level":"info","message":"POST /api/auth/logout - ::1","service":"inventory-api","timestamp":"2026-06-29T01:31:26.863Z"}
{"level":"info","message":"POST /api/auth/logout - ::1","service":"inventory-api","timestamp":"2026-06-29T01:31:26.868Z"}
{"level":"info","message":"POST /api/auth/logout - ::1","service":"inventory-api","timestamp":"2026-06-29T01:31:26.874Z"}
{"level":"info","message":"POST /api/auth/logout - ::1","service":"inventory-api","timestamp":"2026-06-29T01:31:26.880Z"}
{"level":"info","message":"POST /api/auth/logout - ::1","service":"inventory-api","timestamp":"2026-06-29T01:31:26.884Z"}
{"level":"info","message":"POST /api/auth/logout - ::1","service":"inventory-api","timestamp":"2026-06-29T01:31:26.890Z"}
{"level":"info","message":"POST /api/auth/logout - ::1","service":"inventory-api","timestamp":"2026-06-29T01:31:26.896Z"}
{"level":"info","message":"POST /api/auth/logout - ::1","service":"inventory-api","timestamp":"2026-06-29T01:31:26.901Z"}
{"level":"info","message":"POST /api/auth/logout - ::1","service":"inventory-api","timestamp":"2026-06-29T01:31:26.906Z"}
{"level":"info","message":"POST /api/auth/logout - ::1","service":"inventory-api","timestamp":"2026-06-29T01:31:26.911Z"}
{"level":"info","message":"POST /api/auth/logout - ::1","service":"inventory-api","timestamp":"2026-06-29T01:31:26.916Z"}
{"level":"info","message":"POST /api/auth/logout - ::1","service":"inventory-api","timestamp":"2026-06-29T01:31:26.921Z"}
{"level":"info","message":"POST /api/auth/logout - ::1","service":"inventory-api","timestamp":"2026-06-29T01:31:26.928Z"}
{"level":"info","message":"POST /api/auth/logout - ::1","service":"inventory-api","timestamp":"2026-06-29T01:31:26.933Z"}
{"level":"info","message":"POST /api/auth/logout - ::1","service":"inventory-api","timestamp":"2026-06-29T01:31:26.938Z"}
{"level":"info","message":"POST /api/auth/logout - ::1","service":"inventory-api","timestamp":"2026-06-29T01:31:26.943Z"}
{"level":"info","message":"POST /api/auth/logout - ::1","service":"inventory-api","timestamp":"2026-06-29T01:31:26.949Z"}
{"level":"info","message":"POST /api/auth/logout - ::1","service":"inventory-api","timestamp":"2026-06-29T01:31:26.954Z"}
{"level":"info","message":"POST /api/auth/logout - ::1","service":"inventory-api","timestamp":"2026-06-29T01:31:26.960Z"}
{"level":"info","message":"POST /api/auth/logout - ::1","service":"inventory-api","timestamp":"2026-06-29T01:31:26.965Z"}
{"level":"info","message":"POST /api/auth/logout - ::1","service":"inventory-api","timestamp":"2026-06-29T01:31:26.970Z"}
{"level":"info","message":"POST /api/auth/logout - ::1","service":"inventory-api","timestamp":"2026-06-29T01:31:26.975Z"}
{"level":"info","message":"POST /api/auth/logout - ::1","service":"inventory-api","timestamp":"2026-06-29T01:31:26.981Z"}
{"level":"info","message":"POST /api/auth/logout - ::1","service":"inventory-api","timestamp":"2026-06-29T01:31:26.987Z"}
{"level":"info","message":"POST /api/auth/logout - ::1","service":"inventory-api","timestamp":"2026-06-29T01:31:26.995Z"}
{"level":"info","message":"POST /api/auth/logout - ::1","service":"inventory-api","timestamp":"2026-06-29T01:31:27.001Z"}
{"level":"info","message":"POST /api/auth/logout - ::1","service":"inventory-api","timestamp":"2026-06-29T01:31:27.006Z"}
{"level":"info","message":"POST /api/auth/logout - ::1","service":"inventory-api","timestamp":"2026-06-29T01:31:27.012Z"}
{"level":"info","message":"POST /api/auth/logout - ::1","service":"inventory-api","timestamp":"2026-06-29T01:31:27.018Z"}
{"level":"info","message":"POST /api/auth/logout - ::1","service":"inventory-api","timestamp":"2026-06-29T01:31:27.023Z"}
{"level":"info","message":"POST /api/auth/logout - ::1","service":"inventory-api","timestamp":"2026-06-29T01:31:27.030Z"}
{"level":"info","message":"POST /api/auth/logout - ::1","service":"inventory-api","timestamp":"2026-06-29T01:31:27.035Z"}
{"level":"info","message":"POST /api/auth/logout - ::1","service":"inventory-api","timestamp":"2026-06-29T01:31:27.041Z"}
{"level":"info","message":"POST /api/auth/logout - ::1","service":"inventory-api","timestamp":"2026-06-29T01:31:27.047Z"}
{"level":"info","message":"POST /api/auth/logout - ::1","service":"inventory-api","timestamp":"2026-06-29T01:31:27.052Z"}
{"level":"info","message":"POST /api/auth/logout - ::1","service":"inventory-api","timestamp":"2026-06-29T01:31:27.058Z"}
{"level":"info","message":"POST /api/auth/logout - ::1","service":"inventory-api","timestamp":"2026-06-29T01:31:27.064Z"}
{"level":"info","message":"POST /api/auth/logout - ::1","service":"inventory-api","timestamp":"2026-06-29T01:31:27.069Z"}
{"level":"info","message":"POST /api/auth/logout - ::1","service":"inventory-api","timestamp":"2026-06-29T01:31:27.075Z"}
{"level":"info","message":"POST /api/auth/logout - ::1","service":"inventory-api","timestamp":"2026-06-29T01:31:27.081Z"}
{"level":"info","message":"POST /api/auth/logout - ::1","service":"inventory-api","timestamp":"2026-06-29T01:31:27.086Z"}
{"level":"info","message":"POST /api/auth/logout - ::1","service":"inventory-api","timestamp":"2026-06-29T01:31:27.093Z"}
{"level":"info","message":"POST /api/auth/logout - ::1","service":"inventory-api","timestamp":"2026-06-29T01:31:27.098Z"}
{"level":"info","message":"POST /api/auth/logout - ::1","service":"inventory-api","timestamp":"2026-06-29T01:31:27.103Z"}
{"level":"info","message":"POST /api/auth/logout - ::1","service":"inventory-api","timestamp":"2026-06-29T01:31:27.110Z"}
{"level":"info","message":"POST /api/auth/logout - ::1","service":"inventory-api","timestamp":"2026-06-29T01:31:27.115Z"}
{"level":"info","message":"POST /api/auth/logout - ::1","service":"inventory-api","timestamp":"2026-06-29T01:31:27.120Z"}
{"level":"info","message":"POST /api/auth/logout - ::1","service":"inventory-api","timestamp":"2026-06-29T01:31:27.126Z"}
{"level":"info","message":"POST /api/auth/logout - ::1","service":"inventory-api","timestamp":"2026-06-29T01:31:27.131Z"}
{"level":"info","message":"POST /api/auth/logout - ::1","service":"inventory-api","timestamp":"2026-06-29T01:31:27.136Z"}
{"level":"info","message":"POST /api/auth/logout - ::1","service":"inventory-api","timestamp":"2026-06-29T01:31:27.143Z"}
{"level":"info","message":"POST /api/auth/logout - ::1","service":"inventory-api","timestamp":"2026-06-29T01:31:27.148Z"}
{"level":"info","message":"POST /api/auth/logout - ::1","service":"inventory-api","timestamp":"2026-06-29T01:31:27.154Z"}
{"level":"info","message":"POST /api/auth/logout - ::1","service":"inventory-api","timestamp":"2026-06-29T01:31:27.161Z"}
{"level":"info","message":"POST /api/auth/logout - ::1","service":"inventory-api","timestamp":"2026-06-29T01:31:27.167Z"}
{"level":"info","message":"POST /api/auth/logout - ::1","service":"inventory-api","timestamp":"2026-06-29T01:31:27.172Z"}
{"level":"info","message":"POST /api/auth/logout - ::1","service":"inventory-api","timestamp":"2026-06-29T01:31:27.179Z"}
{"level":"info","message":"POST /api/auth/logout - ::1","service":"inventory-api","timestamp":"2026-06-29T01:31:27.185Z"}
{"level":"info","message":"POST /api/auth/logout - ::1","service":"inventory-api","timestamp":"2026-06-29T01:31:27.191Z"}
{"level":"info","message":"POST /api/auth/logout - ::1","service":"inventory-api","timestamp":"2026-06-29T01:31:27.197Z"}
{"level":"info","message":"POST /api/auth/logout - ::1","service":"inventory-api","timestamp":"2026-06-29T01:31:27.203Z"}
{"level":"info","message":"POST /api/auth/logout - ::1","service":"inventory-api","timestamp":"2026-06-29T01:31:27.222Z"}
{"level":"info","message":"POST /api/auth/logout - ::1","service":"inventory-api","timestamp":"2026-06-29T01:31:27.229Z"}
{"level":"info","message":"POST /api/auth/logout - ::1","service":"inventory-api","timestamp":"2026-06-29T01:31:27.237Z"}
{"level":"info","message":"POST /api/auth/logout - ::1","service":"inventory-api","timestamp":"2026-06-29T01:31:27.243Z"}
{"level":"info","message":"POST /api/auth/logout - ::1","service":"inventory-api","timestamp":"2026-06-29T01:31:27.249Z"}
{"level":"info","message":"POST /api/auth/logout - ::1","service":"inventory-api","timestamp":"2026-06-29T01:31:27.254Z"}
{"level":"info","message":"POST /api/auth/logout - ::1","service":"inventory-api","timestamp":"2026-06-29T01:31:27.262Z"}
{"level":"info","message":"POST /api/auth/logout - ::1","service":"inventory-api","timestamp":"2026-06-29T01:31:27.267Z"}
{"level":"info","message":"POST /api/auth/logout - ::1","service":"inventory-api","timestamp":"2026-06-29T01:31:27.273Z"}
{"level":"info","message":"POST /api/auth/logout - ::1","service":"inventory-api","timestamp":"2026-06-29T01:31:27.280Z"}
{"level":"info","message":"POST /api/auth/logout - ::1","service":"inventory-api","timestamp":"2026-06-29T01:31:27.285Z"}
{"level":"info","message":"POST /api/auth/logout - ::1","service":"inventory-api","timestamp":"2026-06-29T01:31:27.291Z"}
{"level":"info","message":"POST /api/auth/logout - ::1","service":"inventory-api","timestamp":"2026-06-29T01:31:27.297Z"}
{"level":"info","message":"POST /api/auth/logout - ::1","service":"inventory-api","timestamp":"2026-06-29T01:31:27.302Z"}
{"level":"info","message":"POST /api/auth/logout - ::1","service":"inventory-api","timestamp":"2026-06-29T01:31:27.307Z"}
{"level":"info","message":"POST /api/auth/logout - ::1","service":"inventory-api","timestamp":"2026-06-29T01:31:27.313Z"}
{"level":"info","message":"POST /api/auth/logout - ::1","service":"inventory-api","timestamp":"2026-06-29T01:31:27.318Z"}
{"level":"info","message":"POST /api/auth/logout - ::1","service":"inventory-api","timestamp":"2026-06-29T01:31:27.324Z"}
{"level":"info","message":"POST /api/auth/logout - ::1","service":"inventory-api","timestamp":"2026-06-29T01:31:27.331Z"}
{"level":"info","message":"POST /api/auth/logout - ::1","service":"inventory-api","timestamp":"2026-06-29T01:31:27.335Z"}
{"level":"info","message":"POST /api/auth/logout - ::1","service":"inventory-api","timestamp":"2026-06-29T01:31:27.341Z"}
{"level":"info","message":"POST /api/auth/logout - ::1","service":"inventory-api","timestamp":"2026-06-29T01:31:27.347Z"}
{"level":"info","message":"POST /api/auth/logout - ::1","service":"inventory-api","timestamp":"2026-06-29T01:31:27.352Z"}
{"level":"info","message":"POST /api/auth/logout - ::1","service":"inventory-api","timestamp":"2026-06-29T01:31:27.358Z"}
{"level":"info","message":"POST /api/auth/logout - ::1","service":"inventory-api","timestamp":"2026-06-29T01:31:27.364Z"}
{"level":"info","message":"POST /api/auth/logout - ::1","service":"inventory-api","timestamp":"2026-06-29T01:31:27.368Z"}
{"level":"info","message":"POST /api/auth/logout - ::1","service":"inventory-api","timestamp":"2026-06-29T01:31:27.374Z"}
{"level":"info","message":"POST /api/auth/logout - ::1","service":"inventory-api","timestamp":"2026-06-29T01:31:27.380Z"}
{"level":"info","message":"POST /api/auth/logout - ::1","service":"inventory-api","timestamp":"2026-06-29T01:31:27.385Z"}
{"level":"info","message":"POST /api/auth/logout - ::1","service":"inventory-api","timestamp":"2026-06-29T01:31:27.390Z"}
{"level":"info","message":"POST /api/auth/logout - ::1","service":"inventory-api","timestamp":"2026-06-29T01:31:27.395Z"}
{"level":"info","message":"POST /api/auth/logout - ::1","service":"inventory-api","timestamp":"2026-06-29T01:31:27.400Z"}
{"level":"info","message":"POST /api/auth/logout - ::1","service":"inventory-api","timestamp":"2026-06-29T01:31:27.405Z"}
{"level":"info","message":"POST /api/auth/logout - ::1","service":"inventory-api","timestamp":"2026-06-29T01:31:27.411Z"}
{"level":"info","message":"POST /api/auth/logout - ::1","service":"inventory-api","timestamp":"2026-06-29T01:31:27.417Z"}
{"level":"info","message":"POST /api/auth/logout - ::1","service":"inventory-api","timestamp":"2026-06-29T01:31:27.421Z"}
{"level":"info","message":"POST /api/auth/logout - ::1","service":"inventory-api","timestamp":"2026-06-29T01:31:27.428Z"}
{"level":"info","message":"POST /api/auth/logout - ::1","service":"inventory-api","timestamp":"2026-06-29T01:31:27.433Z"}
{"level":"info","message":"POST /api/auth/logout - ::1","service":"inventory-api","timestamp":"2026-06-29T01:31:27.438Z"}
{"level":"info","message":"POST /api/auth/logout - ::1","service":"inventory-api","timestamp":"2026-06-29T01:31:27.445Z"}
{"level":"info","message":"POST /api/auth/logout - ::1","service":"inventory-api","timestamp":"2026-06-29T01:31:27.449Z"}
{"level":"info","message":"POST /api/auth/logout - ::1","service":"inventory-api","timestamp":"2026-06-29T01:31:27.454Z"}
{"level":"info","message":"POST /api/auth/logout - ::1","service":"inventory-api","timestamp":"2026-06-29T01:31:27.460Z"}
{"level":"info","message":"POST /api/auth/logout - ::1","service":"inventory-api","timestamp":"2026-06-29T01:31:27.465Z"}
{"level":"info","message":"POST /api/auth/logout - ::1","service":"inventory-api","timestamp":"2026-06-29T01:31:27.470Z"}
{"level":"info","message":"POST /api/auth/logout - ::1","service":"inventory-api","timestamp":"2026-06-29T01:31:27.477Z"}
{"level":"info","message":"POST /api/auth/logout - ::1","service":"inventory-api","timestamp":"2026-06-29T01:31:27.482Z"}
{"level":"info","message":"POST /api/auth/logout - ::1","service":"inventory-api","timestamp":"2026-06-29T01:31:27.487Z"}
{"level":"info","message":"POST /api/auth/logout - ::1","service":"inventory-api","timestamp":"2026-06-29T01:31:27.492Z"}
{"level":"info","message":"POST /api/auth/logout - ::1","service":"inventory-api","timestamp":"2026-06-29T01:31:27.498Z"}
{"level":"info","message":"POST /api/auth/logout - ::1","service":"inventory-api","timestamp":"2026-06-29T01:31:27.503Z"}
{"level":"info","message":"POST /api/auth/logout - ::1","service":"inventory-api","timestamp":"2026-06-29T01:31:27.508Z"}
{"level":"info","message":"POST /api/auth/logout - ::1","service":"inventory-api","timestamp":"2026-06-29T01:31:27.514Z"}
{"level":"info","message":"POST /api/auth/logout - ::1","service":"inventory-api","timestamp":"2026-06-29T01:31:27.518Z"}
{"level":"info","message":"POST /api/auth/logout - ::1","service":"inventory-api","timestamp":"2026-06-29T01:31:27.524Z"}
{"level":"info","message":"POST /api/auth/logout - ::1","service":"inventory-api","timestamp":"2026-06-29T01:31:27.529Z"}
{"level":"info","message":"POST /api/auth/logout - ::1","service":"inventory-api","timestamp":"2026-06-29T01:31:27.534Z"}
{"level":"info","message":"POST /api/auth/logout - ::1","service":"inventory-api","timestamp":"2026-06-29T01:31:27.539Z"}
{"level":"info","message":"POST /api/auth/logout - ::1","service":"inventory-api","timestamp":"2026-06-29T01:31:27.545Z"}
{"level":"info","message":"POST /api/auth/logout - ::1","service":"inventory-api","timestamp":"2026-06-29T01:31:27.550Z"}
{"level":"info","message":"POST /api/auth/logout - ::1","service":"inventory-api","timestamp":"2026-06-29T01:31:27.556Z"}
{"level":"info","message":"POST /api/auth/logout - ::1","service":"inventory-api","timestamp":"2026-06-29T01:31:27.563Z"}
{"level":"info","message":"POST /api/auth/logout - ::1","service":"inventory-api","timestamp":"2026-06-29T01:31:27.567Z"}
{"level":"info","message":"POST /api/auth/logout - ::1","service":"inventory-api","timestamp":"2026-06-29T01:31:27.573Z"}
{"level":"info","message":"POST /api/auth/logout - ::1","service":"inventory-api","timestamp":"2026-06-29T01:31:27.578Z"}
{"level":"info","message":"POST /api/auth/logout - ::1","service":"inventory-api","timestamp":"2026-06-29T01:31:27.583Z"}
{"level":"info","message":"POST /api/auth/logout - ::1","service":"inventory-api","timestamp":"2026-06-29T01:31:27.591Z"}
{"level":"info","message":"POST /api/auth/logout - ::1","service":"inventory-api","timestamp":"2026-06-29T01:31:27.597Z"}
{"level":"info","message":"POST /api/auth/logout - ::1","service":"inventory-api","timestamp":"2026-06-29T01:31:27.602Z"}
{"level":"info","message":"POST /api/auth/logout - ::1","service":"inventory-api","timestamp":"2026-06-29T01:31:27.608Z"}
{"level":"info","message":"POST /api/auth/logout - ::1","service":"inventory-api","timestamp":"2026-06-29T01:31:27.613Z"}
{"level":"info","message":"POST /api/auth/logout - ::1","service":"inventory-api","timestamp":"2026-06-29T01:31:27.618Z"}
{"level":"info","message":"POST /api/auth/logout - ::1","service":"inventory-api","timestamp":"2026-06-29T01:31:27.623Z"}
{"level":"info","message":"POST /api/auth/logout - ::1","service":"inventory-api","timestamp":"2026-06-29T01:31:27.629Z"}
{"level":"info","message":"POST /api/auth/logout - ::1","service":"inventory-api","timestamp":"2026-06-29T01:31:27.634Z"}
{"level":"info","message":"POST /api/auth/logout - ::1","service":"inventory-api","timestamp":"2026-06-29T01:31:27.639Z"}
{"level":"info","message":"POST /api/auth/logout - ::1","service":"inventory-api","timestamp":"2026-06-29T01:31:27.645Z"}
{"level":"info","message":"POST /api/auth/logout - ::1","service":"inventory-api","timestamp":"2026-06-29T01:31:27.649Z"}
{"level":"info","message":"POST /api/auth/logout - ::1","service":"inventory-api","timestamp":"2026-06-29T01:31:27.655Z"}
{"level":"info","message":"POST /api/auth/logout - ::1","service":"inventory-api","timestamp":"2026-06-29T01:31:27.661Z"}
{"level":"info","message":"POST /api/auth/logout - ::1","service":"inventory-api","timestamp":"2026-06-29T01:31:27.666Z"}
{"level":"info","message":"POST /api/auth/logout - ::1","service":"inventory-api","timestamp":"2026-06-29T01:31:27.671Z"}
{"level":"info","message":"POST /api/auth/logout - ::1","service":"inventory-api","timestamp":"2026-06-29T01:31:27.676Z"}
{"level":"info","message":"POST /api/auth/logout - ::1","service":"inventory-api","timestamp":"2026-06-29T01:31:27.681Z"}
{"level":"info","message":"POST /api/auth/logout - ::1","service":"inventory-api","timestamp":"2026-06-29T01:31:27.686Z"}
{"level":"info","message":"POST /api/auth/logout - ::1","service":"inventory-api","timestamp":"2026-06-29T01:31:27.692Z"}
{"level":"info","message":"POST /api/auth/logout - ::1","service":"inventory-api","timestamp":"2026-06-29T01:31:27.697Z"}
{"level":"info","message":"POST /api/auth/logout - ::1","service":"inventory-api","timestamp":"2026-06-29T01:31:27.702Z"}
{"level":"info","message":"POST /api/auth/logout - ::1","service":"inventory-api","timestamp":"2026-06-29T01:31:27.707Z"}
{"level":"info","message":"POST /api/auth/logout - ::1","service":"inventory-api","timestamp":"2026-06-29T01:31:27.713Z"}
{"level":"info","message":"POST /api/auth/logout - ::1","service":"inventory-api","timestamp":"2026-06-29T01:31:27.718Z"}
{"level":"info","message":"POST /api/auth/logout - ::1","service":"inventory-api","timestamp":"2026-06-29T01:31:27.724Z"}
{"level":"info","message":"POST /api/auth/logout - ::1","service":"inventory-api","timestamp":"2026-06-29T01:31:27.729Z"}
{"level":"info","message":"POST /api/auth/logout - ::1","service":"inventory-api","timestamp":"2026-06-29T01:31:27.734Z"}
{"level":"info","message":"POST /api/auth/logout - ::1","service":"inventory-api","timestamp":"2026-06-29T01:31:27.740Z"}
{"level":"info","message":"POST /api/auth/logout - ::1","service":"inventory-api","timestamp":"2026-06-29T01:31:27.746Z"}
{"level":"info","message":"POST /api/auth/logout - ::1","service":"inventory-api","timestamp":"2026-06-29T01:31:27.751Z"}
{"level":"info","message":"POST /api/auth/logout - ::1","service":"inventory-api","timestamp":"2026-06-29T01:31:27.756Z"}
{"level":"info","message":"POST /api/auth/logout - ::1","service":"inventory-api","timestamp":"2026-06-29T01:31:27.762Z"}
{"level":"info","message":"POST /api/auth/logout - ::1","service":"inventory-api","timestamp":"2026-06-29T01:31:27.767Z"}
{"level":"info","message":"POST /api/auth/logout - ::1","service":"inventory-api","timestamp":"2026-06-29T01:31:27.772Z"}
{"level":"info","message":"POST /api/auth/logout - ::1","service":"inventory-api","timestamp":"2026-06-29T01:31:27.781Z"}
{"level":"info","message":"POST /api/auth/logout - ::1","service":"inventory-api","timestamp":"2026-06-29T01:31:27.786Z"}
{"level":"info","message":"POST /api/auth/logout - ::1","service":"inventory-api","timestamp":"2026-06-29T01:31:27.795Z"}
{"level":"info","message":"POST /api/auth/logout - ::1","service":"inventory-api","timestamp":"2026-06-29T01:31:27.800Z"}
{"level":"info","message":"POST /api/auth/logout - ::1","service":"inventory-api","timestamp":"2026-06-29T01:31:27.805Z"}
{"level":"info","message":"POST /api/auth/logout - ::1","service":"inventory-api","timestamp":"2026-06-29T01:31:27.811Z"}
{"level":"info","message":"POST /api/auth/logout - ::1","service":"inventory-api","timestamp":"2026-06-29T01:31:27.816Z"}
{"level":"info","message":"POST /api/auth/logout - ::1","service":"inventory-api","timestamp":"2026-06-29T01:31:27.821Z"}
{"level":"info","message":"POST /api/auth/logout - ::1","service":"inventory-api","timestamp":"2026-06-29T01:31:27.827Z"}
{"level":"info","message":"POST /api/auth/logout - ::1","service":"inventory-api","timestamp":"2026-06-29T01:31:27.831Z"}
{"level":"info","message":"POST /api/auth/logout - ::1","service":"inventory-api","timestamp":"2026-06-29T01:31:27.836Z"}
{"level":"info","message":"POST /api/auth/logout - ::1","service":"inventory-api","timestamp":"2026-06-29T01:31:27.842Z"}
{"level":"info","message":"POST /api/auth/logout - ::1","service":"inventory-api","timestamp":"2026-06-29T01:31:27.847Z"}
{"level":"info","message":"POST /api/auth/logout - ::1","service":"inventory-api","timestamp":"2026-06-29T01:31:27.852Z"}
{"level":"info","message":"POST /api/auth/logout - ::1","service":"inventory-api","timestamp":"2026-06-29T01:31:27.859Z"}
{"level":"info","message":"POST /api/auth/logout - ::1","service":"inventory-api","timestamp":"2026-06-29T01:31:27.864Z"}
{"level":"info","message":"POST /api/auth/logout - ::1","service":"inventory-api","timestamp":"2026-06-29T01:31:27.869Z"}
{"level":"info","message":"POST /api/auth/logout - ::1","service":"inventory-api","timestamp":"2026-06-29T01:31:27.877Z"}
{"level":"info","message":"POST /api/auth/logout - ::1","service":"inventory-api","timestamp":"2026-06-29T01:31:27.882Z"}
{"level":"info","message":"POST /api/auth/logout - ::1","service":"inventory-api","timestamp":"2026-06-29T01:31:27.887Z"}
{"level":"info","message":"POST /api/auth/logout - ::1","service":"inventory-api","timestamp":"2026-06-29T01:31:27.893Z"}
{"level":"info","message":"POST /api/auth/logout - ::1","service":"inventory-api","timestamp":"2026-06-29T01:31:27.897Z"}
{"level":"info","message":"POST /api/auth/logout - ::1","service":"inventory-api","timestamp":"2026-06-29T01:31:27.902Z"}
{"level":"info","message":"POST /api/auth/logout - ::1","service":"inventory-api","timestamp":"2026-06-29T01:31:27.908Z"}
{"level":"info","message":"POST /api/auth/logout - ::1","service":"inventory-api","timestamp":"2026-06-29T01:31:27.913Z"}
{"level":"info","message":"POST /api/auth/logout - ::1","service":"inventory-api","timestamp":"2026-06-29T01:31:27.918Z"}
{"level":"info","message":"POST /api/auth/logout - ::1","service":"inventory-api","timestamp":"2026-06-29T01:31:27.925Z"}
{"level":"info","message":"POST /api/auth/logout - ::1","service":"inventory-api","timestamp":"2026-06-29T01:31:27.931Z"}
{"level":"info","message":"POST /api/auth/logout - ::1","service":"inventory-api","timestamp":"2026-06-29T01:31:27.935Z"}
{"level":"info","message":"POST /api/auth/logout - ::1","service":"inventory-api","timestamp":"2026-06-29T01:31:27.941Z"}
{"level":"info","message":"POST /api/auth/logout - ::1","service":"inventory-api","timestamp":"2026-06-29T01:31:27.946Z"}
{"level":"info","message":"POST /api/auth/logout - ::1","service":"inventory-api","timestamp":"2026-06-29T01:31:27.952Z"}
{"level":"info","message":"POST /api/auth/logout - ::1","service":"inventory-api","timestamp":"2026-06-29T01:31:27.958Z"}
{"level":"info","message":"POST /api/auth/logout - ::1","service":"inventory-api","timestamp":"2026-06-29T01:31:27.963Z"}
{"level":"info","message":"POST /api/auth/logout - ::1","service":"inventory-api","timestamp":"2026-06-29T01:31:27.968Z"}
{"level":"info","message":"POST /api/auth/logout - ::1","service":"inventory-api","timestamp":"2026-06-29T01:31:27.973Z"}
{"level":"info","message":"POST /api/auth/logout - ::1","service":"inventory-api","timestamp":"2026-06-29T01:31:27.979Z"}
{"level":"info","message":"POST /api/auth/logout - ::1","service":"inventory-api","timestamp":"2026-06-29T01:31:27.984Z"}
{"level":"info","message":"POST /api/auth/logout - ::1","service":"inventory-api","timestamp":"2026-06-29T01:31:27.989Z"}
{"level":"info","message":"POST /api/auth/logout - ::1","service":"inventory-api","timestamp":"2026-06-29T01:31:27.996Z"}
{"level":"info","message":"POST /api/auth/logout - ::1","service":"inventory-api","timestamp":"2026-06-29T01:31:28.001Z"}
{"level":"info","message":"POST /api/auth/logout - ::1","service":"inventory-api","timestamp":"2026-06-29T01:31:28.005Z"}
{"level":"info","message":"POST /api/auth/logout - ::1","service":"inventory-api","timestamp":"2026-06-29T01:31:28.011Z"}
{"level":"info","message":"POST /api/auth/logout - ::1","service":"inventory-api","timestamp":"2026-06-29T01:31:28.016Z"}
{"level":"info","message":"POST /api/auth/logout - ::1","service":"inventory-api","timestamp":"2026-06-29T01:31:28.021Z"}
{"level":"info","message":"POST /api/auth/logout - ::1","service":"inventory-api","timestamp":"2026-06-29T01:31:28.028Z"}
{"level":"info","message":"POST /api/auth/logout - ::1","service":"inventory-api","timestamp":"2026-06-29T01:31:28.033Z"}
{"level":"info","message":"POST /api/auth/logout - ::1","service":"inventory-api","timestamp":"2026-06-29T01:31:28.038Z"}
{"level":"info","message":"POST /api/auth/logout - ::1","service":"inventory-api","timestamp":"2026-06-29T01:31:28.044Z"}
{"level":"info","message":"POST /api/auth/logout - ::1","service":"inventory-api","timestamp":"2026-06-29T01:31:28.049Z"}
{"level":"info","message":"POST /api/auth/logout - ::1","service":"inventory-api","timestamp":"2026-06-29T01:31:28.054Z"}
{"level":"info","message":"POST /api/auth/logout - ::1","service":"inventory-api","timestamp":"2026-06-29T01:31:28.059Z"}
{"level":"info","message":"POST /api/auth/logout - ::1","service":"inventory-api","timestamp":"2026-06-29T01:31:28.064Z"}
{"level":"info","message":"POST /api/auth/logout - ::1","service":"inventory-api","timestamp":"2026-06-29T01:31:28.069Z"}
{"level":"info","message":"POST /api/auth/logout - ::1","service":"inventory-api","timestamp":"2026-06-29T01:31:28.075Z"}
{"level":"info","message":"POST /api/auth/logout - ::1","service":"inventory-api","timestamp":"2026-06-29T01:31:28.080Z"}
{"level":"info","message":"POST /api/auth/logout - ::1","service":"inventory-api","timestamp":"2026-06-29T01:31:28.085Z"}
{"level":"info","message":"POST /api/auth/logout - ::1","service":"inventory-api","timestamp":"2026-06-29T01:31:28.090Z"}
{"level":"info","message":"POST /api/auth/logout - ::1","service":"inventory-api","timestamp":"2026-06-29T01:31:28.096Z"}
{"level":"info","message":"POST /api/auth/logout - ::1","service":"inventory-api","timestamp":"2026-06-29T01:31:28.101Z"}
{"level":"info","message":"POST /api/auth/logout - ::1","service":"inventory-api","timestamp":"2026-06-29T01:31:28.107Z"}
{"level":"info","message":"POST /api/auth/logout - ::1","service":"inventory-api","timestamp":"2026-06-29T01:31:28.113Z"}
{"level":"info","message":"POST /api/auth/logout - ::1","service":"inventory-api","timestamp":"2026-06-29T01:31:28.118Z"}
{"level":"info","message":"POST /api/auth/logout - ::1","service":"inventory-api","timestamp":"2026-06-29T01:31:28.123Z"}
{"level":"info","message":"POST /api/auth/logout - ::1","service":"inventory-api","timestamp":"2026-06-29T01:31:28.128Z"}
{"level":"info","message":"POST /api/auth/logout - ::1","service":"inventory-api","timestamp":"2026-06-29T01:31:28.133Z"}
{"level":"info","message":"POST /api/auth/logout - ::1","service":"inventory-api","timestamp":"2026-06-29T01:31:28.138Z"}
{"level":"info","message":"POST /api/auth/logout - ::1","service":"inventory-api","timestamp":"2026-06-29T01:31:28.144Z"}
{"level":"info","message":"POST /api/auth/logout - ::1","service":"inventory-api","timestamp":"2026-06-29T01:31:28.149Z"}
{"level":"info","message":"POST /api/auth/logout - ::1","service":"inventory-api","timestamp":"2026-06-29T01:31:28.153Z"}
{"level":"info","message":"POST /api/auth/logout - ::1","service":"inventory-api","timestamp":"2026-06-29T01:31:28.159Z"}
{"level":"info","message":"POST /api/auth/logout - ::1","service":"inventory-api","timestamp":"2026-06-29T01:31:28.164Z"}
{"level":"info","message":"POST /api/auth/logout - ::1","service":"inventory-api","timestamp":"2026-06-29T01:31:28.169Z"}
{"level":"info","message":"POST /api/auth/logout - ::1","service":"inventory-api","timestamp":"2026-06-29T01:31:28.175Z"}
{"level":"info","message":"POST /api/auth/logout - ::1","service":"inventory-api","timestamp":"2026-06-29T01:31:28.181Z"}
{"level":"info","message":"POST /api/auth/logout - ::1","service":"inventory-api","timestamp":"2026-06-29T01:31:28.185Z"}
{"level":"info","message":"POST /api/auth/logout - ::1","service":"inventory-api","timestamp":"2026-06-29T01:31:28.191Z"}
{"level":"info","message":"POST /api/auth/logout - ::1","service":"inventory-api","timestamp":"2026-06-29T01:31:28.197Z"}
{"level":"info","message":"POST /api/auth/logout - ::1","service":"inventory-api","timestamp":"2026-06-29T01:31:28.201Z"}
{"level":"info","message":"POST /api/auth/logout - ::1","service":"inventory-api","timestamp":"2026-06-29T01:31:28.207Z"}
{"level":"info","message":"POST /api/auth/logout - ::1","service":"inventory-api","timestamp":"2026-06-29T01:31:28.213Z"}
{"level":"info","message":"POST /api/auth/logout - ::1","service":"inventory-api","timestamp":"2026-06-29T01:31:28.218Z"}
{"level":"info","message":"POST /api/auth/logout - ::1","service":"inventory-api","timestamp":"2026-06-29T01:31:28.223Z"}
{"level":"info","message":"POST /api/auth/logout - ::1","service":"inventory-api","timestamp":"2026-06-29T01:31:28.229Z"}
{"level":"info","message":"POST /api/auth/logout - ::1","service":"inventory-api","timestamp":"2026-06-29T01:31:28.234Z"}
{"level":"info","message":"POST /api/auth/logout - ::1","service":"inventory-api","timestamp":"2026-06-29T01:31:28.238Z"}
{"level":"info","message":"POST /api/auth/logout - ::1","service":"inventory-api","timestamp":"2026-06-29T01:31:28.244Z"}
{"level":"info","message":"POST /api/auth/logout - ::1","service":"inventory-api","timestamp":"2026-06-29T01:31:28.249Z"}
{"level":"info","message":"POST /api/auth/logout - ::1","service":"inventory-api","timestamp":"2026-06-29T01:31:28.254Z"}
{"level":"info","message":"POST /api/auth/logout - ::1","service":"inventory-api","timestamp":"2026-06-29T01:31:28.261Z"}
{"level":"info","message":"POST /api/auth/logout - ::1","service":"inventory-api","timestamp":"2026-06-29T01:31:28.266Z"}
{"level":"info","message":"POST /api/auth/logout - ::1","service":"inventory-api","timestamp":"2026-06-29T01:31:28.271Z"}
{"level":"info","message":"Server running on port 3000 in development mode","service":"inventory-api","timestamp":"2026-06-29T01:32:30.025Z"}
{"level":"info","message":"API Docs: http://localhost:3000/api-docs","service":"inventory-api","timestamp":"2026-06-29T01:32:30.030Z"}
{"level":"info","message":"POST /api/auth/login - ::1","service":"inventory-api","timestamp":"2026-06-29T01:32:30.925Z"}
{"level":"info","message":"GET /api/permissions/my-permissions - ::1","service":"inventory-api","timestamp":"2026-06-29T01:32:31.585Z"}
{"level":"info","message":"GET /api/dashboard - ::1","service":"inventory-api","timestamp":"2026-06-29T01:32:31.605Z"}
{"level":"info","message":"GET /api/products?page=1&limit=20 - ::1","service":"inventory-api","timestamp":"2026-06-29T01:32:41.172Z"}
{"level":"info","message":"GET /api/sales?page=1&limit=20 - ::1","service":"inventory-api","timestamp":"2026-06-29T01:32:43.633Z"}
{"level":"info","message":"PATCH /api/sales/b2bf9c81-15ce-4d34-8ee2-7102def0334d/payment - ::1","service":"inventory-api","timestamp":"2026-06-29T01:33:01.380Z"}
{"level":"info","message":"GET /api/sales/b2bf9c81-15ce-4d34-8ee2-7102def0334d - ::1","service":"inventory-api","timestamp":"2026-06-29T01:33:04.991Z"}
{"level":"info","message":"GET /api/sales?page=1&limit=20 - ::1","service":"inventory-api","timestamp":"2026-06-29T01:33:17.895Z"}
{"level":"info","message":"PATCH /api/sales/b2bf9c81-15ce-4d34-8ee2-7102def0334d/payment - ::1","service":"inventory-api","timestamp":"2026-06-29T01:33:33.618Z"}
{"level":"info","message":"GET /api/sales?page=1&limit=20&search=INV-MQYGU01N - ::1","service":"inventory-api","timestamp":"2026-06-29T01:34:26.496Z"}
{"level":"info","message":"GET /api/sales?page=1&limit=20 - ::1","service":"inventory-api","timestamp":"2026-06-29T01:34:29.998Z"}
{"level":"info","message":"GET /api/sales/b2bf9c81-15ce-4d34-8ee2-7102def0334d/pdf - ::1","service":"inventory-api","timestamp":"2026-06-29T01:34:31.447Z"}
{"level":"info","message":"GET /api/purchases?page=1&limit=20 - ::1","service":"inventory-api","timestamp":"2026-06-29T01:35:47.155Z"}
{"level":"info","message":"GET /api/purchases/fc7a39c0-0d6a-4fdd-8e24-de62cb02b9a4 - ::1","service":"inventory-api","timestamp":"2026-06-29T01:35:51.231Z"}
{"level":"info","message":"GET /api/purchases?page=1&limit=20 - ::1","service":"inventory-api","timestamp":"2026-06-29T01:36:05.017Z"}
{"level":"info","message":"GET /api/sales?page=1&limit=20 - ::1","service":"inventory-api","timestamp":"2026-06-29T01:36:09.421Z"}
{"level":"info","message":"POST /api/auth/login - ::1","service":"inventory-api","timestamp":"2026-06-29T01:38:50.863Z"}
{"level":"info","message":"GET /api/permissions/my-permissions - ::1","service":"inventory-api","timestamp":"2026-06-29T01:38:51.221Z"}
{"level":"info","message":"GET /api/dashboard - ::1","service":"inventory-api","timestamp":"2026-06-29T01:38:51.245Z"}
{"level":"info","message":"GET /api/sales?page=1&limit=20 - ::1","service":"inventory-api","timestamp":"2026-06-29T01:38:57.094Z"}
{"level":"info","message":"PATCH /api/sales/d4b3551b-e0db-4c51-a45d-9ad9b4867c41/payment - ::1","service":"inventory-api","timestamp":"2026-06-29T01:39:42.560Z"}
{"level":"info","message":"POST /api/auth/login - ::1","service":"inventory-api","timestamp":"2026-06-29T01:46:26.896Z"}
{"level":"info","message":"GET /api/permissions/my-permissions - ::1","service":"inventory-api","timestamp":"2026-06-29T01:46:27.255Z"}
{"level":"info","message":"GET /api/dashboard - ::1","service":"inventory-api","timestamp":"2026-06-29T01:46:27.272Z"}
{"level":"info","message":"GET /api/sales?page=1&limit=20 - ::1","service":"inventory-api","timestamp":"2026-06-29T01:46:30.099Z"}
{"level":"info","message":"POST /api/auth/login - ::1","service":"inventory-api","timestamp":"2026-06-29T01:47:38.276Z"}
{"level":"info","message":"GET /api/permissions/my-permissions - ::1","service":"inventory-api","timestamp":"2026-06-29T01:47:38.582Z"}
{"level":"info","message":"GET /api/dashboard - ::1","service":"inventory-api","timestamp":"2026-06-29T01:47:38.601Z"}
{"level":"info","message":"GET /api/sales?page=1&limit=20 - ::1","service":"inventory-api","timestamp":"2026-06-29T01:47:40.332Z"}
{"level":"info","message":"GET /api/inventory?page=1&limit=20 - ::1","service":"inventory-api","timestamp":"2026-06-29T01:48:36.210Z"}
{"level":"info","message":"GET /api/warehouses?limit=100 - ::1","service":"inventory-api","timestamp":"2026-06-29T01:48:36.222Z"}
{"level":"info","message":"GET /api/products?limit=1000&is_active=true - ::1","service":"inventory-api","timestamp":"2026-06-29T01:48:36.227Z"}
{"level":"info","message":"GET /api/purchases?page=1&limit=20 - ::1","service":"inventory-api","timestamp":"2026-06-29T01:48:37.762Z"}
{"level":"info","message":"GET /api/sales?page=1&limit=20 - ::1","service":"inventory-api","timestamp":"2026-06-29T01:48:39.443Z"}
{"level":"info","message":"GET /api/sales/d4b3551b-e0db-4c51-a45d-9ad9b4867c41 - ::1","service":"inventory-api","timestamp":"2026-06-29T01:49:53.344Z"}
{"level":"info","message":"GET /api/sales?page=1&limit=20 - ::1","service":"inventory-api","timestamp":"2026-06-29T01:51:14.410Z"}
{"level":"info","message":"GET /api/sales/d4b3551b-e0db-4c51-a45d-9ad9b4867c41/pdf - ::1","service":"inventory-api","timestamp":"2026-06-29T01:51:16.222Z"}
{"level":"info","message":"POST /api/auth/login - ::1","service":"inventory-api","timestamp":"2026-06-29T01:53:13.268Z"}
{"level":"info","message":"GET /api/permissions/my-permissions - ::1","service":"inventory-api","timestamp":"2026-06-29T01:53:13.593Z"}
{"level":"info","message":"GET /api/dashboard - ::1","service":"inventory-api","timestamp":"2026-06-29T01:53:13.601Z"}
{"level":"info","message":"GET /api/sales?page=1&limit=20 - ::1","service":"inventory-api","timestamp":"2026-06-29T01:53:15.147Z"}
{"level":"info","message":"POST /api/auth/login - ::1","service":"inventory-api","timestamp":"2026-06-29T01:55:19.299Z"}
{"level":"info","message":"GET /api/permissions/my-permissions - ::1","service":"inventory-api","timestamp":"2026-06-29T01:55:19.747Z"}
{"level":"info","message":"GET /api/dashboard - ::1","service":"inventory-api","timestamp":"2026-06-29T01:55:19.760Z"}
{"level":"info","message":"GET /api/sales?page=1&limit=20 - ::1","service":"inventory-api","timestamp":"2026-06-29T01:55:21.529Z"}
{"level":"info","message":"GET /api/sales/d4b3551b-e0db-4c51-a45d-9ad9b4867c41 - ::1","service":"inventory-api","timestamp":"2026-06-29T01:56:10.333Z"}
{"level":"info","message":"GET /api/sales?page=1&limit=20 - ::1","service":"inventory-api","timestamp":"2026-06-29T01:57:30.055Z"}
{"level":"info","message":"POST /api/auth/login - ::1","service":"inventory-api","timestamp":"2026-06-29T02:00:44.068Z"}
{"level":"info","message":"GET /api/permissions/my-permissions - ::1","service":"inventory-api","timestamp":"2026-06-29T02:00:44.469Z"}
{"level":"info","message":"GET /api/dashboard - ::1","service":"inventory-api","timestamp":"2026-06-29T02:00:44.481Z"}
{"level":"info","message":"POST /api/notifications/check-stock - ::1","service":"inventory-api","timestamp":"2026-06-29T02:01:58.367Z"}
{"level":"info","message":"POST /api/notifications/check-stock - ::1","service":"inventory-api","timestamp":"2026-06-29T02:01:58.938Z"}
{"level":"info","message":"GET /api/categories?page=1&limit=20 - ::1","service":"inventory-api","timestamp":"2026-06-29T02:02:26.283Z"}
{"level":"info","message":"GET /api/dashboard - ::1","service":"inventory-api","timestamp":"2026-06-29T02:02:29.328Z"}
{"level":"info","message":"Server running on port 3000 in development mode","service":"inventory-api","timestamp":"2026-06-29T02:05:56.785Z"}
{"level":"info","message":"API Docs: http://localhost:3000/api-docs","service":"inventory-api","timestamp":"2026-06-29T02:05:56.791Z"}
{"level":"info","message":"GET /api/categories?page=1&limit=20 - ::1","service":"inventory-api","timestamp":"2026-06-29T02:06:15.790Z"}
{"level":"info","message":"GET /api/dashboard - ::1","service":"inventory-api","timestamp":"2026-06-29T02:06:18.812Z"}
{"level":"info","message":"Server running on port 3000 in development mode","service":"inventory-api","timestamp":"2026-06-29T02:08:24.774Z"}
{"level":"info","message":"API Docs: http://localhost:3000/api-docs","service":"inventory-api","timestamp":"2026-06-29T02:08:24.782Z"}
{"level":"info","message":"POST /api/auth/login - ::1","service":"inventory-api","timestamp":"2026-06-29T02:08:39.863Z"}
{"level":"info","message":"GET /api/permissions/my-permissions - ::1","service":"inventory-api","timestamp":"2026-06-29T02:08:40.356Z"}
{"level":"info","message":"GET /api/dashboard - ::1","service":"inventory-api","timestamp":"2026-06-29T02:08:40.368Z"}
{"level":"info","message":"Server running on port 3000 in development mode","service":"inventory-api","timestamp":"2026-06-29T02:09:23.607Z"}
{"level":"info","message":"API Docs: http://localhost:3000/api-docs","service":"inventory-api","timestamp":"2026-06-29T02:09:23.616Z"}
{"level":"info","message":"POST /api/auth/login - ::1","service":"inventory-api","timestamp":"2026-06-29T02:09:29.957Z"}
{"level":"info","message":"GET /api/permissions/my-permissions - ::1","service":"inventory-api","timestamp":"2026-06-29T02:09:30.541Z"}
{"level":"info","message":"GET /api/dashboard - ::1","service":"inventory-api","timestamp":"2026-06-29T02:09:30.574Z"}
{"level":"info","message":"Server running on port 3000 in development mode","service":"inventory-api","timestamp":"2026-06-29T02:13:00.104Z"}
{"level":"info","message":"API Docs: http://localhost:3000/api-docs","service":"inventory-api","timestamp":"2026-06-29T02:13:00.115Z"}
{"level":"info","message":"POST /api/auth/login - ::1","service":"inventory-api","timestamp":"2026-06-29T02:13:04.446Z"}
{"level":"info","message":"GET /api/permissions/my-permissions - ::1","service":"inventory-api","timestamp":"2026-06-29T02:13:05.016Z"}
{"level":"info","message":"GET /api/dashboard - ::1","service":"inventory-api","timestamp":"2026-06-29T02:13:05.056Z"}
{"level":"info","message":"GET /api/inventory/transactions?page=1&limit=20 - ::1","service":"inventory-api","timestamp":"2026-06-29T02:13:24.655Z"}
{"level":"info","message":"GET /api/purchases?page=1&limit=20 - ::1","service":"inventory-api","timestamp":"2026-06-29T02:13:55.953Z"}
{"level":"info","message":"GET /api/products?page=1&limit=20 - ::1","service":"inventory-api","timestamp":"2026-06-29T02:14:37.355Z"}
{"level":"info","message":"GET /api/categories?limit=1000 - ::1","service":"inventory-api","timestamp":"2026-06-29T02:14:40.359Z"}
{"level":"info","message":"GET /api/units - ::1","service":"inventory-api","timestamp":"2026-06-29T02:14:40.362Z"}
{"level":"error","message":"Unhandled Rejection: supabase.from is not a function","service":"inventory-api","stack":"TypeError: supabase.from is not a function\n    at D:\\Praveen Personal\\Projects\\ENM\\backend\\src\\routes\\units.js:8:42\n    at Layer.handle [as handle_request] (D:\\Praveen Personal\\Projects\\ENM\\backend\\node_modules\\express\\lib\\router\\layer.js:95:5)\n    at next (D:\\Praveen Personal\\Projects\\ENM\\backend\\node_modules\\express\\lib\\router\\route.js:149:13)\n    at Route.dispatch (D:\\Praveen Personal\\Projects\\ENM\\backend\\node_modules\\express\\lib\\router\\route.js:119:3)\n    at Layer.handle [as handle_request] (D:\\Praveen Personal\\Projects\\ENM\\backend\\node_modules\\express\\lib\\router\\layer.js:95:5)\n    at D:\\Praveen Personal\\Projects\\ENM\\backend\\node_modules\\express\\lib\\router\\index.js:284:15\n    at Function.process_params (D:\\Praveen Personal\\Projects\\ENM\\backend\\node_modules\\express\\lib\\router\\index.js:346:12)\n    at next (D:\\Praveen Personal\\Projects\\ENM\\backend\\node_modules\\express\\lib\\router\\index.js:280:10)\n    at authenticate (D:\\Praveen Personal\\Projects\\ENM\\backend\\src\\middleware\\auth.js:26:5)\n    at process.processTicksAndRejections (node:internal/process/task_queues:105:5)","timestamp":"2026-06-29T02:14:40.440Z"}
{"level":"info","message":"Server running on port 3000 in development mode","service":"inventory-api","timestamp":"2026-06-29T02:17:15.640Z"}
{"level":"info","message":"API Docs: http://localhost:3000/api-docs","service":"inventory-api","timestamp":"2026-06-29T02:17:15.650Z"}
{"level":"info","message":"GET /api/categories?limit=1000 - ::1","service":"inventory-api","timestamp":"2026-06-29T02:17:24.261Z"}
{"level":"info","message":"GET /api/units - ::1","service":"inventory-api","timestamp":"2026-06-29T02:17:24.315Z"}
{"level":"info","message":"POST /api/products - ::1","service":"inventory-api","timestamp":"2026-06-29T02:18:21.928Z"}
{"body":{"barcode":"BL-1245","brand":"","category_id":"a52664e8-9a6b-4809-877a-d69c2f9d73dd","description":"","is_active":"true","name":"Break Linear","purchase_price":"13.42","reorder_level":"0","selling_price":"17.47","tax_percentage":"0","unit_id":"ab068afa-81db-464c-a01c-0d1e0ec4ecfc"},"level":"error","message":"ENOENT: no such file or directory, open 'D:\\Praveen Personal\\Projects\\ENM\\backend\\uploads\\354c285f-3517-47f6-8fbf-1a1af75ccbbb.png'","method":"POST","service":"inventory-api","stack":"Error: ENOENT: no such file or directory, open 'D:\\Praveen Personal\\Projects\\ENM\\backend\\uploads\\354c285f-3517-47f6-8fbf-1a1af75ccbbb.png'","timestamp":"2026-06-29T02:18:22.038Z","url":"/api/products","userId":"4e88eed5-7f77-4232-a20f-92e6808a3179"}
{"level":"info","message":"GET /api/products?page=1&limit=20 - ::1","service":"inventory-api","timestamp":"2026-06-29T02:18:28.058Z"}
{"level":"info","message":"GET /api/categories?limit=1000 - ::1","service":"inventory-api","timestamp":"2026-06-29T02:20:35.234Z"}
{"level":"info","message":"GET /api/units - ::1","service":"inventory-api","timestamp":"2026-06-29T02:20:35.240Z"}
{"level":"info","message":"POST /api/products - ::1","service":"inventory-api","timestamp":"2026-06-29T02:21:17.536Z"}
{"level":"info","message":"GET /api/products?page=1&limit=20 - ::1","service":"inventory-api","timestamp":"2026-06-29T02:21:18.393Z"}
{"level":"info","message":"GET /api/sales?page=1&limit=20 - ::1","service":"inventory-api","timestamp":"2026-06-29T02:21:43.505Z"}
{"level":"info","message":"GET /api/customers?limit=1000 - ::1","service":"inventory-api","timestamp":"2026-06-29T02:21:45.397Z"}
{"level":"info","message":"GET /api/warehouses?limit=1000 - ::1","service":"inventory-api","timestamp":"2026-06-29T02:21:45.402Z"}
{"level":"info","message":"GET /api/products?limit=1000&is_active=true - ::1","service":"inventory-api","timestamp":"2026-06-29T02:21:45.409Z"}
{"level":"info","message":"POST /api/sales - ::1","service":"inventory-api","timestamp":"2026-06-29T02:22:06.486Z"}
{"level":"info","message":"GET /api/sales?page=1&limit=20 - ::1","service":"inventory-api","timestamp":"2026-06-29T02:22:13.534Z"}
{"level":"info","message":"GET /api/purchases?page=1&limit=20 - ::1","service":"inventory-api","timestamp":"2026-06-29T02:22:16.040Z"}
{"level":"info","message":"GET /api/suppliers?limit=1000 - ::1","service":"inventory-api","timestamp":"2026-06-29T02:22:19.319Z"}
{"level":"info","message":"GET /api/warehouses?limit=1000 - ::1","service":"inventory-api","timestamp":"2026-06-29T02:22:19.326Z"}
{"level":"info","message":"GET /api/products?limit=1000&is_active=true - ::1","service":"inventory-api","timestamp":"2026-06-29T02:22:19.335Z"}
{"level":"info","message":"POST /api/purchases - ::1","service":"inventory-api","timestamp":"2026-06-29T02:22:51.390Z"}
{"level":"info","message":"GET /api/purchases?page=1&limit=20 - ::1","service":"inventory-api","timestamp":"2026-06-29T02:22:51.551Z"}
{"level":"info","message":"PATCH /api/purchases/9c7254aa-8368-4bf4-be85-589005509f57/status - ::1","service":"inventory-api","timestamp":"2026-06-29T02:22:56.220Z"}
{"level":"info","message":"GET /api/purchases?page=1&limit=20 - ::1","service":"inventory-api","timestamp":"2026-06-29T02:22:56.266Z"}
{"level":"info","message":"GET /api/sales?page=1&limit=20 - ::1","service":"inventory-api","timestamp":"2026-06-29T02:23:05.042Z"}
{"level":"info","message":"PATCH /api/sales/d4b3551b-e0db-4c51-a45d-9ad9b4867c41/payment - ::1","service":"inventory-api","timestamp":"2026-06-29T02:23:21.597Z"}
{"level":"info","message":"PATCH /api/sales/d4b3551b-e0db-4c51-a45d-9ad9b4867c41/payment - ::1","service":"inventory-api","timestamp":"2026-06-29T02:23:39.397Z"}
{"level":"info","message":"GET /api/dashboard - ::1","service":"inventory-api","timestamp":"2026-06-29T02:24:05.182Z"}
{"level":"info","message":"GET /api/users?page=1&limit=20 - ::1","service":"inventory-api","timestamp":"2026-06-29T03:57:22.736Z"}
{"level":"info","message":"GET /api/users/roles - ::1","service":"inventory-api","timestamp":"2026-06-29T03:57:29.163Z"}
{"level":"info","message":"GET /api/users/48472e17-efff-4f0f-a670-5d11e6aafd58 - ::1","service":"inventory-api","timestamp":"2026-06-29T03:57:29.165Z"}
{"level":"info","message":"GET /api/users?page=1&limit=20 - ::1","service":"inventory-api","timestamp":"2026-06-29T03:58:40.108Z"}
{"level":"info","message":"POST /api/auth/login - ::1","service":"inventory-api","timestamp":"2026-06-29T04:06:56.141Z"}
{"level":"info","message":"GET /api/permissions/my-permissions - ::1","service":"inventory-api","timestamp":"2026-06-29T04:06:56.856Z"}
{"level":"info","message":"GET /api/dashboard - ::1","service":"inventory-api","timestamp":"2026-06-29T04:06:56.873Z"}
{"level":"info","message":"GET /api/products?page=1&limit=20 - ::1","service":"inventory-api","timestamp":"2026-06-29T04:07:02.283Z"}
{"level":"info","message":"GET /api/categories?limit=1000 - ::1","service":"inventory-api","timestamp":"2026-06-29T04:07:59.676Z"}
{"level":"info","message":"GET /api/units - ::1","service":"inventory-api","timestamp":"2026-06-29T04:07:59.680Z"}
{"level":"info","message":"POST /api/auth/login - ::1","service":"inventory-api","timestamp":"2026-06-29T04:18:17.454Z"}
{"level":"info","message":"POST /api/auth/login - ::1","service":"inventory-api","timestamp":"2026-06-29T04:18:20.342Z"}
{"level":"info","message":"GET /api/permissions/my-permissions - ::1","service":"inventory-api","timestamp":"2026-06-29T04:18:21.242Z"}
{"level":"info","message":"GET /api/dashboard - ::1","service":"inventory-api","timestamp":"2026-06-29T04:18:21.255Z"}
{"level":"info","message":"GET /api/products?page=1&limit=20 - ::1","service":"inventory-api","timestamp":"2026-06-29T04:18:25.522Z"}
{"level":"info","message":"GET /api/categories?limit=1000 - ::1","service":"inventory-api","timestamp":"2026-06-29T04:18:30.872Z"}
{"level":"info","message":"GET /api/units - ::1","service":"inventory-api","timestamp":"2026-06-29T04:18:30.876Z"}
{"level":"info","message":"GET /api/products/0c8e3547-b57c-487f-b925-d8485afdee06 - ::1","service":"inventory-api","timestamp":"2026-06-29T04:18:30.880Z"}
{"level":"info","message":"GET /api/categories?page=1&limit=20 - ::1","service":"inventory-api","timestamp":"2026-06-29T04:22:28.315Z"}
{"level":"info","message":"GET /api/products?page=1&limit=20 - ::1","service":"inventory-api","timestamp":"2026-06-29T04:22:31.249Z"}
{"level":"info","message":"GET /api/products/export - ::1","service":"inventory-api","timestamp":"2026-06-29T04:22:49.702Z"}
{"level":"info","message":"GET /api/categories?limit=1000 - ::1","service":"inventory-api","timestamp":"2026-06-29T04:23:27.736Z"}
{"level":"info","message":"GET /api/units - ::1","service":"inventory-api","timestamp":"2026-06-29T04:23:27.740Z"}
{"level":"info","message":"GET /api/sales?page=1&limit=20 - ::1","service":"inventory-api","timestamp":"2026-06-29T04:28:07.300Z"}
{"level":"info","message":"GET /api/customers?limit=1000 - ::1","service":"inventory-api","timestamp":"2026-06-29T04:28:09.800Z"}
{"level":"info","message":"GET /api/warehouses?limit=1000 - ::1","service":"inventory-api","timestamp":"2026-06-29T04:28:09.807Z"}
{"level":"info","message":"GET /api/products?limit=1000&is_active=true - ::1","service":"inventory-api","timestamp":"2026-06-29T04:28:09.817Z"}
{"level":"info","message":"GET /api/sales?page=1&limit=20 - ::1","service":"inventory-api","timestamp":"2026-06-29T04:28:27.101Z"}
{"level":"info","message":"GET /api/sales/b2bf9c81-15ce-4d34-8ee2-7102def0334d - ::1","service":"inventory-api","timestamp":"2026-06-29T04:28:30.763Z"}
{"level":"info","message":"GET /api/sales?page=1&limit=20 - ::1","service":"inventory-api","timestamp":"2026-06-29T04:28:35.133Z"}
{"level":"info","message":"GET /api/products?page=1&limit=20 - ::1","service":"inventory-api","timestamp":"2026-06-29T04:28:47.475Z"}
{"level":"info","message":"GET /api/categories?limit=1000 - ::1","service":"inventory-api","timestamp":"2026-06-29T04:28:55.190Z"}
{"level":"info","message":"GET /api/units - ::1","service":"inventory-api","timestamp":"2026-06-29T04:28:55.193Z"}
{"level":"info","message":"GET /api/dashboard - ::1","service":"inventory-api","timestamp":"2026-06-29T04:31:41.849Z"}
{"level":"info","message":"GET /api/categories?page=1&limit=20 - ::1","service":"inventory-api","timestamp":"2026-06-29T04:31:45.029Z"}
{"level":"info","message":"GET /api/categories?limit=1000 - ::1","service":"inventory-api","timestamp":"2026-06-29T04:31:46.691Z"}
{"level":"info","message":"GET /api/inventory?page=1&limit=20 - ::1","service":"inventory-api","timestamp":"2026-06-29T04:31:55.903Z"}
{"level":"info","message":"GET /api/warehouses?limit=100 - ::1","service":"inventory-api","timestamp":"2026-06-29T04:31:55.915Z"}
{"level":"info","message":"GET /api/products?limit=1000&is_active=true - ::1","service":"inventory-api","timestamp":"2026-06-29T04:31:55.920Z"}
{"level":"info","message":"GET /api/inventory?page=1&limit=20&warehouse_id=633a1801-c110-4499-92f3-11cc7e491eff - ::1","service":"inventory-api","timestamp":"2026-06-29T04:34:37.328Z"}
{"level":"info","message":"POST /api/auth/login - ::1","service":"inventory-api","timestamp":"2026-06-29T04:34:45.860Z"}
{"level":"info","message":"GET /api/permissions/my-permissions - ::1","service":"inventory-api","timestamp":"2026-06-29T04:34:46.165Z"}
{"level":"info","message":"GET /api/dashboard - ::1","service":"inventory-api","timestamp":"2026-06-29T04:34:46.180Z"}
{"level":"info","message":"GET /api/products?page=1&limit=20 - ::1","service":"inventory-api","timestamp":"2026-06-29T04:34:48.288Z"}
{"level":"info","message":"GET /api/categories?limit=1000 - ::1","service":"inventory-api","timestamp":"2026-06-29T04:34:50.216Z"}
{"level":"info","message":"GET /api/units - ::1","service":"inventory-api","timestamp":"2026-06-29T04:34:50.220Z"}
{"level":"info","message":"POST /api/auth/login - ::1","service":"inventory-api","timestamp":"2026-06-29T04:41:22.869Z"}
{"level":"info","message":"GET /api/permissions/my-permissions - ::1","service":"inventory-api","timestamp":"2026-06-29T04:41:23.703Z"}
{"level":"info","message":"GET /api/dashboard - ::1","service":"inventory-api","timestamp":"2026-06-29T04:41:23.715Z"}
{"level":"info","message":"GET /api/products?page=1&limit=20 - ::1","service":"inventory-api","timestamp":"2026-06-29T04:41:25.916Z"}
{"level":"info","message":"GET /api/categories?limit=1000 - ::1","service":"inventory-api","timestamp":"2026-06-29T04:41:27.914Z"}
{"level":"info","message":"GET /api/units - ::1","service":"inventory-api","timestamp":"2026-06-29T04:41:27.918Z"}
{"level":"info","message":"Server running on port 3000 in development mode","service":"inventory-api","timestamp":"2026-06-29T10:42:09.273Z"}
{"level":"info","message":"API Docs: http://localhost:3000/api-docs","service":"inventory-api","timestamp":"2026-06-29T10:42:09.281Z"}
{"level":"info","message":"POST /api/auth/login - ::1","service":"inventory-api","timestamp":"2026-06-29T10:45:07.827Z"}
{"code":"28P01","file":"auth.c","length":104,"level":"error","line":"332","message":"Login error: password authentication failed for user \"postgres\"","name":"error","routine":"auth_failed","service":"inventory-api","severity":"FATAL","stack":"error: password authentication failed for user \"postgres\"\n    at E:\\Projects\\EMS\\API\\node_modules\\pg-pool\\index.js:45:11\n    at process.processTicksAndRejections (node:internal/process/task_queues:103:5)\n    at async login (E:\\Projects\\EMS\\API\\src\\controllers\\authController.js:16:22)","timestamp":"2026-06-29T10:45:08.005Z"}
{"level":"info","message":"Server running on port 3000 in development mode","service":"inventory-api","timestamp":"2026-06-29T10:50:31.125Z"}
{"level":"info","message":"API Docs: http://localhost:3000/api-docs","service":"inventory-api","timestamp":"2026-06-29T10:50:31.139Z"}
{"level":"info","message":"POST /api/auth/login - ::1","service":"inventory-api","timestamp":"2026-06-29T10:50:38.754Z"}
{"level":"info","message":"GET /api/permissions/my-permissions - ::1","service":"inventory-api","timestamp":"2026-06-29T10:50:39.407Z"}
{"level":"info","message":"GET /api/dashboard - ::1","service":"inventory-api","timestamp":"2026-06-29T10:50:39.422Z"}
{"level":"info","message":"GET /api/inventory?page=1&limit=20 - ::1","service":"inventory-api","timestamp":"2026-06-29T10:51:08.756Z"}
{"level":"info","message":"GET /api/warehouses?limit=100 - ::1","service":"inventory-api","timestamp":"2026-06-29T10:51:08.762Z"}
{"level":"info","message":"GET /api/products?limit=1000&is_active=true - ::1","service":"inventory-api","timestamp":"2026-06-29T10:51:08.771Z"}
{"level":"info","message":"GET /api/products?page=1&limit=20 - ::1","service":"inventory-api","timestamp":"2026-06-29T10:51:23.419Z"}
{"level":"info","message":"GET /api/categories?limit=1000 - ::1","service":"inventory-api","timestamp":"2026-06-29T10:51:27.302Z"}
{"level":"info","message":"GET /api/units - ::1","service":"inventory-api","timestamp":"2026-06-29T10:51:27.306Z"}
{"level":"info","message":"GET /api/categories?page=1&limit=20 - ::1","service":"inventory-api","timestamp":"2026-06-29T10:51:33.189Z"}
{"level":"info","message":"GET /api/categories?limit=1000 - ::1","service":"inventory-api","timestamp":"2026-06-29T10:51:34.696Z"}
{"level":"info","message":"POST /api/categories - ::1","service":"inventory-api","timestamp":"2026-06-29T10:51:50.718Z"}
{"level":"info","message":"GET /api/categories?page=1&limit=20 - ::1","service":"inventory-api","timestamp":"2026-06-29T10:51:50.802Z"}
{"level":"info","message":"GET /api/categories?limit=1000 - ::1","service":"inventory-api","timestamp":"2026-06-29T10:51:54.310Z"}
{"level":"info","message":"POST /api/categories - ::1","service":"inventory-api","timestamp":"2026-06-29T10:52:02.124Z"}
{"level":"info","message":"GET /api/categories?page=1&limit=20 - ::1","service":"inventory-api","timestamp":"2026-06-29T10:52:02.180Z"}
{"level":"info","message":"GET /api/suppliers?page=1&limit=20 - ::1","service":"inventory-api","timestamp":"2026-06-29T10:52:06.149Z"}
{"level":"info","message":"POST /api/suppliers - ::1","service":"inventory-api","timestamp":"2026-06-29T10:53:35.895Z"}
{"level":"info","message":"GET /api/suppliers?page=1&limit=20 - ::1","service":"inventory-api","timestamp":"2026-06-29T10:53:36.119Z"}
{"level":"info","message":"POST /api/suppliers - ::1","service":"inventory-api","timestamp":"2026-06-29T10:54:29.181Z"}
{"level":"info","message":"GET /api/suppliers?page=1&limit=20 - ::1","service":"inventory-api","timestamp":"2026-06-29T10:54:29.346Z"}
{"level":"info","message":"GET /api/customers?page=1&limit=20 - ::1","service":"inventory-api","timestamp":"2026-06-29T10:54:31.896Z"}
{"level":"info","message":"POST /api/customers - ::1","service":"inventory-api","timestamp":"2026-06-29T10:55:42.878Z"}
{"level":"info","message":"GET /api/customers?page=1&limit=20 - ::1","service":"inventory-api","timestamp":"2026-06-29T10:55:43.039Z"}
{"level":"info","message":"POST /api/customers - ::1","service":"inventory-api","timestamp":"2026-06-29T10:56:39.681Z"}
{"level":"info","message":"GET /api/customers?page=1&limit=20 - ::1","service":"inventory-api","timestamp":"2026-06-29T10:56:39.864Z"}
{"level":"info","message":"GET /api/warehouses?page=1&limit=20 - ::1","service":"inventory-api","timestamp":"2026-06-29T10:56:42.025Z"}
{"level":"info","message":"POST /api/warehouses - ::1","service":"inventory-api","timestamp":"2026-06-29T10:57:03.767Z"}
{"level":"info","message":"GET /api/warehouses?page=1&limit=20 - ::1","service":"inventory-api","timestamp":"2026-06-29T10:57:03.867Z"}
{"level":"info","message":"GET /api/dashboard - ::1","service":"inventory-api","timestamp":"2026-06-29T10:57:23.856Z"}
{"level":"info","message":"GET /api/inventory?page=1&limit=20 - ::1","service":"inventory-api","timestamp":"2026-06-29T10:57:28.390Z"}
{"level":"info","message":"GET /api/warehouses?limit=100 - ::1","service":"inventory-api","timestamp":"2026-06-29T10:57:28.401Z"}
{"level":"info","message":"GET /api/products?limit=1000&is_active=true - ::1","service":"inventory-api","timestamp":"2026-06-29T10:57:28.406Z"}
{"level":"info","message":"GET /api/purchases?page=1&limit=20 - ::1","service":"inventory-api","timestamp":"2026-06-29T10:57:31.368Z"}
{"level":"info","message":"GET /api/suppliers?limit=1000 - ::1","service":"inventory-api","timestamp":"2026-06-29T10:57:33.716Z"}
{"level":"info","message":"GET /api/warehouses?limit=1000 - ::1","service":"inventory-api","timestamp":"2026-06-29T10:57:33.720Z"}
{"level":"info","message":"GET /api/products?limit=1000&is_active=true - ::1","service":"inventory-api","timestamp":"2026-06-29T10:57:33.724Z"}
{"level":"info","message":"GET /api/purchases?page=1&limit=20 - ::1","service":"inventory-api","timestamp":"2026-06-29T10:58:25.853Z"}
{"level":"info","message":"GET /api/suppliers?limit=1000 - ::1","service":"inventory-api","timestamp":"2026-06-29T10:58:29.303Z"}
{"level":"info","message":"GET /api/warehouses?limit=1000 - ::1","service":"inventory-api","timestamp":"2026-06-29T10:58:29.307Z"}
{"level":"info","message":"GET /api/products?limit=1000&is_active=true - ::1","service":"inventory-api","timestamp":"2026-06-29T10:58:29.309Z"}
{"level":"info","message":"GET /api/auth/login - ::1","service":"inventory-api","timestamp":"2026-06-29T10:59:07.180Z"}
{"level":"info","message":"GET /favicon.ico - ::1","service":"inventory-api","timestamp":"2026-06-29T10:59:07.808Z"}
{"level":"info","message":"GET /api/purchases?page=1&limit=20 - ::1","service":"inventory-api","timestamp":"2026-06-29T10:59:30.949Z"}
{"level":"info","message":"GET /api/suppliers?limit=1000 - ::1","service":"inventory-api","timestamp":"2026-06-29T10:59:38.696Z"}
{"level":"info","message":"GET /api/warehouses?limit=1000 - ::1","service":"inventory-api","timestamp":"2026-06-29T10:59:38.713Z"}
{"level":"info","message":"GET /api/products?limit=1000&is_active=true - ::1","service":"inventory-api","timestamp":"2026-06-29T10:59:38.761Z"}
{"level":"info","message":"GET /api/products?page=1&limit=20 - ::1","service":"inventory-api","timestamp":"2026-06-29T11:00:50.473Z"}
{"level":"info","message":"GET /api/categories?limit=1000 - ::1","service":"inventory-api","timestamp":"2026-06-29T11:00:54.310Z"}
{"level":"info","message":"GET /api/units - ::1","service":"inventory-api","timestamp":"2026-06-29T11:00:54.313Z"}
{"level":"info","message":"POST /api/products - ::1","service":"inventory-api","timestamp":"2026-06-29T11:01:51.665Z"}
{"level":"info","message":"GET /api/products?page=1&limit=20 - ::1","service":"inventory-api","timestamp":"2026-06-29T11:01:52.526Z"}
{"level":"info","message":"GET /api/categories?limit=1000 - ::1","service":"inventory-api","timestamp":"2026-06-29T11:01:59.401Z"}
{"level":"info","message":"GET /api/units - ::1","service":"inventory-api","timestamp":"2026-06-29T11:01:59.404Z"}
{"level":"info","message":"POST /api/products - ::1","service":"inventory-api","timestamp":"2026-06-29T11:02:22.229Z"}
{"level":"info","message":"GET /api/products?page=1&limit=20 - ::1","service":"inventory-api","timestamp":"2026-06-29T11:02:23.081Z"}
{"level":"info","message":"GET /api/purchases?page=1&limit=20 - ::1","service":"inventory-api","timestamp":"2026-06-29T11:02:27.989Z"}
{"level":"info","message":"GET /api/suppliers?limit=1000 - ::1","service":"inventory-api","timestamp":"2026-06-29T11:02:29.924Z"}
{"level":"info","message":"GET /api/warehouses?limit=1000 - ::1","service":"inventory-api","timestamp":"2026-06-29T11:02:29.929Z"}
{"level":"info","message":"GET /api/products?limit=1000&is_active=true - ::1","service":"inventory-api","timestamp":"2026-06-29T11:02:29.934Z"}
{"level":"info","message":"POST /api/purchases - ::1","service":"inventory-api","timestamp":"2026-06-29T11:03:09.790Z"}
{"level":"info","message":"GET /api/purchases?page=1&limit=20 - ::1","service":"inventory-api","timestamp":"2026-06-29T11:03:09.970Z"}
{"level":"info","message":"GET /api/suppliers?limit=1000 - ::1","service":"inventory-api","timestamp":"2026-06-29T11:03:14.527Z"}
{"level":"info","message":"GET /api/warehouses?limit=1000 - ::1","service":"inventory-api","timestamp":"2026-06-29T11:03:14.534Z"}
{"level":"info","message":"GET /api/products?limit=1000&is_active=true - ::1","service":"inventory-api","timestamp":"2026-06-29T11:03:14.537Z"}
{"level":"info","message":"POST /api/purchases - ::1","service":"inventory-api","timestamp":"2026-06-29T11:03:47.253Z"}
{"level":"info","message":"GET /api/purchases?page=1&limit=20 - ::1","service":"inventory-api","timestamp":"2026-06-29T11:03:47.506Z"}
{"level":"info","message":"PATCH /api/purchases/82f2f37b-ea5b-4752-b639-43702323832c/status - ::1","service":"inventory-api","timestamp":"2026-06-29T11:03:49.596Z"}
{"level":"info","message":"GET /api/purchases?page=1&limit=20 - ::1","service":"inventory-api","timestamp":"2026-06-29T11:03:49.638Z"}
{"level":"info","message":"PATCH /api/purchases/2fc15f8e-0a6e-4089-9311-e98119348cf0/status - ::1","service":"inventory-api","timestamp":"2026-06-29T11:03:50.566Z"}
{"level":"info","message":"GET /api/purchases?page=1&limit=20 - ::1","service":"inventory-api","timestamp":"2026-06-29T11:03:50.588Z"}
{"level":"info","message":"GET /api/inventory?page=1&limit=20 - ::1","service":"inventory-api","timestamp":"2026-06-29T11:03:54.201Z"}
{"level":"info","message":"GET /api/warehouses?limit=100 - ::1","service":"inventory-api","timestamp":"2026-06-29T11:03:54.204Z"}
{"level":"info","message":"GET /api/products?limit=1000&is_active=true - ::1","service":"inventory-api","timestamp":"2026-06-29T11:03:54.208Z"}
{"level":"info","message":"POST /api/inventory/stock-out - ::1","service":"inventory-api","timestamp":"2026-06-29T11:04:11.802Z"}
{"level":"info","message":"GET /api/inventory?page=1&limit=20 - ::1","service":"inventory-api","timestamp":"2026-06-29T11:04:11.847Z"}
{"level":"info","message":"POST /api/auth/login - ::1","service":"inventory-api","timestamp":"2026-06-29T11:04:27.206Z"}
{"level":"info","message":"GET /api/permissions/my-permissions - ::1","service":"inventory-api","timestamp":"2026-06-29T11:04:27.519Z"}
{"level":"info","message":"GET /api/dashboard - ::1","service":"inventory-api","timestamp":"2026-06-29T11:04:27.554Z"}
{"level":"info","message":"GET /api/inventory?page=1&limit=20 - ::1","service":"inventory-api","timestamp":"2026-06-29T11:04:30.358Z"}
{"level":"info","message":"GET /api/warehouses?limit=100 - ::1","service":"inventory-api","timestamp":"2026-06-29T11:04:30.362Z"}
{"level":"info","message":"GET /api/products?limit=1000&is_active=true - ::1","service":"inventory-api","timestamp":"2026-06-29T11:04:30.365Z"}
{"level":"info","message":"GET /api/inventory/transactions?page=1&limit=20 - ::1","service":"inventory-api","timestamp":"2026-06-29T11:04:41.300Z"}
{"level":"info","message":"GET /api/inventory?page=1&limit=20 - ::1","service":"inventory-api","timestamp":"2026-06-29T11:04:49.296Z"}
{"level":"info","message":"GET /api/warehouses?limit=100 - ::1","service":"inventory-api","timestamp":"2026-06-29T11:04:49.299Z"}
{"level":"info","message":"GET /api/products?limit=1000&is_active=true - ::1","service":"inventory-api","timestamp":"2026-06-29T11:04:49.301Z"}
{"level":"info","message":"GET /api/purchases?page=1&limit=20 - ::1","service":"inventory-api","timestamp":"2026-06-29T11:04:52.164Z"}
{"level":"info","message":"GET /api/purchases/2fc15f8e-0a6e-4089-9311-e98119348cf0/pdf - ::1","service":"inventory-api","timestamp":"2026-06-29T11:04:57.579Z"}
{"level":"info","message":"GET /api/sales?page=1&limit=20 - ::1","service":"inventory-api","timestamp":"2026-06-29T11:07:16.377Z"}
{"level":"info","message":"GET /api/customers?limit=1000 - ::1","service":"inventory-api","timestamp":"2026-06-29T11:07:18.250Z"}
{"level":"info","message":"GET /api/warehouses?limit=1000 - ::1","service":"inventory-api","timestamp":"2026-06-29T11:07:18.253Z"}
{"level":"info","message":"GET /api/products?limit=1000&is_active=true - ::1","service":"inventory-api","timestamp":"2026-06-29T11:07:18.255Z"}
{"level":"info","message":"GET /api/products?page=1&limit=20 - ::1","service":"inventory-api","timestamp":"2026-06-29T11:07:41.760Z"}
{"level":"info","message":"GET /api/categories?limit=1000 - ::1","service":"inventory-api","timestamp":"2026-06-29T11:07:44.043Z"}
{"level":"info","message":"GET /api/products/c1c1e5f7-b042-444b-bfde-d75e625978a5 - ::1","service":"inventory-api","timestamp":"2026-06-29T11:07:44.053Z"}
{"level":"info","message":"GET /api/units - ::1","service":"inventory-api","timestamp":"2026-06-29T11:07:44.060Z"}
{"level":"info","message":"PUT /api/products/c1c1e5f7-b042-444b-bfde-d75e625978a5 - ::1","service":"inventory-api","timestamp":"2026-06-29T11:08:02.487Z"}
{"level":"info","message":"GET /api/products?page=1&limit=20 - ::1","service":"inventory-api","timestamp":"2026-06-29T11:08:03.349Z"}
{"level":"info","message":"GET /api/sales?page=1&limit=20 - ::1","service":"inventory-api","timestamp":"2026-06-29T11:08:09.534Z"}
{"level":"info","message":"GET /api/customers?limit=1000 - ::1","service":"inventory-api","timestamp":"2026-06-29T11:08:10.910Z"}
{"level":"info","message":"GET /api/warehouses?limit=1000 - ::1","service":"inventory-api","timestamp":"2026-06-29T11:08:10.919Z"}
{"level":"info","message":"GET /api/products?limit=1000&is_active=true - ::1","service":"inventory-api","timestamp":"2026-06-29T11:08:10.922Z"}
{"level":"info","message":"POST /api/sales - ::1","service":"inventory-api","timestamp":"2026-06-29T11:08:46.387Z"}
{"level":"info","message":"GET /api/sales?page=1&limit=20 - ::1","service":"inventory-api","timestamp":"2026-06-29T11:08:46.557Z"}
{"level":"info","message":"GET /api/sales/01b67e4c-0cf1-4c32-9c35-2c1943019cc7 - ::1","service":"inventory-api","timestamp":"2026-06-29T11:08:51.171Z"}
{"level":"info","message":"GET /api/sales?page=1&limit=20 - ::1","service":"inventory-api","timestamp":"2026-06-29T11:08:59.344Z"}
{"level":"info","message":"PATCH /api/sales/01b67e4c-0cf1-4c32-9c35-2c1943019cc7/payment - ::1","service":"inventory-api","timestamp":"2026-06-29T11:09:08.195Z"}
{"level":"info","message":"PATCH /api/sales/01b67e4c-0cf1-4c32-9c35-2c1943019cc7/payment - ::1","service":"inventory-api","timestamp":"2026-06-29T11:09:24.889Z"}
{"level":"info","message":"GET /api/sales/01b67e4c-0cf1-4c32-9c35-2c1943019cc7/pdf - ::1","service":"inventory-api","timestamp":"2026-06-29T11:09:34.234Z"}
{"level":"info","message":"Server running on port 3000 in development mode","service":"inventory-api","timestamp":"2026-06-30T13:55:15.928Z"}
{"level":"info","message":"API Docs: http://localhost:3000/api-docs","service":"inventory-api","timestamp":"2026-06-30T13:55:15.937Z"}
{"level":"info","message":"Server running on port 3000 in development mode","service":"inventory-api","timestamp":"2026-06-30T13:58:29.557Z"}
{"level":"info","message":"API Docs: http://localhost:3000/api-docs","service":"inventory-api","timestamp":"2026-06-30T13:58:29.568Z"}
{"level":"info","message":"POST /api/auth/login - ::1","service":"inventory-api","timestamp":"2026-06-30T14:07:32.531Z"}
{"cause":{},"level":"error","message":"Login error: Connection terminated due to connection timeout","service":"inventory-api","stack":"Error: Connection terminated due to connection timeout\n    at E:\\Projects\\EMS\\Source\\API\\node_modules\\pg-pool\\index.js:45:11\n    at process.processTicksAndRejections (node:internal/process/task_queues:103:5)\n    at async login (E:\\Projects\\EMS\\Source\\API\\src\\controllers\\authController.js:16:22)","timestamp":"2026-06-30T14:07:35.012Z"}
{"level":"info","message":"POST /api/auth/login - ::1","service":"inventory-api","timestamp":"2026-06-30T14:07:56.076Z"}
{"code":"28P01","file":"auth.c","length":104,"level":"error","line":"332","message":"Login error: password authentication failed for user \"postgres\"","name":"error","routine":"auth_failed","service":"inventory-api","severity":"FATAL","stack":"error: password authentication failed for user \"postgres\"\n    at E:\\Projects\\EMS\\Source\\API\\node_modules\\pg-pool\\index.js:45:11\n    at process.processTicksAndRejections (node:internal/process/task_queues:103:5)\n    at async login (E:\\Projects\\EMS\\Source\\API\\src\\controllers\\authController.js:16:22)","timestamp":"2026-06-30T14:07:56.191Z"}
{"level":"info","message":"POST /api/auth/login - ::1","service":"inventory-api","timestamp":"2026-06-30T14:07:57.283Z"}
{"code":"28P01","file":"auth.c","length":104,"level":"error","line":"332","message":"Login error: password authentication failed for user \"postgres\"","name":"error","routine":"auth_failed","service":"inventory-api","severity":"FATAL","stack":"error: password authentication failed for user \"postgres\"\n    at E:\\Projects\\EMS\\Source\\API\\node_modules\\pg-pool\\index.js:45:11\n    at process.processTicksAndRejections (node:internal/process/task_queues:103:5)\n    at async login (E:\\Projects\\EMS\\Source\\API\\src\\controllers\\authController.js:16:22)","timestamp":"2026-06-30T14:07:57.391Z"}
{"level":"info","message":"Server running on port 3000 in development mode","service":"inventory-api","timestamp":"2026-06-30T14:08:25.160Z"}
{"level":"info","message":"API Docs: http://localhost:3000/api-docs","service":"inventory-api","timestamp":"2026-06-30T14:08:25.171Z"}
{"level":"info","message":"POST /api/auth/login - ::1","service":"inventory-api","timestamp":"2026-06-30T14:08:25.385Z"}
{"level":"info","message":"GET /api/permissions/my-permissions - ::1","service":"inventory-api","timestamp":"2026-06-30T14:08:26.367Z"}
{"level":"info","message":"GET /api/dashboard - ::1","service":"inventory-api","timestamp":"2026-06-30T14:08:26.450Z"}
{"level":"info","message":"POST /api/auth/logout - ::ffff:127.0.0.1","service":"inventory-api","timestamp":"2026-06-30T14:08:26.505Z"}
{"level":"info","message":"POST /api/auth/logout - ::1","service":"inventory-api","timestamp":"2026-06-30T14:08:26.747Z"}
{"level":"info","message":"POST /api/auth/logout - ::1","service":"inventory-api","timestamp":"2026-06-30T14:08:26.955Z"}
{"level":"info","message":"POST /api/auth/logout - ::1","service":"inventory-api","timestamp":"2026-06-30T14:08:27.183Z"}
{"level":"info","message":"POST /api/auth/logout - ::1","service":"inventory-api","timestamp":"2026-06-30T14:08:27.285Z"}
{"level":"info","message":"POST /api/auth/logout - ::1","service":"inventory-api","timestamp":"2026-06-30T14:08:27.382Z"}
{"level":"info","message":"POST /api/auth/logout - ::1","service":"inventory-api","timestamp":"2026-06-30T14:08:27.546Z"}
{"level":"info","message":"POST /api/auth/logout - ::1","service":"inventory-api","timestamp":"2026-06-30T14:08:27.651Z"}
{"level":"info","message":"POST /api/auth/logout - ::1","service":"inventory-api","timestamp":"2026-06-30T14:08:27.763Z"}
{"level":"info","message":"POST /api/auth/logout - ::1","service":"inventory-api","timestamp":"2026-06-30T14:08:27.856Z"}
{"level":"info","message":"POST /api/auth/logout - ::1","service":"inventory-api","timestamp":"2026-06-30T14:08:27.950Z"}
{"level":"info","message":"POST /api/auth/logout - ::1","service":"inventory-api","timestamp":"2026-06-30T14:08:28.049Z"}
{"level":"info","message":"POST /api/auth/logout - ::1","service":"inventory-api","timestamp":"2026-06-30T14:08:28.253Z"}
{"level":"info","message":"POST /api/auth/logout - ::1","service":"inventory-api","timestamp":"2026-06-30T14:08:28.353Z"}
{"level":"info","message":"POST /api/auth/logout - ::1","service":"inventory-api","timestamp":"2026-06-30T14:08:28.609Z"}
{"level":"info","message":"POST /api/auth/logout - ::1","service":"inventory-api","timestamp":"2026-06-30T14:08:28.710Z"}
{"level":"info","message":"POST /api/auth/logout - ::1","service":"inventory-api","timestamp":"2026-06-30T14:08:28.809Z"}
{"level":"info","message":"POST /api/auth/logout - ::1","service":"inventory-api","timestamp":"2026-06-30T14:08:28.902Z"}
{"level":"info","message":"POST /api/auth/logout - ::1","service":"inventory-api","timestamp":"2026-06-30T14:08:28.994Z"}
{"level":"info","message":"POST /api/auth/logout - ::1","service":"inventory-api","timestamp":"2026-06-30T14:08:29.089Z"}
{"level":"info","message":"POST /api/auth/logout - ::1","service":"inventory-api","timestamp":"2026-06-30T14:08:29.190Z"}
{"level":"info","message":"POST /api/auth/logout - ::1","service":"inventory-api","timestamp":"2026-06-30T14:08:29.355Z"}
{"level":"info","message":"POST /api/auth/logout - ::1","service":"inventory-api","timestamp":"2026-06-30T14:08:29.468Z"}
{"level":"info","message":"POST /api/auth/logout - ::1","service":"inventory-api","timestamp":"2026-06-30T14:08:29.565Z"}
{"level":"info","message":"POST /api/auth/logout - ::1","service":"inventory-api","timestamp":"2026-06-30T14:08:29.663Z"}
{"level":"info","message":"POST /api/auth/logout - ::1","service":"inventory-api","timestamp":"2026-06-30T14:08:29.865Z"}
{"level":"info","message":"POST /api/auth/logout - ::1","service":"inventory-api","timestamp":"2026-06-30T14:08:29.962Z"}
{"level":"info","message":"POST /api/auth/logout - ::1","service":"inventory-api","timestamp":"2026-06-30T14:08:30.058Z"}
{"level":"info","message":"POST /api/auth/logout - ::1","service":"inventory-api","timestamp":"2026-06-30T14:08:30.158Z"}
{"level":"info","message":"POST /api/auth/logout - ::1","service":"inventory-api","timestamp":"2026-06-30T14:08:30.349Z"}
{"level":"info","message":"POST /api/auth/logout - ::1","service":"inventory-api","timestamp":"2026-06-30T14:08:30.463Z"}
{"level":"info","message":"POST /api/auth/logout - ::1","service":"inventory-api","timestamp":"2026-06-30T14:08:30.569Z"}
{"level":"info","message":"POST /api/auth/logout - ::1","service":"inventory-api","timestamp":"2026-06-30T14:08:30.672Z"}
{"level":"info","message":"POST /api/auth/logout - ::1","service":"inventory-api","timestamp":"2026-06-30T14:08:30.783Z"}
{"level":"info","message":"POST /api/auth/logout - ::1","service":"inventory-api","timestamp":"2026-06-30T14:08:30.896Z"}
{"level":"info","message":"POST /api/auth/logout - ::1","service":"inventory-api","timestamp":"2026-06-30T14:08:30.997Z"}
{"level":"info","message":"POST /api/auth/logout - ::1","service":"inventory-api","timestamp":"2026-06-30T14:08:31.136Z"}
{"level":"info","message":"POST /api/auth/logout - ::1","service":"inventory-api","timestamp":"2026-06-30T14:08:31.425Z"}
{"level":"info","message":"POST /api/auth/logout - ::1","service":"inventory-api","timestamp":"2026-06-30T14:08:31.537Z"}
{"level":"info","message":"POST /api/auth/logout - ::1","service":"inventory-api","timestamp":"2026-06-30T14:08:31.682Z"}
{"level":"info","message":"POST /api/auth/logout - ::1","service":"inventory-api","timestamp":"2026-06-30T14:08:31.774Z"}
{"level":"info","message":"POST /api/auth/logout - ::1","service":"inventory-api","timestamp":"2026-06-30T14:08:31.870Z"}
{"level":"info","message":"POST /api/auth/logout - ::1","service":"inventory-api","timestamp":"2026-06-30T14:08:31.966Z"}
{"level":"info","message":"POST /api/auth/logout - ::1","service":"inventory-api","timestamp":"2026-06-30T14:08:32.064Z"}
{"level":"info","message":"POST /api/auth/logout - ::1","service":"inventory-api","timestamp":"2026-06-30T14:08:32.171Z"}
{"level":"info","message":"POST /api/auth/logout - ::1","service":"inventory-api","timestamp":"2026-06-30T14:08:32.358Z"}
{"level":"info","message":"POST /api/auth/logout - ::1","service":"inventory-api","timestamp":"2026-06-30T14:08:32.599Z"}
{"level":"info","message":"POST /api/auth/logout - ::1","service":"inventory-api","timestamp":"2026-06-30T14:08:32.779Z"}
{"level":"info","message":"POST /api/auth/logout - ::1","service":"inventory-api","timestamp":"2026-06-30T14:08:32.875Z"}
{"level":"info","message":"POST /api/auth/logout - ::1","service":"inventory-api","timestamp":"2026-06-30T14:08:32.967Z"}
{"level":"info","message":"POST /api/auth/logout - ::1","service":"inventory-api","timestamp":"2026-06-30T14:08:33.065Z"}
{"level":"info","message":"POST /api/auth/logout - ::1","service":"inventory-api","timestamp":"2026-06-30T14:08:33.169Z"}
{"level":"info","message":"POST /api/auth/logout - ::1","service":"inventory-api","timestamp":"2026-06-30T14:08:33.426Z"}
{"level":"info","message":"POST /api/auth/logout - ::1","service":"inventory-api","timestamp":"2026-06-30T14:08:33.539Z"}
{"level":"info","message":"POST /api/auth/logout - ::1","service":"inventory-api","timestamp":"2026-06-30T14:08:33.656Z"}
{"level":"info","message":"POST /api/auth/logout - ::1","service":"inventory-api","timestamp":"2026-06-30T14:08:33.763Z"}
{"level":"info","message":"POST /api/auth/logout - ::1","service":"inventory-api","timestamp":"2026-06-30T14:08:33.986Z"}
{"level":"info","message":"POST /api/auth/logout - ::1","service":"inventory-api","timestamp":"2026-06-30T14:08:34.092Z"}
{"level":"info","message":"POST /api/auth/logout - ::1","service":"inventory-api","timestamp":"2026-06-30T14:08:34.182Z"}
{"level":"info","message":"POST /api/auth/logout - ::1","service":"inventory-api","timestamp":"2026-06-30T14:08:34.387Z"}
{"level":"info","message":"POST /api/auth/logout - ::1","service":"inventory-api","timestamp":"2026-06-30T14:08:34.479Z"}
{"level":"info","message":"POST /api/auth/logout - ::1","service":"inventory-api","timestamp":"2026-06-30T14:08:34.574Z"}
{"level":"info","message":"POST /api/auth/logout - ::1","service":"inventory-api","timestamp":"2026-06-30T14:08:34.671Z"}
{"level":"info","message":"POST /api/auth/logout - ::1","service":"inventory-api","timestamp":"2026-06-30T14:08:34.871Z"}
{"level":"info","message":"POST /api/auth/logout - ::1","service":"inventory-api","timestamp":"2026-06-30T14:08:34.964Z"}
{"level":"info","message":"POST /api/auth/logout - ::1","service":"inventory-api","timestamp":"2026-06-30T14:08:35.057Z"}
{"level":"info","message":"POST /api/auth/logout - ::1","service":"inventory-api","timestamp":"2026-06-30T14:08:35.231Z"}
{"level":"info","message":"POST /api/auth/logout - ::1","service":"inventory-api","timestamp":"2026-06-30T14:08:35.322Z"}
{"level":"info","message":"POST /api/auth/logout - ::1","service":"inventory-api","timestamp":"2026-06-30T14:08:35.421Z"}
{"level":"info","message":"POST /api/auth/logout - ::1","service":"inventory-api","timestamp":"2026-06-30T14:08:35.515Z"}
{"level":"info","message":"POST /api/auth/logout - ::1","service":"inventory-api","timestamp":"2026-06-30T14:08:35.607Z"}
{"level":"info","message":"POST /api/auth/logout - ::1","service":"inventory-api","timestamp":"2026-06-30T14:08:35.700Z"}
{"level":"info","message":"POST /api/auth/logout - ::1","service":"inventory-api","timestamp":"2026-06-30T14:08:35.802Z"}
{"level":"info","message":"POST /api/auth/logout - ::1","service":"inventory-api","timestamp":"2026-06-30T14:08:35.902Z"}
{"level":"info","message":"POST /api/auth/logout - ::1","service":"inventory-api","timestamp":"2026-06-30T14:08:35.997Z"}
{"level":"info","message":"POST /api/auth/logout - ::1","service":"inventory-api","timestamp":"2026-06-30T14:08:36.093Z"}
{"level":"info","message":"POST /api/auth/logout - ::1","service":"inventory-api","timestamp":"2026-06-30T14:08:36.238Z"}
{"level":"info","message":"POST /api/auth/logout - ::1","service":"inventory-api","timestamp":"2026-06-30T14:08:36.335Z"}
{"level":"info","message":"POST /api/auth/logout - ::1","service":"inventory-api","timestamp":"2026-06-30T14:08:36.432Z"}
{"level":"info","message":"POST /api/auth/logout - ::1","service":"inventory-api","timestamp":"2026-06-30T14:08:36.531Z"}
{"level":"info","message":"POST /api/auth/logout - ::1","service":"inventory-api","timestamp":"2026-06-30T14:08:36.672Z"}
{"level":"info","message":"POST /api/auth/logout - ::1","service":"inventory-api","timestamp":"2026-06-30T14:08:36.786Z"}
{"level":"info","message":"POST /api/auth/logout - ::1","service":"inventory-api","timestamp":"2026-06-30T14:08:36.902Z"}
{"level":"info","message":"POST /api/auth/logout - ::1","service":"inventory-api","timestamp":"2026-06-30T14:08:37.008Z"}
{"level":"info","message":"POST /api/auth/logout - ::1","service":"inventory-api","timestamp":"2026-06-30T14:08:37.118Z"}
{"level":"info","message":"POST /api/auth/logout - ::1","service":"inventory-api","timestamp":"2026-06-30T14:08:37.442Z"}
{"level":"info","message":"POST /api/auth/logout - ::1","service":"inventory-api","timestamp":"2026-06-30T14:08:37.542Z"}
{"level":"info","message":"POST /api/auth/logout - ::1","service":"inventory-api","timestamp":"2026-06-30T14:08:37.649Z"}
{"level":"info","message":"POST /api/auth/logout - ::1","service":"inventory-api","timestamp":"2026-06-30T14:08:37.737Z"}
{"level":"info","message":"POST /api/auth/logout - ::1","service":"inventory-api","timestamp":"2026-06-30T14:08:37.839Z"}
{"level":"info","message":"POST /api/auth/logout - ::1","service":"inventory-api","timestamp":"2026-06-30T14:08:37.946Z"}
{"level":"info","message":"POST /api/auth/logout - ::1","service":"inventory-api","timestamp":"2026-06-30T14:08:38.153Z"}
{"level":"info","message":"POST /api/auth/logout - ::1","service":"inventory-api","timestamp":"2026-06-30T14:08:38.261Z"}
{"level":"info","message":"POST /api/auth/logout - ::1","service":"inventory-api","timestamp":"2026-06-30T14:08:38.431Z"}
{"level":"info","message":"POST /api/auth/logout - ::1","service":"inventory-api","timestamp":"2026-06-30T14:08:38.570Z"}
{"level":"info","message":"POST /api/auth/logout - ::1","service":"inventory-api","timestamp":"2026-06-30T14:08:38.684Z"}
{"level":"info","message":"POST /api/auth/logout - ::1","service":"inventory-api","timestamp":"2026-06-30T14:08:38.802Z"}
{"level":"info","message":"POST /api/auth/logout - ::1","service":"inventory-api","timestamp":"2026-06-30T14:08:38.919Z"}
{"level":"info","message":"POST /api/auth/logout - ::1","service":"inventory-api","timestamp":"2026-06-30T14:08:39.030Z"}
{"level":"info","message":"POST /api/auth/logout - ::1","service":"inventory-api","timestamp":"2026-06-30T14:08:39.129Z"}
{"level":"info","message":"POST /api/auth/logout - ::1","service":"inventory-api","timestamp":"2026-06-30T14:08:39.229Z"}
{"level":"info","message":"POST /api/auth/logout - ::1","service":"inventory-api","timestamp":"2026-06-30T14:08:39.328Z"}
{"level":"info","message":"POST /api/auth/logout - ::1","service":"inventory-api","timestamp":"2026-06-30T14:08:39.505Z"}
{"level":"info","message":"POST /api/auth/logout - ::1","service":"inventory-api","timestamp":"2026-06-30T14:08:39.608Z"}
{"level":"info","message":"POST /api/auth/logout - ::1","service":"inventory-api","timestamp":"2026-06-30T14:08:39.704Z"}
{"level":"info","message":"POST /api/auth/logout - ::1","service":"inventory-api","timestamp":"2026-06-30T14:08:39.797Z"}
{"level":"info","message":"POST /api/auth/logout - ::1","service":"inventory-api","timestamp":"2026-06-30T14:08:39.896Z"}
{"level":"info","message":"POST /api/auth/logout - ::1","service":"inventory-api","timestamp":"2026-06-30T14:08:40.002Z"}
{"level":"info","message":"POST /api/auth/logout - ::1","service":"inventory-api","timestamp":"2026-06-30T14:08:40.105Z"}
{"level":"info","message":"POST /api/auth/logout - ::1","service":"inventory-api","timestamp":"2026-06-30T14:08:40.195Z"}
{"level":"info","message":"POST /api/auth/logout - ::1","service":"inventory-api","timestamp":"2026-06-30T14:08:40.297Z"}
{"level":"info","message":"POST /api/auth/logout - ::1","service":"inventory-api","timestamp":"2026-06-30T14:08:40.391Z"}
{"level":"info","message":"POST /api/auth/logout - ::1","service":"inventory-api","timestamp":"2026-06-30T14:08:40.554Z"}
{"level":"info","message":"POST /api/auth/logout - ::1","service":"inventory-api","timestamp":"2026-06-30T14:08:40.668Z"}
{"level":"info","message":"POST /api/auth/logout - ::1","service":"inventory-api","timestamp":"2026-06-30T14:08:40.771Z"}
{"level":"info","message":"POST /api/auth/logout - ::1","service":"inventory-api","timestamp":"2026-06-30T14:08:40.870Z"}
{"level":"info","message":"POST /api/auth/logout - ::1","service":"inventory-api","timestamp":"2026-06-30T14:08:40.968Z"}
{"level":"info","message":"POST /api/auth/logout - ::1","service":"inventory-api","timestamp":"2026-06-30T14:08:41.065Z"}
{"level":"info","message":"POST /api/auth/logout - ::1","service":"inventory-api","timestamp":"2026-06-30T14:08:41.251Z"}
{"level":"info","message":"POST /api/auth/logout - ::1","service":"inventory-api","timestamp":"2026-06-30T14:08:41.451Z"}
{"level":"info","message":"POST /api/auth/logout - ::1","service":"inventory-api","timestamp":"2026-06-30T14:08:41.550Z"}
{"level":"info","message":"POST /api/auth/logout - ::1","service":"inventory-api","timestamp":"2026-06-30T14:08:41.646Z"}
{"level":"info","message":"POST /api/auth/logout - ::1","service":"inventory-api","timestamp":"2026-06-30T14:08:41.762Z"}
{"level":"info","message":"POST /api/auth/logout - ::1","service":"inventory-api","timestamp":"2026-06-30T14:08:41.856Z"}
{"level":"info","message":"POST /api/auth/logout - ::1","service":"inventory-api","timestamp":"2026-06-30T14:08:41.964Z"}
{"level":"info","message":"POST /api/auth/logout - ::1","service":"inventory-api","timestamp":"2026-06-30T14:08:42.070Z"}
{"level":"info","message":"POST /api/auth/logout - ::1","service":"inventory-api","timestamp":"2026-06-30T14:08:42.172Z"}
{"level":"info","message":"POST /api/auth/logout - ::1","service":"inventory-api","timestamp":"2026-06-30T14:08:42.276Z"}
{"level":"info","message":"POST /api/auth/logout - ::1","service":"inventory-api","timestamp":"2026-06-30T14:08:42.439Z"}
{"level":"info","message":"POST /api/auth/logout - ::1","service":"inventory-api","timestamp":"2026-06-30T14:08:42.543Z"}
{"level":"info","message":"POST /api/auth/logout - ::1","service":"inventory-api","timestamp":"2026-06-30T14:08:42.650Z"}
{"level":"info","message":"POST /api/auth/logout - ::1","service":"inventory-api","timestamp":"2026-06-30T14:08:42.740Z"}
{"level":"info","message":"POST /api/auth/logout - ::1","service":"inventory-api","timestamp":"2026-06-30T14:08:42.935Z"}
{"level":"info","message":"POST /api/auth/logout - ::1","service":"inventory-api","timestamp":"2026-06-30T14:08:43.029Z"}
{"level":"info","message":"POST /api/auth/logout - ::1","service":"inventory-api","timestamp":"2026-06-30T14:08:43.123Z"}
{"level":"info","message":"POST /api/auth/logout - ::1","service":"inventory-api","timestamp":"2026-06-30T14:08:43.224Z"}
{"level":"info","message":"POST /api/auth/logout - ::1","service":"inventory-api","timestamp":"2026-06-30T14:08:43.378Z"}
{"level":"info","message":"POST /api/auth/logout - ::1","service":"inventory-api","timestamp":"2026-06-30T14:08:43.468Z"}
{"level":"info","message":"POST /api/auth/logout - ::1","service":"inventory-api","timestamp":"2026-06-30T14:08:43.567Z"}
{"level":"info","message":"POST /api/auth/logout - ::1","service":"inventory-api","timestamp":"2026-06-30T14:08:43.657Z"}
{"level":"info","message":"POST /api/auth/logout - ::1","service":"inventory-api","timestamp":"2026-06-30T14:08:43.748Z"}
{"level":"info","message":"POST /api/auth/logout - ::1","service":"inventory-api","timestamp":"2026-06-30T14:08:43.847Z"}
{"level":"info","message":"POST /api/auth/logout - ::1","service":"inventory-api","timestamp":"2026-06-30T14:08:43.941Z"}
{"level":"info","message":"POST /api/auth/logout - ::1","service":"inventory-api","timestamp":"2026-06-30T14:08:44.034Z"}
{"level":"info","message":"POST /api/auth/logout - ::1","service":"inventory-api","timestamp":"2026-06-30T14:08:44.147Z"}
{"level":"info","message":"Server running on port 3000 in development mode","service":"inventory-api","timestamp":"2026-06-30T14:09:23.386Z"}
{"level":"info","message":"API Docs: http://localhost:3000/api-docs","service":"inventory-api","timestamp":"2026-06-30T14:09:23.398Z"}
{"level":"info","message":"POST /api/auth/login - ::1","service":"inventory-api","timestamp":"2026-06-30T14:09:23.802Z"}
{"level":"info","message":"GET /api/permissions/my-permissions - ::1","service":"inventory-api","timestamp":"2026-06-30T14:09:24.319Z"}
{"level":"info","message":"GET /api/dashboard - ::1","service":"inventory-api","timestamp":"2026-06-30T14:09:24.368Z"}
{"level":"info","message":"POST /api/auth/logout - ::1","service":"inventory-api","timestamp":"2026-06-30T14:09:24.517Z"}
{"level":"info","message":"POST /api/auth/logout - ::1","service":"inventory-api","timestamp":"2026-06-30T14:09:24.739Z"}
{"level":"info","message":"POST /api/auth/logout - ::1","service":"inventory-api","timestamp":"2026-06-30T14:09:24.757Z"}
{"level":"info","message":"POST /api/auth/logout - ::1","service":"inventory-api","timestamp":"2026-06-30T14:09:24.885Z"}
{"level":"info","message":"POST /api/auth/logout - ::1","service":"inventory-api","timestamp":"2026-06-30T14:09:24.995Z"}
{"level":"info","message":"POST /api/auth/logout - ::1","service":"inventory-api","timestamp":"2026-06-30T14:09:25.154Z"}
{"level":"info","message":"POST /api/auth/logout - ::1","service":"inventory-api","timestamp":"2026-06-30T14:09:25.269Z"}
{"level":"info","message":"POST /api/auth/logout - ::1","service":"inventory-api","timestamp":"2026-06-30T14:09:25.388Z"}
{"level":"info","message":"POST /api/auth/logout - ::1","service":"inventory-api","timestamp":"2026-06-30T14:09:25.522Z"}
{"level":"info","message":"POST /api/auth/logout - ::1","service":"inventory-api","timestamp":"2026-06-30T14:09:25.648Z"}
{"level":"info","message":"POST /api/auth/logout - ::1","service":"inventory-api","timestamp":"2026-06-30T14:09:25.758Z"}
{"level":"info","message":"POST /api/auth/logout - ::1","service":"inventory-api","timestamp":"2026-06-30T14:09:25.866Z"}
{"level":"info","message":"POST /api/auth/logout - ::1","service":"inventory-api","timestamp":"2026-06-30T14:09:25.968Z"}
{"level":"info","message":"POST /api/auth/logout - ::1","service":"inventory-api","timestamp":"2026-06-30T14:09:26.070Z"}
{"level":"info","message":"POST /api/auth/logout - ::1","service":"inventory-api","timestamp":"2026-06-30T14:09:26.173Z"}
{"level":"info","message":"POST /api/auth/logout - ::1","service":"inventory-api","timestamp":"2026-06-30T14:09:26.318Z"}
{"level":"info","message":"POST /api/auth/logout - ::1","service":"inventory-api","timestamp":"2026-06-30T14:09:26.412Z"}
{"level":"info","message":"POST /api/auth/logout - ::1","service":"inventory-api","timestamp":"2026-06-30T14:09:26.616Z"}
{"level":"info","message":"POST /api/auth/logout - ::1","service":"inventory-api","timestamp":"2026-06-30T14:09:26.814Z"}
{"level":"info","message":"POST /api/auth/logout - ::1","service":"inventory-api","timestamp":"2026-06-30T14:09:27.078Z"}
{"level":"info","message":"POST /api/auth/logout - ::1","service":"inventory-api","timestamp":"2026-06-30T14:09:27.197Z"}
{"level":"info","message":"POST /api/auth/logout - ::1","service":"inventory-api","timestamp":"2026-06-30T14:09:27.321Z"}
{"level":"info","message":"POST /api/auth/logout - ::1","service":"inventory-api","timestamp":"2026-06-30T14:09:27.529Z"}
{"level":"info","message":"POST /api/auth/logout - ::1","service":"inventory-api","timestamp":"2026-06-30T14:09:27.645Z"}
{"level":"info","message":"POST /api/auth/logout - ::1","service":"inventory-api","timestamp":"2026-06-30T14:09:27.768Z"}
{"level":"info","message":"POST /api/auth/logout - ::1","service":"inventory-api","timestamp":"2026-06-30T14:09:27.881Z"}
{"level":"info","message":"POST /api/auth/logout - ::1","service":"inventory-api","timestamp":"2026-06-30T14:09:28.014Z"}
{"level":"info","message":"POST /api/auth/logout - ::1","service":"inventory-api","timestamp":"2026-06-30T14:09:28.132Z"}
{"level":"info","message":"POST /api/auth/logout - ::1","service":"inventory-api","timestamp":"2026-06-30T14:09:28.249Z"}
{"level":"info","message":"POST /api/auth/logout - ::1","service":"inventory-api","timestamp":"2026-06-30T14:09:28.353Z"}
{"level":"info","message":"POST /api/auth/logout - ::1","service":"inventory-api","timestamp":"2026-06-30T14:09:28.479Z"}
{"level":"info","message":"POST /api/auth/logout - ::1","service":"inventory-api","timestamp":"2026-06-30T14:09:28.582Z"}
{"level":"info","message":"POST /api/auth/logout - ::1","service":"inventory-api","timestamp":"2026-06-30T14:09:28.729Z"}
{"level":"info","message":"POST /api/auth/logout - ::1","service":"inventory-api","timestamp":"2026-06-30T14:09:28.824Z"}
{"level":"info","message":"POST /api/auth/logout - ::1","service":"inventory-api","timestamp":"2026-06-30T14:09:28.915Z"}
{"level":"info","message":"POST /api/auth/logout - ::1","service":"inventory-api","timestamp":"2026-06-30T14:09:29.011Z"}
{"level":"info","message":"POST /api/auth/logout - ::1","service":"inventory-api","timestamp":"2026-06-30T14:09:29.102Z"}
{"level":"info","message":"POST /api/auth/logout - ::1","service":"inventory-api","timestamp":"2026-06-30T14:09:29.283Z"}
{"level":"info","message":"Server running on port 3000 in development mode","service":"inventory-api","timestamp":"2026-06-30T15:31:36.680Z"}
{"level":"info","message":"API Docs: http://localhost:3000/api-docs","service":"inventory-api","timestamp":"2026-06-30T15:31:36.689Z"}
{"level":"info","message":"POST /api/auth/login - ::1","service":"inventory-api","timestamp":"2026-06-30T15:31:36.975Z"}
{"level":"info","message":"GET /api/permissions/my-permissions - ::1","service":"inventory-api","timestamp":"2026-06-30T15:31:37.541Z"}
{"level":"info","message":"GET /api/dashboard - ::ffff:127.0.0.1","service":"inventory-api","timestamp":"2026-06-30T15:31:37.570Z"}
{"level":"info","message":"POST /api/auth/logout - ::1","service":"inventory-api","timestamp":"2026-06-30T15:31:37.618Z"}
{"level":"info","message":"POST /api/auth/logout - ::ffff:127.0.0.1","service":"inventory-api","timestamp":"2026-06-30T15:31:38.049Z"}
{"level":"info","message":"POST /api/auth/logout - ::1","service":"inventory-api","timestamp":"2026-06-30T15:31:38.062Z"}
{"level":"info","message":"POST /api/auth/logout - ::1","service":"inventory-api","timestamp":"2026-06-30T15:31:38.188Z"}
{"level":"info","message":"POST /api/auth/logout - ::1","service":"inventory-api","timestamp":"2026-06-30T15:31:38.271Z"}
{"level":"info","message":"POST /api/auth/logout - ::1","service":"inventory-api","timestamp":"2026-06-30T15:31:38.356Z"}
{"level":"info","message":"POST /api/auth/logout - ::1","service":"inventory-api","timestamp":"2026-06-30T15:31:38.437Z"}
{"level":"info","message":"POST /api/auth/logout - ::1","service":"inventory-api","timestamp":"2026-06-30T15:31:38.529Z"}
{"level":"info","message":"POST /api/auth/logout - ::1","service":"inventory-api","timestamp":"2026-06-30T15:31:38.616Z"}
{"level":"info","message":"POST /api/auth/logout - ::1","service":"inventory-api","timestamp":"2026-06-30T15:31:38.702Z"}
{"level":"info","message":"POST /api/auth/logout - ::1","service":"inventory-api","timestamp":"2026-06-30T15:31:38.798Z"}
{"level":"info","message":"POST /api/auth/logout - ::1","service":"inventory-api","timestamp":"2026-06-30T15:31:38.900Z"}
{"level":"info","message":"POST /api/auth/logout - ::1","service":"inventory-api","timestamp":"2026-06-30T15:31:38.987Z"}
{"level":"info","message":"POST /api/auth/logout - ::1","service":"inventory-api","timestamp":"2026-06-30T15:31:39.070Z"}
{"level":"info","message":"POST /api/auth/logout - ::1","service":"inventory-api","timestamp":"2026-06-30T15:31:39.278Z"}
{"level":"info","message":"POST /api/auth/logout - ::1","service":"inventory-api","timestamp":"2026-06-30T15:31:39.358Z"}
{"level":"info","message":"POST /api/auth/logout - ::1","service":"inventory-api","timestamp":"2026-06-30T15:31:39.593Z"}
{"level":"info","message":"POST /api/auth/logout - ::1","service":"inventory-api","timestamp":"2026-06-30T15:31:39.672Z"}
{"level":"info","message":"POST /api/auth/logout - ::1","service":"inventory-api","timestamp":"2026-06-30T15:31:39.754Z"}
{"level":"info","message":"POST /api/auth/logout - ::1","service":"inventory-api","timestamp":"2026-06-30T15:31:39.850Z"}
{"level":"info","message":"POST /api/auth/logout - ::1","service":"inventory-api","timestamp":"2026-06-30T15:31:39.930Z"}
{"level":"info","message":"POST /api/auth/logout - ::1","service":"inventory-api","timestamp":"2026-06-30T15:31:40.016Z"}
{"level":"info","message":"POST /api/auth/logout - ::1","service":"inventory-api","timestamp":"2026-06-30T15:31:40.102Z"}
{"level":"info","message":"POST /api/auth/logout - ::1","service":"inventory-api","timestamp":"2026-06-30T15:31:40.196Z"}
{"level":"info","message":"POST /api/auth/logout - ::1","service":"inventory-api","timestamp":"2026-06-30T15:31:40.283Z"}
{"level":"info","message":"POST /api/auth/logout - ::1","service":"inventory-api","timestamp":"2026-06-30T15:31:40.503Z"}
{"level":"info","message":"Server running on port 3000 in development mode","service":"inventory-api","timestamp":"2026-06-30T15:32:06.886Z"}
{"level":"info","message":"API Docs: http://localhost:3000/api-docs","service":"inventory-api","timestamp":"2026-06-30T15:32:06.898Z"}
{"level":"info","message":"POST /api/auth/login - ::1","service":"inventory-api","timestamp":"2026-06-30T15:32:07.604Z"}
{"level":"info","message":"GET /api/permissions/my-permissions - ::1","service":"inventory-api","timestamp":"2026-06-30T15:32:08.031Z"}
{"level":"info","message":"POST /api/auth/logout - ::1","service":"inventory-api","timestamp":"2026-06-30T15:32:08.079Z"}
{"level":"info","message":"GET /api/dashboard - ::1","service":"inventory-api","timestamp":"2026-06-30T15:32:08.115Z"}
{"level":"info","message":"POST /api/auth/logout - ::1","service":"inventory-api","timestamp":"2026-06-30T15:32:08.279Z"}
{"level":"info","message":"POST /api/auth/logout - ::1","service":"inventory-api","timestamp":"2026-06-30T15:32:08.386Z"}
{"level":"info","message":"POST /api/auth/logout - ::1","service":"inventory-api","timestamp":"2026-06-30T15:32:08.495Z"}
{"level":"info","message":"POST /api/auth/logout - ::1","service":"inventory-api","timestamp":"2026-06-30T15:32:08.594Z"}
{"level":"info","message":"POST /api/auth/logout - ::1","service":"inventory-api","timestamp":"2026-06-30T15:32:08.705Z"}
{"level":"info","message":"POST /api/auth/logout - ::1","service":"inventory-api","timestamp":"2026-06-30T15:32:08.826Z"}
{"level":"info","message":"POST /api/auth/logout - ::1","service":"inventory-api","timestamp":"2026-06-30T15:32:08.943Z"}
{"level":"info","message":"POST /api/auth/logout - ::1","service":"inventory-api","timestamp":"2026-06-30T15:32:09.104Z"}
{"level":"info","message":"Server running on port 3000 in development mode","service":"inventory-api","timestamp":"2026-06-30T15:33:47.133Z"}
{"level":"info","message":"API Docs: http://localhost:3000/api-docs","service":"inventory-api","timestamp":"2026-06-30T15:33:47.140Z"}
{"level":"info","message":"POST /api/auth/login - ::1","service":"inventory-api","timestamp":"2026-06-30T15:34:48.043Z"}
{"level":"info","message":"GET /api/permissions/my-permissions - ::1","service":"inventory-api","timestamp":"2026-06-30T15:34:48.465Z"}
{"level":"info","message":"GET /api/dashboard - ::1","service":"inventory-api","timestamp":"2026-06-30T15:34:48.505Z"}
{"level":"info","message":"POST /api/auth/logout - ::1","service":"inventory-api","timestamp":"2026-06-30T15:34:48.553Z"}
{"level":"info","message":"POST /api/auth/logout - ::1","service":"inventory-api","timestamp":"2026-06-30T15:34:48.781Z"}
{"level":"info","message":"POST /api/auth/logout - ::1","service":"inventory-api","timestamp":"2026-06-30T15:34:48.794Z"}
{"level":"info","message":"POST /api/auth/logout - ::1","service":"inventory-api","timestamp":"2026-06-30T15:34:48.916Z"}
{"level":"info","message":"POST /api/auth/logout - ::1","service":"inventory-api","timestamp":"2026-06-30T15:34:49.004Z"}
{"level":"info","message":"POST /api/auth/logout - ::1","service":"inventory-api","timestamp":"2026-06-30T15:34:49.090Z"}
{"level":"info","message":"POST /api/auth/logout - ::1","service":"inventory-api","timestamp":"2026-06-30T15:34:49.187Z"}
{"level":"info","message":"POST /api/auth/logout - ::1","service":"inventory-api","timestamp":"2026-06-30T15:34:49.294Z"}
{"level":"info","message":"POST /api/auth/logout - ::1","service":"inventory-api","timestamp":"2026-06-30T15:34:49.407Z"}
{"level":"info","message":"POST /api/auth/logout - ::1","service":"inventory-api","timestamp":"2026-06-30T15:34:49.497Z"}
{"level":"info","message":"POST /api/auth/logout - ::1","service":"inventory-api","timestamp":"2026-06-30T15:34:49.798Z"}
{"level":"info","message":"POST /api/auth/logout - ::1","service":"inventory-api","timestamp":"2026-06-30T15:34:49.969Z"}
{"level":"info","message":"POST /api/auth/logout - ::1","service":"inventory-api","timestamp":"2026-06-30T15:34:50.221Z"}
{"level":"info","message":"POST /api/auth/logout - ::1","service":"inventory-api","timestamp":"2026-06-30T15:34:50.334Z"}
{"level":"info","message":"POST /api/auth/logout - ::1","service":"inventory-api","timestamp":"2026-06-30T15:34:50.624Z"}
{"level":"info","message":"POST /api/auth/logout - ::1","service":"inventory-api","timestamp":"2026-06-30T15:34:50.721Z"}
{"level":"info","message":"POST /api/auth/logout - ::1","service":"inventory-api","timestamp":"2026-06-30T15:34:50.802Z"}
{"level":"info","message":"POST /api/auth/logout - ::1","service":"inventory-api","timestamp":"2026-06-30T15:34:50.888Z"}
{"level":"info","message":"POST /api/auth/logout - ::1","service":"inventory-api","timestamp":"2026-06-30T15:34:51.003Z"}
{"level":"info","message":"POST /api/auth/logout - ::1","service":"inventory-api","timestamp":"2026-06-30T15:34:51.124Z"}
{"level":"info","message":"POST /api/auth/logout - ::1","service":"inventory-api","timestamp":"2026-06-30T15:34:51.213Z"}
{"level":"info","message":"POST /api/auth/logout - ::1","service":"inventory-api","timestamp":"2026-06-30T15:34:51.296Z"}
{"level":"info","message":"POST /api/auth/logout - ::1","service":"inventory-api","timestamp":"2026-06-30T15:34:51.382Z"}
{"level":"info","message":"POST /api/auth/logout - ::1","service":"inventory-api","timestamp":"2026-06-30T15:34:51.461Z"}
{"level":"info","message":"POST /api/auth/logout - ::1","service":"inventory-api","timestamp":"2026-06-30T15:34:51.544Z"}
{"level":"info","message":"POST /api/auth/logout - ::1","service":"inventory-api","timestamp":"2026-06-30T15:34:51.628Z"}
{"level":"info","message":"POST /api/auth/logout - ::1","service":"inventory-api","timestamp":"2026-06-30T15:34:51.711Z"}
{"level":"info","message":"POST /api/auth/logout - ::1","service":"inventory-api","timestamp":"2026-06-30T15:34:51.790Z"}
{"level":"info","message":"POST /api/auth/logout - ::1","service":"inventory-api","timestamp":"2026-06-30T15:34:51.875Z"}
{"level":"info","message":"POST /api/auth/logout - ::1","service":"inventory-api","timestamp":"2026-06-30T15:34:51.956Z"}
{"level":"info","message":"POST /api/auth/logout - ::1","service":"inventory-api","timestamp":"2026-06-30T15:34:52.036Z"}
{"level":"info","message":"POST /api/auth/logout - ::1","service":"inventory-api","timestamp":"2026-06-30T15:34:52.118Z"}
{"level":"info","message":"POST /api/auth/logout - ::1","service":"inventory-api","timestamp":"2026-06-30T15:34:52.211Z"}
{"level":"info","message":"POST /api/auth/logout - ::1","service":"inventory-api","timestamp":"2026-06-30T15:34:52.294Z"}
{"level":"info","message":"POST /api/auth/logout - ::1","service":"inventory-api","timestamp":"2026-06-30T15:34:52.374Z"}
{"level":"info","message":"POST /api/auth/logout - ::1","service":"inventory-api","timestamp":"2026-06-30T15:34:52.455Z"}
{"level":"info","message":"POST /api/auth/logout - ::1","service":"inventory-api","timestamp":"2026-06-30T15:34:52.540Z"}
{"level":"info","message":"POST /api/auth/logout - ::1","service":"inventory-api","timestamp":"2026-06-30T15:34:52.622Z"}
{"level":"info","message":"POST /api/auth/logout - ::1","service":"inventory-api","timestamp":"2026-06-30T15:34:52.705Z"}
{"level":"info","message":"POST /api/auth/logout - ::1","service":"inventory-api","timestamp":"2026-06-30T15:34:52.789Z"}
{"level":"info","message":"POST /api/auth/logout - ::1","service":"inventory-api","timestamp":"2026-06-30T15:34:52.868Z"}
{"level":"info","message":"Server running on port 3000 in development mode","service":"inventory-api","timestamp":"2026-06-30T16:40:08.546Z"}
{"level":"info","message":"API Docs: http://localhost:3000/api-docs","service":"inventory-api","timestamp":"2026-06-30T16:40:08.553Z"}
{"level":"info","message":"POST /api/auth/login - ::1","service":"inventory-api","timestamp":"2026-06-30T16:40:15.826Z"}
{"level":"info","message":"GET /api/permissions/my-permissions - ::1","service":"inventory-api","timestamp":"2026-06-30T16:40:16.292Z"}
{"level":"info","message":"GET /api/dashboard - ::1","service":"inventory-api","timestamp":"2026-06-30T16:40:16.341Z"}
{"level":"info","message":"GET /api/products?page=1&limit=20 - ::1","service":"inventory-api","timestamp":"2026-06-30T16:40:19.986Z"}
{"level":"info","message":"GET /api/dashboard - ::1","service":"inventory-api","timestamp":"2026-06-30T16:40:27.978Z"}
{"level":"info","message":"GET /api/products?page=1&limit=20 - ::1","service":"inventory-api","timestamp":"2026-06-30T16:40:33.547Z"}
{"level":"info","message":"GET /api/categories?limit=1000 - ::1","service":"inventory-api","timestamp":"2026-06-30T16:40:35.146Z"}
{"level":"info","message":"GET /api/units - ::1","service":"inventory-api","timestamp":"2026-06-30T16:40:35.150Z"}
{"level":"info","message":"GET /api/categories?page=1&limit=20 - ::1","service":"inventory-api","timestamp":"2026-06-30T16:40:52.365Z"}
{"level":"info","message":"GET /api/categories?limit=1000 - ::1","service":"inventory-api","timestamp":"2026-06-30T16:40:54.075Z"}
{"level":"info","message":"POST /api/categories - ::1","service":"inventory-api","timestamp":"2026-06-30T16:41:09.154Z"}
{"level":"info","message":"POST /api/categories - ::1","service":"inventory-api","timestamp":"2026-06-30T16:41:41.660Z"}
{"level":"info","message":"Server running on port 3000 in development mode","service":"inventory-api","timestamp":"2026-07-06T05:58:34.378Z"}
{"level":"info","message":"API Docs: http://localhost:3000/api-docs","service":"inventory-api","timestamp":"2026-07-06T05:58:34.388Z"}
{"level":"info","message":"POST /api/auth/login - ::1","service":"inventory-api","timestamp":"2026-07-06T06:00:07.361Z"}
{"level":"info","message":"GET /api/permissions/my-permissions - ::1","service":"inventory-api","timestamp":"2026-07-06T06:00:08.705Z"}
{"level":"info","message":"GET /api/dashboard - ::1","service":"inventory-api","timestamp":"2026-07-06T06:00:08.810Z"}
{"level":"info","message":"GET /api/products?page=1&limit=20 - ::1","service":"inventory-api","timestamp":"2026-07-06T06:00:19.717Z"}
{"level":"info","message":"POST /api/auth/logout - ::1","service":"inventory-api","timestamp":"2026-07-06T06:00:29.822Z"}
{"level":"info","message":"POST /api/auth/login - ::1","service":"inventory-api","timestamp":"2026-07-06T06:00:34.915Z"}
{"level":"info","message":"GET /api/permissions/my-permissions - ::1","service":"inventory-api","timestamp":"2026-07-06T06:00:35.230Z"}
{"level":"info","message":"GET /api/dashboard - ::1","service":"inventory-api","timestamp":"2026-07-06T06:00:35.258Z"}
{"level":"info","message":"GET /api/products?page=1&limit=20 - ::1","service":"inventory-api","timestamp":"2026-07-06T06:00:37.412Z"}
{"level":"info","message":"DELETE /api/products/519484d8-ab9e-4bcd-9e75-3cda5ab9f77f - ::1","service":"inventory-api","timestamp":"2026-07-06T06:00:40.672Z"}
{"level":"info","message":"DELETE /api/products/c1c1e5f7-b042-444b-bfde-d75e625978a5 - ::1","service":"inventory-api","timestamp":"2026-07-06T06:00:42.823Z"}
{"level":"info","message":"GET /api/dashboard - ::1","service":"inventory-api","timestamp":"2026-07-06T06:00:44.674Z"}
{"level":"info","message":"Server running on port 3000 in development mode","service":"inventory-api","timestamp":"2026-07-06T06:07:36.811Z"}
{"level":"info","message":"API Docs: http://localhost:3000/api-docs","service":"inventory-api","timestamp":"2026-07-06T06:07:36.823Z"}
{"level":"info","message":"GET /api/products?page=1&limit=20 - ::1","service":"inventory-api","timestamp":"2026-07-06T06:07:50.874Z"}
{"level":"info","message":"POST /api/auth/logout - ::1","service":"inventory-api","timestamp":"2026-07-06T06:07:51.221Z"}
{"level":"info","message":"POST /api/auth/login - ::1","service":"inventory-api","timestamp":"2026-07-06T06:07:56.231Z"}
{"level":"info","message":"GET /api/permissions/my-permissions - ::1","service":"inventory-api","timestamp":"2026-07-06T06:07:56.526Z"}
{"level":"info","message":"GET /api/dashboard - ::1","service":"inventory-api","timestamp":"2026-07-06T06:07:56.571Z"}
{"level":"info","message":"POST /api/auth/logout - ::1","service":"inventory-api","timestamp":"2026-07-06T06:08:03.175Z"}
{"level":"info","message":"POST /api/auth/login - ::1","service":"inventory-api","timestamp":"2026-07-06T06:08:09.403Z"}
{"level":"info","message":"GET /api/permissions/my-permissions - ::1","service":"inventory-api","timestamp":"2026-07-06T06:08:09.637Z"}
{"level":"info","message":"GET /api/dashboard - ::1","service":"inventory-api","timestamp":"2026-07-06T06:08:09.664Z"}
{"level":"info","message":"GET /api/users?page=1&limit=20 - ::1","service":"inventory-api","timestamp":"2026-07-06T06:08:14.225Z"}
{"level":"info","message":"GET /api/users/roles - ::1","service":"inventory-api","timestamp":"2026-07-06T06:08:16.717Z"}
{"level":"info","message":"POST /api/users - ::1","service":"inventory-api","timestamp":"2026-07-06T06:09:02.426Z"}
{"level":"info","message":"GET /api/users?page=1&limit=20 - ::1","service":"inventory-api","timestamp":"2026-07-06T06:09:03.161Z"}
{"level":"info","message":"GET /api/roles?page=1&limit=20 - ::1","service":"inventory-api","timestamp":"2026-07-06T06:09:15.061Z"}
{"level":"info","message":"GET /api/users?page=1&limit=20 - ::1","service":"inventory-api","timestamp":"2026-07-06T06:09:16.689Z"}
{"level":"info","message":"Server running on port 3000 in development mode","service":"inventory-api","timestamp":"2026-07-06T06:11:08.208Z"}
{"level":"info","message":"API Docs: http://localhost:3000/api-docs","service":"inventory-api","timestamp":"2026-07-06T06:11:08.218Z"}
{"level":"info","message":"GET /api/users?page=1&limit=20 - ::1","service":"inventory-api","timestamp":"2026-07-06T06:11:44.582Z"}
{"level":"info","message":"GET /api/users/roles - ::1","service":"inventory-api","timestamp":"2026-07-06T06:11:46.869Z"}
{"level":"info","message":"POST /api/users - ::1","service":"inventory-api","timestamp":"2026-07-06T06:12:09.245Z"}
{"level":"info","message":"GET /api/users?page=1&limit=20 - ::1","service":"inventory-api","timestamp":"2026-07-06T06:12:24.707Z"}
{"level":"info","message":"GET /api/roles?page=1&limit=20 - ::1","service":"inventory-api","timestamp":"2026-07-06T06:12:32.755Z"}
{"level":"info","message":"GET /api/users?page=1&limit=20 - ::1","service":"inventory-api","timestamp":"2026-07-06T06:12:33.898Z"}
{"level":"info","message":"Server running on port 3000 in development mode","service":"inventory-api","timestamp":"2026-07-06T06:13:01.776Z"}
{"level":"info","message":"API Docs: http://localhost:3000/api-docs","service":"inventory-api","timestamp":"2026-07-06T06:13:01.787Z"}
{"level":"info","message":"GET /api/users?page=1&limit=20&search=a - ::1","service":"inventory-api","timestamp":"2026-07-06T06:13:10.635Z"}
{"level":"info","message":"GET /api/users?page=1&limit=20 - ::1","service":"inventory-api","timestamp":"2026-07-06T06:13:12.686Z"}
{"level":"info","message":"Server running on port 3000 in development mode","service":"inventory-api","timestamp":"2026-07-06T06:14:08.135Z"}
{"level":"info","message":"API Docs: http://localhost:3000/api-docs","service":"inventory-api","timestamp":"2026-07-06T06:14:08.145Z"}
{"level":"info","message":"GET /api/users?page=1&limit=20&search=pk - ::1","service":"inventory-api","timestamp":"2026-07-06T06:14:10.050Z"}
{"level":"info","message":"GET /api/permissions/my-permissions - ::1","service":"inventory-api","timestamp":"2026-07-06T08:01:34.191Z"}
{"level":"info","message":"GET /api/dashboard - ::1","service":"inventory-api","timestamp":"2026-07-06T08:01:34.390Z"}
{"level":"info","message":"POST /api/auth/logout - ::1","service":"inventory-api","timestamp":"2026-07-06T08:01:37.208Z"}
{"level":"info","message":"POST /api/auth/logout - ::1","service":"inventory-api","timestamp":"2026-07-06T08:01:37.531Z"}
{"level":"info","message":"Server running on port 3000 in development mode","service":"inventory-api","timestamp":"2026-07-06T13:50:43.756Z"}
{"level":"info","message":"API Docs: http://localhost:3000/api-docs","service":"inventory-api","timestamp":"2026-07-06T13:50:43.771Z"}
{"level":"info","message":"POST /api/auth/login - ::1","service":"inventory-api","timestamp":"2026-07-06T13:50:47.395Z"}
{"level":"info","message":"GET /api/permissions/my-permissions - ::1","service":"inventory-api","timestamp":"2026-07-06T13:50:47.896Z"}
{"level":"info","message":"GET /api/dashboard - ::1","service":"inventory-api","timestamp":"2026-07-06T13:50:47.937Z"}
{"level":"info","message":"GET /api/users?page=1&limit=20 - ::1","service":"inventory-api","timestamp":"2026-07-06T13:50:51.984Z"}
{"level":"info","message":"GET /api/users/roles - ::1","service":"inventory-api","timestamp":"2026-07-06T13:51:16.291Z"}
{"level":"info","message":"POST /api/users - ::1","service":"inventory-api","timestamp":"2026-07-06T13:51:42.749Z"}
{"level":"info","message":"GET /api/users?page=1&limit=20 - ::1","service":"inventory-api","timestamp":"2026-07-06T13:51:43.627Z"}
{"level":"info","message":"Server running on port 3000 in development mode","service":"inventory-api","timestamp":"2026-07-06T13:53:57.554Z"}
{"level":"info","message":"API Docs: http://localhost:3000/api-docs","service":"inventory-api","timestamp":"2026-07-06T13:53:57.562Z"}
{"level":"info","message":"GET /api/users/roles - ::1","service":"inventory-api","timestamp":"2026-07-06T13:53:58.340Z"}
{"level":"info","message":"POST /api/users - ::1","service":"inventory-api","timestamp":"2026-07-06T13:54:34.266Z"}
{"level":"info","message":"Server running on port 3000 in development mode","service":"inventory-api","timestamp":"2026-07-06T13:55:28.654Z"}
{"level":"info","message":"API Docs: http://localhost:3000/api-docs","service":"inventory-api","timestamp":"2026-07-06T13:55:28.661Z"}
{"level":"info","message":"POST /api/users - ::1","service":"inventory-api","timestamp":"2026-07-06T13:55:31.249Z"}
{"level":"info","message":"Server running on port 3000 in development mode","service":"inventory-api","timestamp":"2026-07-06T13:58:19.015Z"}
{"level":"info","message":"API Docs: http://localhost:3000/api-docs","service":"inventory-api","timestamp":"2026-07-06T13:58:19.023Z"}
{"level":"info","message":"POST /api/users - ::1","service":"inventory-api","timestamp":"2026-07-06T13:58:19.226Z"}
{"level":"info","message":"Server running on port 3000 in development mode","service":"inventory-api","timestamp":"2026-07-06T13:59:37.060Z"}
{"level":"info","message":"API Docs: http://localhost:3000/api-docs","service":"inventory-api","timestamp":"2026-07-06T13:59:37.069Z"}
{"level":"info","message":"POST /api/users - ::1","service":"inventory-api","timestamp":"2026-07-06T14:00:00.224Z"}
{"level":"info","message":"GET /api/users?page=1&limit=20 - ::1","service":"inventory-api","timestamp":"2026-07-06T14:00:01.590Z"}
{"level":"info","message":"GET /api/customers?page=1&limit=20 - ::1","service":"inventory-api","timestamp":"2026-07-06T14:00:15.832Z"}
{"level":"info","message":"POST /api/customers - ::1","service":"inventory-api","timestamp":"2026-07-06T14:02:47.263Z"}
{"level":"info","message":"Server running on port 3000 in development mode","service":"inventory-api","timestamp":"2026-07-06T14:03:07.955Z"}
{"level":"info","message":"API Docs: http://localhost:3000/api-docs","service":"inventory-api","timestamp":"2026-07-06T14:03:07.962Z"}
{"level":"info","message":"POST /api/customers - ::1","service":"inventory-api","timestamp":"2026-07-06T14:03:08.219Z"}
{"level":"info","message":"POST /api/customers - ::1","service":"inventory-api","timestamp":"2026-07-06T14:04:34.563Z"}
{"level":"info","message":"GET /api/customers?page=1&limit=20 - ::1","service":"inventory-api","timestamp":"2026-07-06T14:04:34.722Z"}
{"level":"info","message":"GET /api/suppliers?page=1&limit=20 - ::1","service":"inventory-api","timestamp":"2026-07-06T14:04:39.913Z"}
{"level":"info","message":"POST /api/suppliers - ::1","service":"inventory-api","timestamp":"2026-07-06T14:05:21.725Z"}
{"level":"info","message":"Server running on port 3000 in development mode","service":"inventory-api","timestamp":"2026-07-06T14:05:53.151Z"}
{"level":"info","message":"API Docs: http://localhost:3000/api-docs","service":"inventory-api","timestamp":"2026-07-06T14:05:53.159Z"}
{"level":"info","message":"POST /api/suppliers - ::1","service":"inventory-api","timestamp":"2026-07-06T14:06:02.150Z"}
{"level":"info","message":"POST /api/suppliers - ::1","service":"inventory-api","timestamp":"2026-07-06T14:06:37.327Z"}
{"level":"info","message":"GET /api/suppliers?page=1&limit=20 - ::1","service":"inventory-api","timestamp":"2026-07-06T14:06:37.478Z"}
{"level":"info","message":"GET /api/warehouses?page=1&limit=20 - ::1","service":"inventory-api","timestamp":"2026-07-06T14:06:39.955Z"}
{"level":"info","message":"POST /api/warehouses - ::1","service":"inventory-api","timestamp":"2026-07-06T14:07:18.983Z"}
{"level":"info","message":"GET /api/warehouses?page=1&limit=20 - ::1","service":"inventory-api","timestamp":"2026-07-06T14:07:19.141Z"}
{"level":"info","message":"GET /api/sale-returns?page=1&limit=20 - ::1","service":"inventory-api","timestamp":"2026-07-06T14:07:59.497Z"}
{"level":"info","message":"GET /api/products?page=1&limit=20 - ::1","service":"inventory-api","timestamp":"2026-07-06T14:08:02.648Z"}
{"level":"info","message":"GET /api/categories?page=1&limit=20 - ::1","service":"inventory-api","timestamp":"2026-07-06T14:08:04.083Z"}
{"level":"info","message":"GET /api/categories?limit=1000 - ::1","service":"inventory-api","timestamp":"2026-07-06T14:08:05.663Z"}
{"level":"info","message":"POST /api/categories - ::1","service":"inventory-api","timestamp":"2026-07-06T14:08:12.889Z"}
{"level":"info","message":"POST /api/categories - ::1","service":"inventory-api","timestamp":"2026-07-06T14:09:59.802Z"}
{"level":"info","message":"GET /api/categories?page=1&limit=20 - ::1","service":"inventory-api","timestamp":"2026-07-06T14:09:59.949Z"}
{"level":"info","message":"GET /api/products?page=1&limit=20 - ::1","service":"inventory-api","timestamp":"2026-07-06T14:10:03.253Z"}
{"level":"info","message":"GET /api/categories?limit=1000 - ::1","service":"inventory-api","timestamp":"2026-07-06T14:10:04.976Z"}
{"level":"info","message":"GET /api/units - ::1","service":"inventory-api","timestamp":"2026-07-06T14:10:04.979Z"}
{"level":"info","message":"POST /api/products - ::1","service":"inventory-api","timestamp":"2026-07-06T14:10:53.288Z"}
{"level":"info","message":"GET /api/products?page=1&limit=20 - ::1","service":"inventory-api","timestamp":"2026-07-06T14:10:54.139Z"}
{"level":"info","message":"GET /api/categories?limit=1000 - ::1","service":"inventory-api","timestamp":"2026-07-06T14:10:57.723Z"}
{"level":"info","message":"GET /api/units - ::1","service":"inventory-api","timestamp":"2026-07-06T14:10:57.726Z"}
{"level":"info","message":"POST /api/products - ::1","service":"inventory-api","timestamp":"2026-07-06T14:11:44.104Z"}
{"level":"info","message":"GET /api/products?page=1&limit=20 - ::1","service":"inventory-api","timestamp":"2026-07-06T14:11:44.973Z"}
{"level":"info","message":"GET /api/inventory?page=1&limit=20 - ::1","service":"inventory-api","timestamp":"2026-07-06T14:11:48.570Z"}
{"level":"info","message":"GET /api/warehouses?limit=100 - ::1","service":"inventory-api","timestamp":"2026-07-06T14:11:48.574Z"}
{"level":"info","message":"GET /api/products?limit=1000&is_active=true - ::1","service":"inventory-api","timestamp":"2026-07-06T14:11:48.582Z"}
{"level":"info","message":"POST /api/inventory/stock-in - ::1","service":"inventory-api","timestamp":"2026-07-06T14:12:02.536Z"}
{"level":"info","message":"GET /api/inventory?page=1&limit=20 - ::1","service":"inventory-api","timestamp":"2026-07-06T14:12:02.582Z"}
{"level":"info","message":"POST /api/inventory/stock-in - ::1","service":"inventory-api","timestamp":"2026-07-06T14:12:24.916Z"}
{"level":"info","message":"GET /api/inventory?page=1&limit=20 - ::1","service":"inventory-api","timestamp":"2026-07-06T14:12:24.945Z"}
{"level":"info","message":"GET /api/purchases?page=1&limit=20 - ::1","service":"inventory-api","timestamp":"2026-07-06T14:12:32.119Z"}
{"level":"info","message":"GET /api/inventory?page=1&limit=20 - ::1","service":"inventory-api","timestamp":"2026-07-06T14:12:36.598Z"}
{"level":"info","message":"GET /api/warehouses?limit=100 - ::1","service":"inventory-api","timestamp":"2026-07-06T14:12:36.602Z"}
{"level":"info","message":"GET /api/products?limit=1000&is_active=true - ::1","service":"inventory-api","timestamp":"2026-07-06T14:12:36.604Z"}
{"level":"info","message":"GET /api/sales?page=1&limit=20 - ::1","service":"inventory-api","timestamp":"2026-07-06T14:12:39.814Z"}
{"level":"info","message":"GET /api/customers?limit=1000 - ::1","service":"inventory-api","timestamp":"2026-07-06T14:12:41.133Z"}
{"level":"info","message":"GET /api/products?limit=1000&is_active=true - ::1","service":"inventory-api","timestamp":"2026-07-06T14:12:41.135Z"}
{"level":"info","message":"GET /api/warehouses?limit=1000 - ::1","service":"inventory-api","timestamp":"2026-07-06T14:12:41.137Z"}
{"level":"info","message":"POST /api/sales - ::1","service":"inventory-api","timestamp":"2026-07-06T14:13:20.477Z"}
{"level":"info","message":"GET /api/sales?page=1&limit=20 - ::1","service":"inventory-api","timestamp":"2026-07-06T14:13:20.661Z"}
{"level":"info","message":"PATCH /api/sales/edde6296-48aa-4410-96bf-194e0b7f92c0/payment - ::1","service":"inventory-api","timestamp":"2026-07-06T14:13:40.515Z"}
{"level":"info","message":"GET /api/purchase-returns?page=1&limit=20 - ::1","service":"inventory-api","timestamp":"2026-07-06T14:13:49.114Z"}
{"level":"info","message":"GET /api/purchases?page=1&limit=20 - ::1","service":"inventory-api","timestamp":"2026-07-06T14:13:52.441Z"}
{"level":"info","message":"GET /api/suppliers?limit=1000 - ::1","service":"inventory-api","timestamp":"2026-07-06T14:13:54.328Z"}
{"level":"info","message":"GET /api/warehouses?limit=1000 - ::1","service":"inventory-api","timestamp":"2026-07-06T14:13:54.333Z"}
{"level":"info","message":"GET /api/products?limit=1000&is_active=true - ::1","service":"inventory-api","timestamp":"2026-07-06T14:13:54.344Z"}
{"level":"info","message":"GET /api/suppliers?page=1&limit=20 - ::1","service":"inventory-api","timestamp":"2026-07-06T14:14:02.590Z"}
{"level":"info","message":"Server running on port 3000 in development mode","service":"inventory-api","timestamp":"2026-07-06T14:16:40.464Z"}
{"level":"info","message":"API Docs: http://localhost:3000/api-docs","service":"inventory-api","timestamp":"2026-07-06T14:16:40.471Z"}
{"level":"info","message":"GET /api/suppliers?page=1&limit=20&search=a - ::1","service":"inventory-api","timestamp":"2026-07-06T14:16:44.563Z"}
{"level":"info","message":"GET /api/suppliers?page=1&limit=20 - ::1","service":"inventory-api","timestamp":"2026-07-06T14:16:47.738Z"}
{"level":"info","message":"Server running on port 3000 in development mode","service":"inventory-api","timestamp":"2026-07-06T14:17:21.500Z"}
{"level":"info","message":"API Docs: http://localhost:3000/api-docs","service":"inventory-api","timestamp":"2026-07-06T14:17:21.507Z"}
{"level":"info","message":"GET /api/suppliers?page=1&limit=20&search=a - ::1","service":"inventory-api","timestamp":"2026-07-06T14:17:38.318Z"}
{"level":"info","message":"Server running on port 3000 in development mode","service":"inventory-api","timestamp":"2026-07-06T14:20:00.366Z"}
{"level":"info","message":"API Docs: http://localhost:3000/api-docs","service":"inventory-api","timestamp":"2026-07-06T14:20:00.373Z"}
{"level":"info","message":"GET /api/suppliers?page=1&limit=20 - ::1","service":"inventory-api","timestamp":"2026-07-06T14:20:00.511Z"}
{"level":"info","message":"GET /api/purchases?page=1&limit=20 - ::ffff:127.0.0.1","service":"inventory-api","timestamp":"2026-07-06T14:20:09.971Z"}
{"level":"info","message":"GET /api/suppliers?limit=1000 - ::1","service":"inventory-api","timestamp":"2026-07-06T14:20:13.641Z"}
{"level":"info","message":"GET /api/warehouses?limit=1000 - ::ffff:127.0.0.1","service":"inventory-api","timestamp":"2026-07-06T14:20:13.646Z"}
{"level":"info","message":"GET /api/products?limit=1000&is_active=true - ::1","service":"inventory-api","timestamp":"2026-07-06T14:20:13.654Z"}
{"level":"info","message":"POST /api/purchases - ::1","service":"inventory-api","timestamp":"2026-07-06T14:20:38.418Z"}
{"level":"info","message":"GET /api/purchases?page=1&limit=20 - ::1","service":"inventory-api","timestamp":"2026-07-06T14:20:38.499Z"}
{"level":"info","message":"PATCH /api/purchases/d40e89bf-4448-436d-9a54-5936343b8f3b/status - ::1","service":"inventory-api","timestamp":"2026-07-06T14:20:41.607Z"}
{"level":"info","message":"PATCH /api/purchases/d40e89bf-4448-436d-9a54-5936343b8f3b/payment - ::1","service":"inventory-api","timestamp":"2026-07-06T14:20:53.233Z"}
{"level":"info","message":"GET /api/purchases/d40e89bf-4448-436d-9a54-5936343b8f3b - ::1","service":"inventory-api","timestamp":"2026-07-06T14:20:58.864Z"}
{"level":"info","message":"GET /api/purchases?page=1&limit=20 - ::1","service":"inventory-api","timestamp":"2026-07-06T14:21:06.208Z"}
{"level":"info","message":"GET /api/purchases/d40e89bf-4448-436d-9a54-5936343b8f3b/pdf - ::1","service":"inventory-api","timestamp":"2026-07-06T14:21:11.773Z"}
{"code":"ERR_STREAM_WRITE_AFTER_END","level":"error","message":"Uncaught Exception: write after end","service":"inventory-api","stack":"Error [ERR_STREAM_WRITE_AFTER_END]: write after end\n    at write_ (node:_http_outgoing:958:11)\n    at ServerResponse.write (node:_http_outgoing:907:15)\n    at ServerResponse.write (E:\\Projects\\EMS\\Source\\API\\node_modules\\compression\\index.js:110:18)\n    at PDFDocument.ondata (node:internal/streams/readable:1009:22)\n    at PDFDocument.emit (node:events:519:28)\n    at Readable.read (node:internal/streams/readable:782:10)\n    at flow (node:internal/streams/readable:1283:53)\n    at resume_ (node:internal/streams/readable:1262:3)\n    at process.processTicksAndRejections (node:internal/process/task_queues:89:21)","timestamp":"2026-07-06T14:21:17.776Z"}
{"level":"info","message":"Server running on port 3000 in development mode","service":"inventory-api","timestamp":"2026-07-06T14:21:45.935Z"}
{"level":"info","message":"API Docs: http://localhost:3000/api-docs","service":"inventory-api","timestamp":"2026-07-06T14:21:45.942Z"}
{"level":"info","message":"GET /api/purchases?page=1&limit=20&status=pending - ::1","service":"inventory-api","timestamp":"2026-07-06T14:21:51.134Z"}
{"level":"info","message":"GET /api/purchases?page=1&limit=20 - ::1","service":"inventory-api","timestamp":"2026-07-06T14:21:53.853Z"}
{"level":"info","message":"PATCH /api/purchases/d40e89bf-4448-436d-9a54-5936343b8f3b/payment - ::1","service":"inventory-api","timestamp":"2026-07-06T14:22:11.400Z"}
{"level":"info","message":"GET /api/purchases/d40e89bf-4448-436d-9a54-5936343b8f3b - ::1","service":"inventory-api","timestamp":"2026-07-06T14:22:19.352Z"}
{"level":"info","message":"GET /api/purchases?page=1&limit=20 - ::1","service":"inventory-api","timestamp":"2026-07-06T14:22:32.989Z"}
{"level":"info","message":"GET /api/purchases/d40e89bf-4448-436d-9a54-5936343b8f3b/pdf - ::1","service":"inventory-api","timestamp":"2026-07-06T14:22:34.979Z"}
{"code":"ERR_STREAM_WRITE_AFTER_END","level":"error","message":"Uncaught Exception: write after end","service":"inventory-api","stack":"Error [ERR_STREAM_WRITE_AFTER_END]: write after end\n    at write_ (node:_http_outgoing:958:11)\n    at ServerResponse.write (node:_http_outgoing:907:15)\n    at ServerResponse.write (E:\\Projects\\EMS\\Source\\API\\node_modules\\compression\\index.js:110:18)\n    at PDFDocument.ondata (node:internal/streams/readable:1009:22)\n    at PDFDocument.emit (node:events:519:28)\n    at Readable.read (node:internal/streams/readable:782:10)\n    at flow (node:internal/streams/readable:1283:53)\n    at resume_ (node:internal/streams/readable:1262:3)\n    at process.processTicksAndRejections (node:internal/process/task_queues:89:21)","timestamp":"2026-07-06T14:22:36.257Z"}
{"level":"info","message":"Server running on port 3000 in development mode","service":"inventory-api","timestamp":"2026-07-06T14:22:51.776Z"}
{"level":"info","message":"API Docs: http://localhost:3000/api-docs","service":"inventory-api","timestamp":"2026-07-06T14:22:51.784Z"}
{"level":"info","message":"GET /api/purchase-returns?page=1&limit=20 - ::1","service":"inventory-api","timestamp":"2026-07-06T14:22:56.406Z"}
{"level":"info","message":"GET /api/purchases?limit=200&status=received - ::1","service":"inventory-api","timestamp":"2026-07-06T14:22:58.332Z"}
{"level":"info","message":"GET /api/purchases/d40e89bf-4448-436d-9a54-5936343b8f3b - ::1","service":"inventory-api","timestamp":"2026-07-06T14:23:02.028Z"}
{"level":"info","message":"POST /api/purchase-returns - ::1","service":"inventory-api","timestamp":"2026-07-06T14:23:11.296Z"}
{"level":"info","message":"GET /api/dashboard - ::1","service":"inventory-api","timestamp":"2026-07-06T14:23:30.800Z"}
{"level":"info","message":"GET /api/sales?page=1&limit=20 - ::1","service":"inventory-api","timestamp":"2026-07-06T14:23:44.133Z"}
{"level":"info","message":"GET /api/customers?limit=1000 - ::1","service":"inventory-api","timestamp":"2026-07-06T14:23:45.890Z"}
{"level":"info","message":"GET /api/warehouses?limit=1000 - ::1","service":"inventory-api","timestamp":"2026-07-06T14:23:45.894Z"}
{"level":"info","message":"GET /api/products?limit=1000&is_active=true - ::1","service":"inventory-api","timestamp":"2026-07-06T14:23:45.899Z"}
{"level":"info","message":"POST /api/sales - ::1","service":"inventory-api","timestamp":"2026-07-06T14:23:59.490Z"}
{"level":"info","message":"GET /api/sales?page=1&limit=20 - ::1","service":"inventory-api","timestamp":"2026-07-06T14:23:59.584Z"}
{"level":"info","message":"GET /api/dashboard - ::1","service":"inventory-api","timestamp":"2026-07-06T14:24:06.384Z"}
{"level":"info","message":"GET /api/inventory/transactions?page=1&limit=20 - ::1","service":"inventory-api","timestamp":"2026-07-06T14:24:48.482Z"}
{"level":"info","message":"GET /api/inventory?page=1&limit=20 - ::1","service":"inventory-api","timestamp":"2026-07-06T14:25:05.494Z"}
{"level":"info","message":"GET /api/warehouses?limit=100 - ::1","service":"inventory-api","timestamp":"2026-07-06T14:25:05.497Z"}
{"level":"info","message":"GET /api/products?limit=1000&is_active=true - ::1","service":"inventory-api","timestamp":"2026-07-06T14:25:05.500Z"}
{"level":"info","message":"GET /api/inventory/transactions?page=1&limit=20 - ::1","service":"inventory-api","timestamp":"2026-07-06T14:25:09.422Z"}
{"level":"info","message":"GET /api/inventory?page=1&limit=20 - ::1","service":"inventory-api","timestamp":"2026-07-06T14:25:10.907Z"}
{"level":"info","message":"GET /api/warehouses?limit=100 - ::1","service":"inventory-api","timestamp":"2026-07-06T14:25:10.911Z"}
{"level":"info","message":"GET /api/products?limit=1000&is_active=true - ::1","service":"inventory-api","timestamp":"2026-07-06T14:25:10.913Z"}
{"level":"info","message":"GET /api/reports/inventory - ::1","service":"inventory-api","timestamp":"2026-07-06T14:25:19.549Z"}
{"level":"info","message":"GET /api/reports/inventory?format=excel - ::1","service":"inventory-api","timestamp":"2026-07-06T14:25:28.025Z"}
{"level":"info","message":"GET /favicon.ico - ::1","service":"inventory-api","timestamp":"2026-07-06T14:25:28.189Z"}
{"level":"info","message":"GET /api/roles?page=1&limit=20 - ::1","service":"inventory-api","timestamp":"2026-07-06T14:25:34.780Z"}
{"level":"info","message":"GET /api/audit-logs?page=1&limit=20 - ::1","service":"inventory-api","timestamp":"2026-07-06T14:25:42.199Z"}
{"level":"info","message":"POST /api/auth/logout - ::1","service":"inventory-api","timestamp":"2026-07-06T14:25:51.591Z"}
{"level":"info","message":"POST /api/auth/login - ::1","service":"inventory-api","timestamp":"2026-07-06T14:25:56.061Z"}
{"level":"info","message":"GET /api/permissions/my-permissions - ::1","service":"inventory-api","timestamp":"2026-07-06T14:25:56.360Z"}
{"level":"info","message":"GET /api/dashboard - ::1","service":"inventory-api","timestamp":"2026-07-06T14:25:56.391Z"}
{"level":"info","message":"GET /api/users?page=1&limit=20 - ::1","service":"inventory-api","timestamp":"2026-07-06T14:26:03.513Z"}
{"level":"info","message":"GET /api/users/roles - ::1","service":"inventory-api","timestamp":"2026-07-06T14:26:13.581Z"}
{"level":"info","message":"GET /api/users/192d61de-3481-48e3-9e29-f858cf53720d - ::1","service":"inventory-api","timestamp":"2026-07-06T14:26:13.587Z"}
{"level":"info","message":"PUT /api/users/192d61de-3481-48e3-9e29-f858cf53720d - ::1","service":"inventory-api","timestamp":"2026-07-06T14:26:18.356Z"}
{"level":"info","message":"GET /api/users?page=1&limit=20 - ::1","service":"inventory-api","timestamp":"2026-07-06T14:26:18.412Z"}
{"level":"info","message":"POST /api/auth/logout - ::1","service":"inventory-api","timestamp":"2026-07-06T14:26:29.136Z"}
{"level":"info","message":"POST /api/auth/login - ::1","service":"inventory-api","timestamp":"2026-07-06T14:26:38.765Z"}
{"level":"info","message":"GET /api/permissions/my-permissions - ::1","service":"inventory-api","timestamp":"2026-07-06T14:26:39.012Z"}
{"level":"info","message":"GET /api/dashboard - ::1","service":"inventory-api","timestamp":"2026-07-06T14:26:39.030Z"}
{"level":"info","message":"GET /api/products?page=1&limit=20 - ::1","service":"inventory-api","timestamp":"2026-07-06T14:26:42.108Z"}
{"level":"info","message":"GET /api/categories?page=1&limit=20 - ::1","service":"inventory-api","timestamp":"2026-07-06T14:26:43.818Z"}
{"level":"info","message":"GET /api/inventory?page=1&limit=20 - ::1","service":"inventory-api","timestamp":"2026-07-06T14:26:45.175Z"}
{"level":"info","message":"GET /api/warehouses?limit=100 - ::1","service":"inventory-api","timestamp":"2026-07-06T14:26:45.177Z"}
{"level":"info","message":"GET /api/products?limit=1000&is_active=true - ::1","service":"inventory-api","timestamp":"2026-07-06T14:26:45.180Z"}
{"level":"info","message":"GET /api/purchases?page=1&limit=20 - ::1","service":"inventory-api","timestamp":"2026-07-06T14:26:48.404Z"}
{"level":"info","message":"GET /api/purchase-returns?page=1&limit=20 - ::1","service":"inventory-api","timestamp":"2026-07-06T14:26:50.494Z"}
{"level":"info","message":"GET /api/sales?page=1&limit=20 - ::1","service":"inventory-api","timestamp":"2026-07-06T14:26:51.602Z"}
{"level":"info","message":"GET /api/suppliers?page=1&limit=20 - ::1","service":"inventory-api","timestamp":"2026-07-06T14:26:53.341Z"}
{"level":"info","message":"GET /api/customers?page=1&limit=20 - ::1","service":"inventory-api","timestamp":"2026-07-06T14:26:54.320Z"}
{"level":"info","message":"GET /api/warehouses?page=1&limit=20 - ::1","service":"inventory-api","timestamp":"2026-07-06T14:26:54.970Z"}
{"level":"info","message":"GET /api/roles?page=1&limit=20 - ::1","service":"inventory-api","timestamp":"2026-07-06T14:27:00.941Z"}
{"level":"info","message":"GET /api/users?page=1&limit=20 - ::1","service":"inventory-api","timestamp":"2026-07-06T14:27:01.987Z"}
{"level":"info","message":"GET /api/inventory?page=1&limit=20 - ::1","service":"inventory-api","timestamp":"2026-07-06T14:27:06.847Z"}
{"level":"info","message":"GET /api/warehouses?limit=100 - ::1","service":"inventory-api","timestamp":"2026-07-06T14:27:06.852Z"}
{"level":"info","message":"GET /api/products?limit=1000&is_active=true - ::1","service":"inventory-api","timestamp":"2026-07-06T14:27:06.854Z"}
{"level":"info","message":"GET /api/purchases?page=1&limit=20 - ::1","service":"inventory-api","timestamp":"2026-07-06T14:27:07.910Z"}
{"level":"info","message":"GET /api/purchase-returns?page=1&limit=20 - ::1","service":"inventory-api","timestamp":"2026-07-06T14:27:08.705Z"}
{"level":"info","message":"GET /api/sales?page=1&limit=20 - ::1","service":"inventory-api","timestamp":"2026-07-06T14:27:09.751Z"}
{"level":"info","message":"GET /api/sale-returns?page=1&limit=20 - ::1","service":"inventory-api","timestamp":"2026-07-06T14:27:10.400Z"}
{"level":"info","message":"Server running on port 3000 in development mode","service":"inventory-api","timestamp":"2026-07-07T03:34:49.455Z"}
{"level":"info","message":"API Docs: http://localhost:3000/api-docs","service":"inventory-api","timestamp":"2026-07-07T03:34:49.466Z"}
{"level":"info","message":"POST /api/auth/login - ::1","service":"inventory-api","timestamp":"2026-07-07T03:36:50.394Z"}
{"level":"info","message":"GET /api/permissions/my-permissions - ::1","service":"inventory-api","timestamp":"2026-07-07T03:36:51.684Z"}
{"level":"info","message":"GET /api/dashboard - ::1","service":"inventory-api","timestamp":"2026-07-07T03:36:51.919Z"}
{"level":"info","message":"GET /api/inventory?page=1&limit=20 - ::1","service":"inventory-api","timestamp":"2026-07-07T03:36:56.803Z"}
{"level":"info","message":"GET /api/warehouses?limit=100 - ::1","service":"inventory-api","timestamp":"2026-07-07T03:36:56.808Z"}
{"level":"info","message":"GET /api/products?limit=1000&is_active=true - ::1","service":"inventory-api","timestamp":"2026-07-07T03:36:56.816Z"}
{"level":"info","message":"GET /api/purchases?page=1&limit=20 - ::1","service":"inventory-api","timestamp":"2026-07-07T03:36:58.464Z"}
{"level":"info","message":"GET /api/purchase-returns?page=1&limit=20 - ::1","service":"inventory-api","timestamp":"2026-07-07T03:37:00.014Z"}
{"level":"info","message":"GET /api/purchases?page=1&limit=20 - ::1","service":"inventory-api","timestamp":"2026-07-07T03:37:05.760Z"}
{"level":"info","message":"GET /api/purchase-returns?page=1&limit=20 - ::1","service":"inventory-api","timestamp":"2026-07-07T03:37:07.129Z"}
{"level":"info","message":"GET /api/sales?page=1&limit=20 - ::1","service":"inventory-api","timestamp":"2026-07-07T03:37:07.717Z"}
{"level":"info","message":"GET /api/sale-returns?page=1&limit=20 - ::1","service":"inventory-api","timestamp":"2026-07-07T03:37:08.385Z"}
{"level":"info","message":"GET /api/suppliers?page=1&limit=20 - ::1","service":"inventory-api","timestamp":"2026-07-07T03:37:11.501Z"}
{"level":"info","message":"GET /api/purchase-returns?page=1&limit=20 - ::1","service":"inventory-api","timestamp":"2026-07-07T03:37:12.711Z"}
{"level":"info","message":"GET /api/purchases?page=1&limit=20 - ::1","service":"inventory-api","timestamp":"2026-07-07T03:37:13.194Z"}
{"level":"info","message":"Server running on port 3000 in development mode","service":"inventory-api","timestamp":"2026-07-07T03:41:05.459Z"}
{"level":"info","message":"API Docs: http://localhost:3000/api-docs","service":"inventory-api","timestamp":"2026-07-07T03:41:05.466Z"}
{"level":"info","message":"GET /api/warehouses?limit=100 - ::1","service":"inventory-api","timestamp":"2026-07-07T03:41:05.588Z"}
{"level":"info","message":"GET /api/purchases?page=1&limit=20 - ::1","service":"inventory-api","timestamp":"2026-07-07T03:41:05.631Z"}
{"level":"info","message":"GET /api/products?limit=1000&is_active=true - ::1","service":"inventory-api","timestamp":"2026-07-07T03:41:05.637Z"}
{"level":"info","message":"GET /api/sales?page=1&limit=20 - ::1","service":"inventory-api","timestamp":"2026-07-07T03:41:05.749Z"}
{"level":"info","message":"GET /api/sale-returns?page=1&limit=20 - ::1","service":"inventory-api","timestamp":"2026-07-07T03:41:06.074Z"}
{"level":"info","message":"GET /api/suppliers?page=1&limit=20 - ::1","service":"inventory-api","timestamp":"2026-07-07T03:41:06.635Z"}
{"level":"info","message":"GET /api/customers?page=1&limit=20 - ::1","service":"inventory-api","timestamp":"2026-07-07T03:41:07.152Z"}
{"level":"info","message":"GET /api/warehouses?page=1&limit=20 - ::1","service":"inventory-api","timestamp":"2026-07-07T03:41:07.753Z"}
{"level":"info","message":"GET /api/products?page=1&limit=20 - ::1","service":"inventory-api","timestamp":"2026-07-07T03:41:12.053Z"}
{"level":"info","message":"GET /api/categories?page=1&limit=20 - ::1","service":"inventory-api","timestamp":"2026-07-07T03:41:13.265Z"}
{"level":"info","message":"GET /api/dashboard - ::1","service":"inventory-api","timestamp":"2026-07-07T03:41:14.277Z"}
{"level":"info","message":"Server running on port 3000 in development mode","service":"inventory-api","timestamp":"2026-07-07T03:42:46.136Z"}
{"level":"info","message":"API Docs: http://localhost:3000/api-docs","service":"inventory-api","timestamp":"2026-07-07T03:42:46.144Z"}
{"level":"info","message":"GET /api/products?page=1&limit=20 - ::ffff:127.0.0.1","service":"inventory-api","timestamp":"2026-07-07T03:42:46.216Z"}
{"level":"info","message":"GET /api/dashboard - ::ffff:127.0.0.1","service":"inventory-api","timestamp":"2026-07-07T03:42:48.750Z"}
{"level":"info","message":"Server running on port 3000 in development mode","service":"inventory-api","timestamp":"2026-07-07T03:43:19.191Z"}
{"level":"info","message":"API Docs: http://localhost:3000/api-docs","service":"inventory-api","timestamp":"2026-07-07T03:43:19.198Z"}
{"level":"info","message":"GET /api/products?page=1&limit=20 - ::1","service":"inventory-api","timestamp":"2026-07-07T03:43:22.154Z"}
{"level":"info","message":"GET /api/dashboard - ::1","service":"inventory-api","timestamp":"2026-07-07T03:43:22.746Z"}
{"level":"info","message":"POST /api/auth/logout - ::1","service":"inventory-api","timestamp":"2026-07-07T03:43:27.160Z"}
{"level":"info","message":"POST /api/auth/login - ::1","service":"inventory-api","timestamp":"2026-07-07T03:43:31.053Z"}
{"level":"info","message":"GET /api/permissions/my-permissions - ::1","service":"inventory-api","timestamp":"2026-07-07T03:43:31.307Z"}
{"level":"info","message":"GET /api/dashboard - ::1","service":"inventory-api","timestamp":"2026-07-07T03:43:31.356Z"}
{"level":"info","message":"GET /api/permissions/my-permissions - ::1","service":"inventory-api","timestamp":"2026-07-07T05:42:11.952Z"}
{"level":"info","message":"GET /api/dashboard - ::1","service":"inventory-api","timestamp":"2026-07-07T05:42:12.023Z"}
{"level":"info","message":"GET /api/users?page=1&limit=20 - ::1","service":"inventory-api","timestamp":"2026-07-07T05:42:18.536Z"}
{"level":"info","message":"POST /api/auth/logout - ::1","service":"inventory-api","timestamp":"2026-07-07T05:42:26.105Z"}
{"level":"info","message":"POST /api/auth/login - ::1","service":"inventory-api","timestamp":"2026-07-07T05:42:31.342Z"}
{"level":"info","message":"POST /api/auth/login - ::1","service":"inventory-api","timestamp":"2026-07-07T05:42:37.513Z"}
{"level":"info","message":"POST /api/auth/login - ::1","service":"inventory-api","timestamp":"2026-07-07T05:42:42.747Z"}
{"level":"info","message":"POST /api/auth/login - ::1","service":"inventory-api","timestamp":"2026-07-07T05:42:52.605Z"}
{"level":"info","message":"POST /api/auth/login - ::1","service":"inventory-api","timestamp":"2026-07-07T05:42:55.984Z"}
{"level":"info","message":"GET /api/permissions/my-permissions - ::1","service":"inventory-api","timestamp":"2026-07-07T05:42:56.698Z"}
{"level":"info","message":"GET /api/dashboard - ::1","service":"inventory-api","timestamp":"2026-07-07T05:42:56.720Z"}
{"level":"info","message":"GET /api/products?page=1&limit=20 - ::1","service":"inventory-api","timestamp":"2026-07-07T05:43:13.519Z"}
{"level":"info","message":"GET /api/categories?page=1&limit=20 - ::1","service":"inventory-api","timestamp":"2026-07-07T05:43:15.559Z"}
{"level":"info","message":"GET /api/inventory?page=1&limit=20 - ::1","service":"inventory-api","timestamp":"2026-07-07T05:43:18.105Z"}
{"level":"info","message":"GET /api/warehouses?limit=100 - ::1","service":"inventory-api","timestamp":"2026-07-07T05:43:18.109Z"}
{"level":"info","message":"GET /api/products?limit=1000&is_active=true - ::1","service":"inventory-api","timestamp":"2026-07-07T05:43:18.112Z"}
{"level":"info","message":"GET /api/purchases?page=1&limit=20 - ::1","service":"inventory-api","timestamp":"2026-07-07T05:43:19.309Z"}
{"level":"info","message":"GET /api/purchase-returns?page=1&limit=20 - ::1","service":"inventory-api","timestamp":"2026-07-07T05:43:25.610Z"}
{"level":"info","message":"GET /api/suppliers?page=1&limit=20 - ::1","service":"inventory-api","timestamp":"2026-07-07T05:43:26.476Z"}
{"level":"info","message":"GET /api/warehouses?page=1&limit=20 - ::1","service":"inventory-api","timestamp":"2026-07-07T05:43:27.101Z"}
{"level":"info","message":"GET /api/dashboard - ::1","service":"inventory-api","timestamp":"2026-07-07T05:43:27.845Z"}
{"level":"info","message":"GET /api/warehouses?page=1&limit=20 - ::1","service":"inventory-api","timestamp":"2026-07-07T05:43:32.795Z"}
{"level":"info","message":"Server running on port 3000 in development mode","service":"inventory-api","timestamp":"2026-07-07T06:09:02.994Z"}
{"level":"info","message":"API Docs: http://localhost:3000/api-docs","service":"inventory-api","timestamp":"2026-07-07T06:09:03.005Z"}
{"level":"info","message":"GET /api/products?page=1&limit=20 - ::1","service":"inventory-api","timestamp":"2026-07-07T06:09:05.943Z"}
{"level":"info","message":"GET /api/dashboard - ::1","service":"inventory-api","timestamp":"2026-07-07T06:09:07.478Z"}
{"level":"info","message":"GET /api/suppliers?page=1&limit=20 - ::1","service":"inventory-api","timestamp":"2026-07-07T06:09:15.908Z"}
{"level":"info","message":"GET /api/warehouses?page=1&limit=20 - ::1","service":"inventory-api","timestamp":"2026-07-07T06:09:17.249Z"}
{"level":"info","message":"GET /api/suppliers?page=1&limit=20 - ::1","service":"inventory-api","timestamp":"2026-07-07T06:10:01.865Z"}
{"level":"info","message":"GET /api/warehouses?page=1&limit=20 - ::1","service":"inventory-api","timestamp":"2026-07-07T06:10:02.808Z"}
{"level":"info","message":"GET /api/products?page=1&limit=20 - ::1","service":"inventory-api","timestamp":"2026-07-07T06:10:17.779Z"}
{"level":"info","message":"GET /api/warehouses?page=1&limit=20 - ::1","service":"inventory-api","timestamp":"2026-07-07T06:10:23.201Z"}
{"level":"info","message":"Server running on port 3000 in development mode","service":"inventory-api","timestamp":"2026-07-07T06:10:51.140Z"}
{"level":"info","message":"API Docs: http://localhost:3000/api-docs","service":"inventory-api","timestamp":"2026-07-07T06:10:51.147Z"}
{"level":"info","message":"GET /api/suppliers?page=1&limit=20 - ::1","service":"inventory-api","timestamp":"2026-07-07T06:10:56.213Z"}
{"level":"info","message":"GET /api/warehouses?page=1&limit=20 - ::1","service":"inventory-api","timestamp":"2026-07-07T06:10:57.207Z"}
{"level":"info","message":"Server running on port 3000 in development mode","service":"inventory-api","timestamp":"2026-07-07T06:11:57.283Z"}
{"level":"info","message":"API Docs: http://localhost:3000/api-docs","service":"inventory-api","timestamp":"2026-07-07T06:11:57.297Z"}
{"level":"info","message":"GET /api/suppliers?page=1&limit=20 - ::1","service":"inventory-api","timestamp":"2026-07-07T06:11:58.200Z"}
{"level":"info","message":"GET /api/warehouses?page=1&limit=20 - ::1","service":"inventory-api","timestamp":"2026-07-07T06:11:58.949Z"}
{"level":"info","message":"Server running on port 3000 in development mode","service":"inventory-api","timestamp":"2026-07-07T06:16:00.855Z"}
{"level":"info","message":"API Docs: http://localhost:3000/api-docs","service":"inventory-api","timestamp":"2026-07-07T06:16:00.863Z"}
{"level":"info","message":"GET /api/suppliers?page=1&limit=20 - ::1","service":"inventory-api","timestamp":"2026-07-07T06:16:04.401Z"}
{"level":"info","message":"GET /api/warehouses?page=1&limit=20 - ::1","service":"inventory-api","timestamp":"2026-07-07T06:16:06.190Z"}
{"level":"info","message":"GET /api/purchases?page=1&limit=20 - ::1","service":"inventory-api","timestamp":"2026-07-07T06:16:15.031Z"}
{"level":"info","message":"GET /api/purchase-returns?page=1&limit=20 - ::1","service":"inventory-api","timestamp":"2026-07-07T06:16:18.961Z"}
{"level":"info","message":"GET /api/purchases?page=1&limit=20 - ::1","service":"inventory-api","timestamp":"2026-07-07T06:16:19.876Z"}
{"level":"info","message":"GET /api/inventory?page=1&limit=20 - ::1","service":"inventory-api","timestamp":"2026-07-07T06:16:20.306Z"}
{"level":"info","message":"GET /api/warehouses?limit=100 - ::1","service":"inventory-api","timestamp":"2026-07-07T06:16:20.311Z"}
{"level":"info","message":"GET /api/products?limit=1000&is_active=true - ::1","service":"inventory-api","timestamp":"2026-07-07T06:16:20.317Z"}
{"level":"info","message":"GET /api/purchases?page=1&limit=20 - ::1","service":"inventory-api","timestamp":"2026-07-07T06:16:21.562Z"}
{"level":"info","message":"Server running on port 3000 in development mode","service":"inventory-api","timestamp":"2026-07-07T06:17:41.951Z"}
{"level":"info","message":"API Docs: http://localhost:3000/api-docs","service":"inventory-api","timestamp":"2026-07-07T06:17:41.961Z"}
{"level":"info","message":"GET /api/warehouses?limit=100 - ::1","service":"inventory-api","timestamp":"2026-07-07T06:17:45.327Z"}
{"level":"info","message":"GET /api/inventory?page=1&limit=20 - ::1","service":"inventory-api","timestamp":"2026-07-07T06:17:45.366Z"}
{"level":"info","message":"GET /api/products?limit=1000&is_active=true - ::1","service":"inventory-api","timestamp":"2026-07-07T06:17:45.379Z"}
{"level":"info","message":"GET /api/purchases?page=1&limit=20 - ::1","service":"inventory-api","timestamp":"2026-07-07T06:17:46.448Z"}
{"level":"info","message":"GET /api/purchase-returns?page=1&limit=20 - ::1","service":"inventory-api","timestamp":"2026-07-07T06:17:50.673Z"}
{"level":"info","message":"GET /api/purchases?page=1&limit=20 - ::1","service":"inventory-api","timestamp":"2026-07-07T06:17:51.478Z"}
{"level":"info","message":"Server running on port 3000 in development mode","service":"inventory-api","timestamp":"2026-07-07T06:18:49.633Z"}
{"level":"info","message":"API Docs: http://localhost:3000/api-docs","service":"inventory-api","timestamp":"2026-07-07T06:18:49.682Z"}
{"level":"info","message":"GET /api/inventory?page=1&limit=20 - ::1","service":"inventory-api","timestamp":"2026-07-07T06:18:57.058Z"}
{"level":"info","message":"GET /api/warehouses?limit=100 - ::1","service":"inventory-api","timestamp":"2026-07-07T06:18:57.132Z"}
{"level":"info","message":"GET /api/products?limit=1000&is_active=true - ::1","service":"inventory-api","timestamp":"2026-07-07T06:18:57.143Z"}
{"level":"info","message":"GET /api/purchases?page=1&limit=20 - ::1","service":"inventory-api","timestamp":"2026-07-07T06:18:57.934Z"}
{"level":"info","message":"Server running on port 3000 in development mode","service":"inventory-api","timestamp":"2026-07-07T06:21:11.424Z"}
{"level":"info","message":"API Docs: http://localhost:3000/api-docs","service":"inventory-api","timestamp":"2026-07-07T06:21:11.433Z"}
{"level":"info","message":"GET /api/inventory?page=1&limit=20 - ::1","service":"inventory-api","timestamp":"2026-07-07T06:21:13.483Z"}
{"level":"info","message":"GET /api/products?limit=1000&is_active=true - ::1","service":"inventory-api","timestamp":"2026-07-07T06:21:13.559Z"}
{"level":"info","message":"GET /api/warehouses?limit=100 - ::1","service":"inventory-api","timestamp":"2026-07-07T06:21:13.570Z"}
{"level":"info","message":"GET /api/purchases?page=1&limit=20 - ::1","service":"inventory-api","timestamp":"2026-07-07T06:21:15.151Z"}
{"level":"info","message":"Server running on port 3000 in development mode","service":"inventory-api","timestamp":"2026-07-07T06:21:56.464Z"}
{"level":"info","message":"API Docs: http://localhost:3000/api-docs","service":"inventory-api","timestamp":"2026-07-07T06:21:56.471Z"}
{"level":"info","message":"GET /api/inventory?page=1&limit=20 - ::1","service":"inventory-api","timestamp":"2026-07-07T06:22:01.589Z"}
{"level":"info","message":"GET /api/warehouses?limit=100 - ::1","service":"inventory-api","timestamp":"2026-07-07T06:22:01.657Z"}
{"level":"info","message":"GET /api/products?limit=1000&is_active=true - ::1","service":"inventory-api","timestamp":"2026-07-07T06:22:01.668Z"}
{"level":"info","message":"GET /api/purchases?page=1&limit=20 - ::1","service":"inventory-api","timestamp":"2026-07-07T06:22:02.173Z"}
{"level":"info","message":"Server running on port 3000 in development mode","service":"inventory-api","timestamp":"2026-07-07T06:22:36.110Z"}
{"level":"info","message":"API Docs: http://localhost:3000/api-docs","service":"inventory-api","timestamp":"2026-07-07T06:22:36.126Z"}
{"level":"info","message":"GET /api/inventory?page=1&limit=20 - ::1","service":"inventory-api","timestamp":"2026-07-07T06:22:36.682Z"}
{"level":"info","message":"GET /api/warehouses?limit=100 - ::1","service":"inventory-api","timestamp":"2026-07-07T06:22:36.748Z"}
{"level":"info","message":"GET /api/products?limit=1000&is_active=true - ::1","service":"inventory-api","timestamp":"2026-07-07T06:22:36.764Z"}
{"level":"info","message":"GET /api/purchases?page=1&limit=20 - ::1","service":"inventory-api","timestamp":"2026-07-07T06:22:37.821Z"}
{"level":"info","message":"GET /api/purchase-returns?page=1&limit=20 - ::1","service":"inventory-api","timestamp":"2026-07-07T06:23:10.969Z"}
{"level":"info","message":"GET /api/suppliers?page=1&limit=20 - ::1","service":"inventory-api","timestamp":"2026-07-07T06:23:15.125Z"}
{"level":"info","message":"GET /api/purchases?page=1&limit=20 - ::1","service":"inventory-api","timestamp":"2026-07-07T06:23:17.557Z"}
{"level":"info","message":"GET /api/products?page=1&limit=20 - ::1","service":"inventory-api","timestamp":"2026-07-07T06:23:19.957Z"}
{"level":"info","message":"GET /api/categories?page=1&limit=20 - ::1","service":"inventory-api","timestamp":"2026-07-07T06:23:21.871Z"}
{"level":"info","message":"GET /api/inventory?page=1&limit=20 - ::1","service":"inventory-api","timestamp":"2026-07-07T06:23:24.804Z"}
{"level":"info","message":"GET /api/warehouses?limit=100 - ::1","service":"inventory-api","timestamp":"2026-07-07T06:23:24.807Z"}
{"level":"info","message":"GET /api/products?limit=1000&is_active=true - ::1","service":"inventory-api","timestamp":"2026-07-07T06:23:24.811Z"}
{"level":"info","message":"GET /api/categories?page=1&limit=20 - ::1","service":"inventory-api","timestamp":"2026-07-07T06:23:25.780Z"}
{"level":"info","message":"GET /api/categories?limit=1000 - ::1","service":"inventory-api","timestamp":"2026-07-07T06:23:27.042Z"}
{"level":"info","message":"POST /api/categories - ::1","service":"inventory-api","timestamp":"2026-07-07T06:23:37.042Z"}
{"level":"info","message":"Server running on port 3000 in development mode","service":"inventory-api","timestamp":"2026-07-07T06:24:21.139Z"}
{"level":"info","message":"API Docs: http://localhost:3000/api-docs","service":"inventory-api","timestamp":"2026-07-07T06:24:21.146Z"}
{"level":"info","message":"POST /api/categories - ::1","service":"inventory-api","timestamp":"2026-07-07T06:24:29.776Z"}
{"level":"info","message":"GET /api/dashboard - ::1","service":"inventory-api","timestamp":"2026-07-07T06:26:46.661Z"}
